LEDGER_NAME,PAGEBREAK_SEGMENT_VALUE,PAGEBREAK_SEGMENT_DESC,ADDITIONAL_SEGMENT_VALUE,ADDITIONAL_SEGMENT_DESC,ACCT,ACCT_DESC,ACCT_TYPE,NATURAL_ACCT_SEGMENT_VALUE,NATURAL_ACCT_SEGMENT_DESC,BEGIN_BALANCE,TOTAL_DR,TOTAL_CR,END_BALANCE,DATA_ACCESS_SET_NAME,LEDGER_NAME_PARAM,P_AMOUNT_TYPE,ACCOUNTING_PERIOD_PARAM,LEDGER_CURRENCY_PARAM,P_CURRENCY_TYPE,CURRENCY_TYPE_PARAM,ENTERED_CURRENCY_PARAM,RESULTING_CURRENCY,SUMMARIZE_BY_PARAM,BATCH_TYPE_PARAM,ENCUMBRANCE_TYPE_PARAM,FILTER_CONDITIONS_ATT,FILTER_CONDITIONS_OPT,REPT_EXECUTION_DATE,PAGEBREAK_SEGMENT_NAME,ADDL_SEGMENT_NAME,NAT_ACCT_SEGMENT_NAME,ENCUMBRANCE_ACCOUNTING_FLAG
Karandaaz PK,11,Karandaaz,0,None,,,A,B121001,Karandaaz Pakistan - UBL (218293641),0,0,0,0,Karandaaz PK,Karandaaz PK,Period to date balance type.,Jul-26,PKR,T,Total,,PKR,Natural Account and Additional Segment,Actual,,,,2026-08-20T10:18:09+00:00,Company,Programmes,Natural Account,N
Karandaaz PK,11,Karandaaz,0,None,,,A,B121002,Karandaaz Pakistan - UBL USD FCY (218293528),0,0,0,0,Karandaaz PK,Karandaaz PK,Period to date balance type.,Jul-26,PKR,T,Total,,PKR,Natural Account and Additional Segment,Actual,,,,2026-08-20T10:18:09+00:00,Company,Programmes,Natural Account,N
Karandaaz PK,11,Karandaaz,0,None,,,A,B121005,Karandaaz Pakistan DFID - UBL (231422923),-4.80E+08,0,0,-4.80E+08,Karandaaz PK,Karandaaz PK,Period to date balance type.,Jul-26,PKR,T,Total,,PKR,Natural Account and Additional Segment,Actual,,,,2026-08-20T10:18:09+00:00,Company,Programmes,Natural Account,N
Karandaaz PK,11,Karandaaz,0,None,,,A,B121006,Karandaaz Pakistan BMGF - UBL (231422152),-696,0,0,-696,Karandaaz PK,Karandaaz PK,Period to date balance type.,Jul-26,PKR,T,Total,,PKR,Natural Account and Additional Segment,Actual,,,,2026-08-20T10:18:09+00:00,Company,Programmes,Natural Account,N
Karandaaz PK,11,Karandaaz,0,None,,,A,B121009,Karandaaz Pakistan DFID RDEL - UBL (234512979),2.84,0,0,2.84,Karandaaz PK,Karandaaz PK,Period to date balance type.,Jul-26,PKR,T,Total,,PKR,Natural Account and Additional Segment,Actual,,,,2026-08-20T10:18:09+00:00,Company,Programmes,Natural Account,N
Karandaaz PK,11,Karandaaz,0,None,,,A,B121012,Bank KRN Pakistan - BAFL (0035-1006023474),-1.90E+09,0,50959648,-2.00E+09,Karandaaz PK,Karandaaz PK,Period to date balance type.,Jul-26,PKR,T,Total,,PKR,Natural Account and Additional Segment,Actual,,,,2026-08-20T10:18:09+00:00,Company,Programmes,Natural Account,N
Karandaaz PK,11,Karandaaz,0,None,,,A,B121013,Bank KRN Pakistan - BAFL BMGF (0035-1006155298),-7.50E+07,0,0,-7.50E+07,Karandaaz PK,Karandaaz PK,Period to date balance type.,Jul-26,PKR,T,Total,,PKR,Natural Account and Additional Segment,Actual,,,,2026-08-20T10:18:09+00:00,Company,Programmes,Natural Account,N
Karandaaz PK,11,Karandaaz,0,None,,,A,B121014,Bank KRN Pakistan - BAFL RDEL (0035-1006155290),-244.01,0,0,-244.01,Karandaaz PK,Karandaaz PK,Period to date balance type.,Jul-26,PKR,T,Total,,PKR,Natural Account and Additional Segment,Actual,,,,2026-08-20T10:18:09+00:00,Company,Programmes,Natural Account,N
Karandaaz PK,11,Karandaaz,0,None,,,A,B121015,Bank KRN Pakistan - BAFL EPF (0035-1006155299),-245655,0,0,-245655,Karandaaz PK,Karandaaz PK,Period to date balance type.,Jul-26,PKR,T,Total,,PKR,Natural Account and Additional Segment,Actual,,,,2026-08-20T10:18:09+00:00,Company,Programmes,Natural Account,N
Karandaaz PK,11,Karandaaz,0,None,,,A,B121016,Bank KRN Pakistan - BAFL OSR (0035-1006155288),-5.60E+08,0,0,-5.60E+08,Karandaaz PK,Karandaaz PK,Period to date balance type.,Jul-26,PKR,T,Total,,PKR,Natural Account and Additional Segment,Actual,,,,2026-08-20T10:18:09+00:00,Company,Programmes,Natural Account,N
Karandaaz PK,11,Karandaaz,0,None,,,A,B121017,Bank KRN Pakistan - BAFL TPPL (0035-1006155289),1.11E+07,0,0,1.11E+07,Karandaaz PK,Karandaaz PK,Period to date balance type.,Jul-26,PKR,T,Total,,PKR,Natural Account and Additional Segment,Actual,,,,2026-08-20T10:18:09+00:00,Company,Programmes,Natural Account,N
Karandaaz PK,11,Karandaaz,0,None,,,A,B121018,Bank KRN Pakistan - BAFL ORIX C (0035-1006155292),2.45E+08,0,0,2.45E+08,Karandaaz PK,Karandaaz PK,Period to date balance type.,Jul-26,PKR,T,Total,,PKR,Natural Account and Additional Segment,Actual,,,,2026-08-20T10:18:09+00:00,Company,Programmes,Natural Account,N
Karandaaz PK,11,Karandaaz,0,None,,,A,B121019,Bank KRN Pakistan - BAFL FCDO (0035-1006024272),1.80E+09,0,0,1.80E+09,Karandaaz PK,Karandaaz PK,Period to date balance type.,Jul-26,PKR,T,Total,,PKR,Natural Account and Additional Segment,Actual,,,,2026-08-20T10:18:09+00:00,Company,Programmes,Natural Account,N
Karandaaz PK,11,Karandaaz,0,None,,,A,B121020,Bank KRN Pakistan - MIB (0061002792880001),89307770,0,0,89307770,Karandaaz PK,Karandaaz PK,Period to date balance type.,Jul-26,PKR,T,Total,,PKR,Natural Account and Additional Segment,Actual,,,,2026-08-20T10:18:09+00:00,Company,Programmes,Natural Account,N
Karandaaz PK,11,Karandaaz,0,None,,,A,B121021,Bank KRN Pakistan - UBL SEED RDEL (259769965),53167,0,0,53167,Karandaaz PK,Karandaaz PK,Period to date balance type.,Jul-26,PKR,T,Total,,PKR,Natural Account and Additional Segment,Actual,,,,2026-08-20T10:18:09+00:00,Company,Programmes,Natural Account,N
Karandaaz PK,11,Karandaaz,0,None,,,A,B121022,Bank KRN Pakistan - UBL SEED CDEL (259768948),-9.00E+07,0,0,-9.00E+07,Karandaaz PK,Karandaaz PK,Period to date balance type.,Jul-26,PKR,T,Total,,PKR,Natural Account and Additional Segment,Actual,,,,2026-08-20T10:18:09+00:00,Company,Programmes,Natural Account,N
Karandaaz PK,11,Karandaaz,0,None,,,A,B121023,Bank KRN Pakistan - UBL FIP (262115182),6845556,0,0,6845556,Karandaaz PK,Karandaaz PK,Period to date balance type.,Jul-26,PKR,T,Total,,PKR,Natural Account and Additional Segment,Actual,,,,2026-08-20T10:18:09+00:00,Company,Programmes,Natural Account,N
Karandaaz PK,11,Karandaaz,0,None,,,A,B121024,Bank KRN-BAFL-Escrow IZP (0035-1006978055),0.00E+00,0,0,0.00E+00,Karandaaz PK,Karandaaz PK,Period to date balance type.,Jul-26,PKR,T,Total,,PKR,Natural Account and Additional Segment,Actual,,,,2026-08-20T10:18:09+00:00,Company,Programmes,Natural Account,N
Karandaaz PK,11,Karandaaz,0,None,,,A,B121025,Karandaaz Pakistan Reserve - HBL (08747900996601),4.91E+03,0,0,4.91E+03,Karandaaz PK,Karandaaz PK,Period to date balance type.,Jul-26,PKR,T,Total,,PKR,Natural Account and Additional Segment,Actual,,,,2026-08-20T10:18:09+00:00,Company,Programmes,Natural Account,N
Karandaaz PK,11,Karandaaz,0,None,,,A,B121026,Bank KRN Pakistan - Meezan Capital (239277356),-9.20E+07,0,0,-9.20E+07,Karandaaz PK,Karandaaz PK,Period to date balance type.,Jul-26,PKR,T,Total,,PKR,Natural Account and Additional Segment,Actual,,,,2026-08-20T10:18:09+00:00,Company,Programmes,Natural Account,N
Karandaaz PK,11,Karandaaz,0,None,,,A,B121027,Bank KRN Pakistan - BAFL MEEZAN (0035-1006155284),0,0,0,0,Karandaaz PK,Karandaaz PK,Period to date balance type.,Jul-26,PKR,T,Total,,PKR,Natural Account and Additional Segment,Actual,,,,2026-08-20T10:18:09+00:00,Company,Programmes,Natural Account,N
Karandaaz PK,11,Karandaaz,0,None,,,A,B121029,Bank KRN Pakistan - HMB KRN EPF (6-2-37-20614-714-146842),1.43E+08,0,0,1.43E+08,Karandaaz PK,Karandaaz PK,Period to date balance type.,Jul-26,PKR,T,Total,,PKR,Natural Account and Additional Segment,Actual,,,,2026-08-20T10:18:09+00:00,Company,Programmes,Natural Account,N
Karandaaz PK,11,Karandaaz,0,None,,,A,B121030,Bank KRN Pakistan - HMB KRN OSR (6-2-37-20614-714-146790),-2.20E+08,0,0,-2.20E+08,Karandaaz PK,Karandaaz PK,Period to date balance type.,Jul-26,PKR,T,Total,,PKR,Natural Account and Additional Segment,Actual,,,,2026-08-20T10:18:09+00:00,Company,Programmes,Natural Account,N
Karandaaz PK,11,Karandaaz,0,None,,,A,B121031,Karandaaz Pakistan BAFL FCY (1008260733),-2.30E+09,0,0,-2.30E+09,Karandaaz PK,Karandaaz PK,Period to date balance type.,Jul-26,PKR,T,Total,,PKR,Natural Account and Additional Segment,Actual,,,,2026-08-20T10:18:09+00:00,Company,Programmes,Natural Account,N
Karandaaz PK,11,Karandaaz,0,None,,,A,B121032,Karandaaz Pakistan HMB CSR (623720614714153601),5.55E+02,0,0,5.55E+02,Karandaaz PK,Karandaaz PK,Period to date balance type.,Jul-26,PKR,T,Total,,PKR,Natural Account and Additional Segment,Actual,,,,2026-08-20T10:18:09+00:00,Company,Programmes,Natural Account,N
Karandaaz PK,11,Karandaaz,0,None,,,A,B121033,Karandaaz Pakistan HMB FIP (623720614714153581),5.00E+08,0,0,5.00E+08,Karandaaz PK,Karandaaz PK,Period to date balance type.,Jul-26,PKR,T,Total,,PKR,Natural Account and Additional Segment,Actual,,,,2026-08-20T10:18:09+00:00,Company,Programmes,Natural Account,N
Karandaaz PK,11,Karandaaz,0,None,,,A,B121034,Karandaaz Pakistan-NCGC Grant (1008738355),43271335,0,0,43271335,Karandaaz PK,Karandaaz PK,Period to date balance type.,Jul-26,PKR,T,Total,,PKR,Natural Account and Additional Segment,Actual,,,,2026-08-20T10:18:09+00:00,Company,Programmes,Natural Account,N
Karandaaz PK,11,Karandaaz,0,None,,,A,B121035,Karandaaz Pakistan Operational - JS (0002253139),-2789632,0,0,-2789632,Karandaaz PK,Karandaaz PK,Period to date balance type.,Jul-26,PKR,T,Total,,PKR,Natural Account and Additional Segment,Actual,,,,2026-08-20T10:18:09+00:00,Company,Programmes,Natural Account,N
Karandaaz PK,11,Karandaaz,0,None,,,A,B121036,Karandaaz Pakistan Own Source Revenue - Faysal (3238390000003107),8.63E+08,0,0,8.63E+08,Karandaaz PK,Karandaaz PK,Period to date balance type.,Jul-26,PKR,T,Total,,PKR,Natural Account and Additional Segment,Actual,,,,2026-08-20T10:18:09+00:00,Company,Programmes,Natural Account,N
Karandaaz PK,11,Karandaaz,0,None,,,A,B121037,Karandaaz Pakistan FIP - BAFL (0035-1008986958),-5.20E+08,0,0,-5.20E+08,Karandaaz PK,Karandaaz PK,Period to date balance type.,Jul-26,PKR,T,Total,,PKR,Natural Account and Additional Segment,Actual,,,,2026-08-20T10:18:09+00:00,Company,Programmes,Natural Account,N
Karandaaz PK,11,Karandaaz,0,None,,,A,B121038,Karandaaz Pakistan - BMGF CT (0035-1009045134),-1147086,0,0,-1147086,Karandaaz PK,Karandaaz PK,Period to date balance type.,Jul-26,PKR,T,Total,,PKR,Natural Account and Additional Segment,Actual,,,,2026-08-20T10:18:09+00:00,Company,Programmes,Natural Account,N
Karandaaz PK,11,Karandaaz,0,None,,,A,B121039,Karandaaz Pakistan - BMGF-EHSAAS (0035-1009045100),11693763,0,0,11693763,Karandaaz PK,Karandaaz PK,Period to date balance type.,Jul-26,PKR,T,Total,,PKR,Natural Account and Additional Segment,Actual,,,,2026-08-20T10:18:09+00:00,Company,Programmes,Natural Account,N
Karandaaz PK,11,Karandaaz,0,None,,,A,B121040,Karandaaz Pakistan EPF - Faysal (3238390000003280),-9940295,0,0,-9940295,Karandaaz PK,Karandaaz PK,Period to date balance type.,Jul-26,PKR,T,Total,,PKR,Natural Account and Additional Segment,Actual,,,,2026-08-20T10:18:09+00:00,Company,Programmes,Natural Account,N
Karandaaz PK,11,Karandaaz,0,None,,,A,B121041,Karandaaz Pakistan WV GreenFin - Faysal (32383900000003722),2662599,0,0,2662599,Karandaaz PK,Karandaaz PK,Period to date balance type.,Jul-26,PKR,T,Total,,PKR,Natural Account and Additional Segment,Actual,,,,2026-08-20T10:18:09+00:00,Company,Programmes,Natural Account,N
Karandaaz PK,11,Karandaaz,0,None,,,A,B121050,Karandaaz Pakistan Gratuity - (346999165) - UBL,3.69E+07,0,0,3.69E+07,Karandaaz PK,Karandaaz PK,Period to date balance type.,Jul-26,PKR,T,Total,,PKR,Natural Account and Additional Segment,Actual,,,,2026-08-20T10:18:09+00:00,Company,Programmes,Natural Account,N
Karandaaz PK,11,Karandaaz,0,None,,,A,B122001,Karandaaz Pakistan - UBL (218293641) - Clearing,0,0,0,0,Karandaaz PK,Karandaaz PK,Period to date balance type.,Jul-26,PKR,T,Total,,PKR,Natural Account and Additional Segment,Actual,,,,2026-08-20T10:18:09+00:00,Company,Programmes,Natural Account,N
Karandaaz PK,11,Karandaaz,0,None,,,A,B122012,Bank KRN Pakistan - BAFL (0035-1006023474) - Clearing,-784000,11605270,22306184,-1.10E+07,Karandaaz PK,Karandaaz PK,Period to date balance type.,Jul-26,PKR,T,Total,,PKR,Natural Account and Additional Segment,Actual,,,,2026-08-20T10:18:09+00:00,Company,Programmes,Natural Account,N
Karandaaz PK,11,Karandaaz,0,None,,,A,B122013,Bank KRN Pakistan - BAFL BMGF (0035-1006155298) - Clearing,2,0,0,2,Karandaaz PK,Karandaaz PK,Period to date balance type.,Jul-26,PKR,T,Total,,PKR,Natural Account and Additional Segment,Actual,,,,2026-08-20T10:18:09+00:00,Company,Programmes,Natural Account,N
Karandaaz PK,11,Karandaaz,0,None,,,A,B122016,Bank KRN Pakistan - BAFL OSR (0035-1006155288) - Clearing,-1,0,0,-1,Karandaaz PK,Karandaaz PK,Period to date balance type.,Jul-26,PKR,T,Total,,PKR,Natural Account and Additional Segment,Actual,,,,2026-08-20T10:18:09+00:00,Company,Programmes,Natural Account,N
Karandaaz PK,11,Karandaaz,0,None,,,A,B122018,Bank KRN Pakistan - BAFL ORIX C (0035-1006155292) - Clearing,-4,0,0,-4,Karandaaz PK,Karandaaz PK,Period to date balance type.,Jul-26,PKR,T,Total,,PKR,Natural Account and Additional Segment,Actual,,,,2026-08-20T10:18:09+00:00,Company,Programmes,Natural Account,N
Karandaaz PK,11,Karandaaz,0,None,,,A,B122031,Karandaaz Pakistan BAFL FCY (1008260733) Clearing,-1.30E+09,0,0,-1.30E+09,Karandaaz PK,Karandaaz PK,Period to date balance type.,Jul-26,PKR,T,Total,,PKR,Natural Account and Additional Segment,Actual,,,,2026-08-20T10:18:09+00:00,Company,Programmes,Natural Account,N
Karandaaz PK,11,Karandaaz,0,None,,,A,B122034,Karandaaz Pakistan NCGC Grant (1008738355) - Clearing,4,0,0,4,Karandaaz PK,Karandaaz PK,Period to date balance type.,Jul-26,PKR,T,Total,,PKR,Natural Account and Additional Segment,Actual,,,,2026-08-20T10:18:09+00:00,Company,Programmes,Natural Account,N
Karandaaz PK,11,Karandaaz,0,None,,,A,B122036,Karandaaz Pakistan Own Source Revenue - Faysal (3238390000003107) - Clearing,0,0,0,0,Karandaaz PK,Karandaaz PK,Period to date balance type.,Jul-26,PKR,T,Total,,PKR,Natural Account and Additional Segment,Actual,,,,2026-08-20T10:18:09+00:00,Company,Programmes,Natural Account,N
Karandaaz PK,11,Karandaaz,0,None,,,A,B122037,Karandaaz Pakistan FIP - BAFL (0035-1008986958) - Clearing,0,0,0,0,Karandaaz PK,Karandaaz PK,Period to date balance type.,Jul-26,PKR,T,Total,,PKR,Natural Account and Additional Segment,Actual,,,,2026-08-20T10:18:09+00:00,Company,Programmes,Natural Account,N
Karandaaz PK,11,Karandaaz,0,None,,,A,B123001,Petty Cash,136851,249655,136506,250000,Karandaaz PK,Karandaaz PK,Period to date balance type.,Jul-26,PKR,T,Total,,PKR,Natural Account and Additional Segment,Actual,,,,2026-08-20T10:18:09+00:00,Company,Programmes,Natural Account,N
Karandaaz PK,11,Karandaaz,0,None,,,A,B142001,Interbank transfers clearing account,-4.30E+07,0,0,-4.30E+07,Karandaaz PK,Karandaaz PK,Period to date balance type.,Jul-26,PKR,T,Total,,PKR,Natural Account and Additional Segment,Actual,,,,2026-08-20T10:18:09+00:00,Company,Programmes,Natural Account,N
Karandaaz PK,11,Karandaaz,0,None,,,A,B142002,Pay Order,-1.50E+09,0,0,-1.50E+09,Karandaaz PK,Karandaaz PK,Period to date balance type.,Jul-26,PKR,T,Total,,PKR,Natural Account and Additional Segment,Actual,,,,2026-08-20T10:18:09+00:00,Company,Programmes,Natural Account,N
Karandaaz PK,11,Karandaaz,0,None,,,E,C101001,FCDO - Amortization of Deferred Grant,0,0,0,0,Karandaaz PK,Karandaaz PK,Period to date balance type.,Jul-26,PKR,T,Total,,PKR,Natural Account and Additional Segment,Actual,,,,2026-08-20T10:18:09+00:00,Company,Programmes,Natural Account,N
Karandaaz PK,11,Karandaaz,0,None,,,E,C103002,MBL-SME Loans-Variable Expenses,0,0,0,0,Karandaaz PK,Karandaaz PK,Period to date balance type.,Jul-26,PKR,T,Total,,PKR,Natural Account and Additional Segment,Actual,,,,2026-08-20T10:18:09+00:00,Company,Programmes,Natural Account,N
Karandaaz PK,11,Karandaaz,0,None,,,E,C103003,BAFL-SME Loans-Variable Expenses,0,0,0,0,Karandaaz PK,Karandaaz PK,Period to date balance type.,Jul-26,PKR,T,Total,,PKR,Natural Account and Additional Segment,Actual,,,,2026-08-20T10:18:09+00:00,Company,Programmes,Natural Account,N
Karandaaz PK,11,Karandaaz,0,None,,,A,C103007,JS TDR,2000000,0,0,2000000,Karandaaz PK,Karandaaz PK,Period to date balance type.,Jul-26,PKR,T,Total,,PKR,Natural Account and Additional Segment,Actual,,,,2026-08-20T10:18:09+00:00,Company,Programmes,Natural Account,N
Karandaaz PK,11,Karandaaz,0,None,,,E,C105004,TA to New Partners,0.00E+00,0,0,0.00E+00,Karandaaz PK,Karandaaz PK,Period to date balance type.,Jul-26,PKR,T,Total,,PKR,Natural Account and Additional Segment,Actual,,,,2026-08-20T10:18:09+00:00,Company,Programmes,Natural Account,N
Karandaaz PK,11,Karandaaz,0,None,,,E,C107002,Strategic Investment - Pre & post investment cost,0.00E+00,0,0,0.00E+00,Karandaaz PK,Karandaaz PK,Period to date balance type.,Jul-26,PKR,T,Total,,PKR,Natural Account and Additional Segment,Actual,,,,2026-08-20T10:18:09+00:00,Company,Programmes,Natural Account,N
Karandaaz PK,11,Karandaaz,0,None,,,E,C108002,Credit - Pre & post investment cost,0.00E+00,0,0,0.00E+00,Karandaaz PK,Karandaaz PK,Period to date balance type.,Jul-26,PKR,T,Total,,PKR,Natural Account and Additional Segment,Actual,,,,2026-08-20T10:18:09+00:00,Company,Programmes,Natural Account,N
Karandaaz PK,11,Karandaaz,0,None,,,E,C109002,Equity - Pre & post investment cost,0.00E+00,0,0,0.00E+00,Karandaaz PK,Karandaaz PK,Period to date balance type.,Jul-26,PKR,T,Total,,PKR,Natural Account and Additional Segment,Actual,,,,2026-08-20T10:18:09+00:00,Company,Programmes,Natural Account,N
Karandaaz PK,11,Karandaaz,0,None,,,E,C130004,SEED Technical Assistance,0.00E+00,0,0,0.00E+00,Karandaaz PK,Karandaaz PK,Period to date balance type.,Jul-26,PKR,T,Total,,PKR,Natural Account and Additional Segment,Actual,,,,2026-08-20T10:18:09+00:00,Company,Programmes,Natural Account,N
Karandaaz PK,11,Karandaaz,0,None,,,E,C130005,CDC Maintenance Charges,0.00E+00,0,0,0.00E+00,Karandaaz PK,Karandaaz PK,Period to date balance type.,Jul-26,PKR,T,Total,,PKR,Natural Account and Additional Segment,Actual,,,,2026-08-20T10:18:09+00:00,Company,Programmes,Natural Account,N
Karandaaz PK,11,Karandaaz,0,None,,,A,C131002,Bank KRN Pakistan-HMB (6-1-1-120614-714-570343),4.38E+04,0,0,4.38E+04,Karandaaz PK,Karandaaz PK,Period to date balance type.,Jul-26,PKR,T,Total,,PKR,Natural Account and Additional Segment,Actual,,,,2026-08-20T10:18:09+00:00,Company,Programmes,Natural Account,N
Karandaaz PK,11,Karandaaz,0,None,,,A,C131003,Soneri Bank Account (20007488228),2.21E+07,0,0,2.21E+07,Karandaaz PK,Karandaaz PK,Period to date balance type.,Jul-26,PKR,T,Total,,PKR,Natural Account and Additional Segment,Actual,,,,2026-08-20T10:18:09+00:00,Company,Programmes,Natural Account,N
Karandaaz PK,11,Karandaaz,0,None,,,A,C131004,Meezan Bank Ltd (0154-0101898629),1.80E+08,0,0,1.80E+08,Karandaaz PK,Karandaaz PK,Period to date balance type.,Jul-26,PKR,T,Total,,PKR,Natural Account and Additional Segment,Actual,,,,2026-08-20T10:18:09+00:00,Company,Programmes,Natural Account,N
Karandaaz PK,11,Karandaaz,0,None,,,A,C131005,Bank KRN Pakistan- BAFL (1005639975),5.43E+08,0,0,5.43E+08,Karandaaz PK,Karandaaz PK,Period to date balance type.,Jul-26,PKR,T,Total,,PKR,Natural Account and Additional Segment,Actual,,,,2026-08-20T10:18:09+00:00,Company,Programmes,Natural Account,N
Karandaaz PK,11,Karandaaz,0,None,,,A,C131006,Bank KRN Pakistan - JS BANK (0001268157),2.82E+08,0,0,2.82E+08,Karandaaz PK,Karandaaz PK,Period to date balance type.,Jul-26,PKR,T,Total,,PKR,Natural Account and Additional Segment,Actual,,,,2026-08-20T10:18:09+00:00,Company,Programmes,Natural Account,N
Karandaaz PK,11,Karandaaz,0,None,,,A,C131007,JSBL Reon Bank (0001931470),1.29E+08,0,0,1.29E+08,Karandaaz PK,Karandaaz PK,Period to date balance type.,Jul-26,PKR,T,Total,,PKR,Natural Account and Additional Segment,Actual,,,,2026-08-20T10:18:09+00:00,Company,Programmes,Natural Account,N
Karandaaz PK,11,Karandaaz,0,None,,,A,C161001,Impairment Provision under IFRS 9 -Other Loans,-1.20E+09,0,0,-1.20E+09,Karandaaz PK,Karandaaz PK,Period to date balance type.,Jul-26,PKR,T,Total,,PKR,Natural Account and Additional Segment,Actual,,,,2026-08-20T10:18:09+00:00,Company,Programmes,Natural Account,N
Karandaaz PK,11,Karandaaz,0,None,,,A,C161002,Impairment Provision under IFRS 9 - SME Loans,-3.50E+08,0,0,-3.50E+08,Karandaaz PK,Karandaaz PK,Period to date balance type.,Jul-26,PKR,T,Total,,PKR,Natural Account and Additional Segment,Actual,,,,2026-08-20T10:18:09+00:00,Company,Programmes,Natural Account,N
Karandaaz PK,11,Karandaaz,0,None,,,A,C161004,MIB SME Loans - Principal Receivable,2.31E+08,0,0,2.31E+08,Karandaaz PK,Karandaaz PK,Period to date balance type.,Jul-26,PKR,T,Total,,PKR,Natural Account and Additional Segment,Actual,,,,2026-08-20T10:18:09+00:00,Company,Programmes,Natural Account,N
Karandaaz PK,11,Karandaaz,0,None,,,A,C161005,ORIX - SME Loans - Prinicpal Receivable,0,0,0,0,Karandaaz PK,Karandaaz PK,Period to date balance type.,Jul-26,PKR,T,Total,,PKR,Natural Account and Additional Segment,Actual,,,,2026-08-20T10:18:09+00:00,Company,Programmes,Natural Account,N
Karandaaz PK,11,Karandaaz,0,None,,,A,C161008,MBL-SME Loans-Principle Receivable,5.83E+08,0,0,5.83E+08,Karandaaz PK,Karandaaz PK,Period to date balance type.,Jul-26,PKR,T,Total,,PKR,Natural Account and Additional Segment,Actual,,,,2026-08-20T10:18:09+00:00,Company,Programmes,Natural Account,N
Karandaaz PK,11,Karandaaz,0,None,,,A,C161010,BAFL-SME Loans-Principal Receivable,1.12E+09,0,0,1.12E+09,Karandaaz PK,Karandaaz PK,Period to date balance type.,Jul-26,PKR,T,Total,,PKR,Natural Account and Additional Segment,Actual,,,,2026-08-20T10:18:09+00:00,Company,Programmes,Natural Account,N
Karandaaz PK,11,Karandaaz,0,None,,,A,C161012,BAFL SME's - Variable Expenses,-3.95E+06,0,0,-3.95E+06,Karandaaz PK,Karandaaz PK,Period to date balance type.,Jul-26,PKR,T,Total,,PKR,Natural Account and Additional Segment,Actual,,,,2026-08-20T10:18:09+00:00,Company,Programmes,Natural Account,N
Karandaaz PK,11,Karandaaz,0,None,,,A,C161013,JSBL-SME Loans-Principle Receivable,8.61E+08,0,0,8.61E+08,Karandaaz PK,Karandaaz PK,Period to date balance type.,Jul-26,PKR,T,Total,,PKR,Natural Account and Additional Segment,Actual,,,,2026-08-20T10:18:09+00:00,Company,Programmes,Natural Account,N
Karandaaz PK,11,Karandaaz,0,None,,,A,C161014,JSBL - SME - Markup Receivable,2.29E+05,0,0,2.29E+05,Karandaaz PK,Karandaaz PK,Period to date balance type.,Jul-26,PKR,T,Total,,PKR,Natural Account and Additional Segment,Actual,,,,2026-08-20T10:18:09+00:00,Company,Programmes,Natural Account,N
Karandaaz PK,11,Karandaaz,0,None,,,A,C161019,JSBL Principal Receivable,-3.87E+06,0,0,-3.87E+06,Karandaaz PK,Karandaaz PK,Period to date balance type.,Jul-26,PKR,T,Total,,PKR,Natural Account and Additional Segment,Actual,,,,2026-08-20T10:18:09+00:00,Company,Programmes,Natural Account,N
Karandaaz PK,11,Karandaaz,0,None,,,A,C181001,Investment in InfraZamin Pakistan,1.82E+09,0,0,1.82E+09,Karandaaz PK,Karandaaz PK,Period to date balance type.,Jul-26,PKR,T,Total,,PKR,Natural Account and Additional Segment,Actual,,,,2026-08-20T10:18:09+00:00,Company,Programmes,Natural Account,N
Karandaaz PK,11,Karandaaz,0,None,,,A,C181002,Investment in PMIC,3.73E+09,0,0,3.73E+09,Karandaaz PK,Karandaaz PK,Period to date balance type.,Jul-26,PKR,T,Total,,PKR,Natural Account and Additional Segment,Actual,,,,2026-08-20T10:18:09+00:00,Company,Programmes,Natural Account,N
Karandaaz PK,11,Karandaaz,0,None,,,A,C181004,Investment in Wahdat Poultry Farms,6.78E+08,0,0,6.78E+08,Karandaaz PK,Karandaaz PK,Period to date balance type.,Jul-26,PKR,T,Total,,PKR,Natural Account and Additional Segment,Actual,,,,2026-08-20T10:18:09+00:00,Company,Programmes,Natural Account,N
Karandaaz PK,11,Karandaaz,0,None,,,A,C181005,Investment in NRSP Processing Company,8.76E+08,0,0,8.76E+08,Karandaaz PK,Karandaaz PK,Period to date balance type.,Jul-26,PKR,T,Total,,PKR,Natural Account and Additional Segment,Actual,,,,2026-08-20T10:18:09+00:00,Company,Programmes,Natural Account,N
Karandaaz PK,11,Karandaaz,0,None,,,A,C181006,Investment in PFSL,1.50E+09,0,0,1.50E+09,Karandaaz PK,Karandaaz PK,Period to date balance type.,Jul-26,PKR,T,Total,,PKR,Natural Account and Additional Segment,Actual,,,,2026-08-20T10:18:09+00:00,Company,Programmes,Natural Account,N
Karandaaz PK,11,Karandaaz,0,None,,,A,C181007,Investment in NCGCL,2.64E+09,0,0,2.64E+09,Karandaaz PK,Karandaaz PK,Period to date balance type.,Jul-26,PKR,T,Total,,PKR,Natural Account and Additional Segment,Actual,,,,2026-08-20T10:18:09+00:00,Company,Programmes,Natural Account,N
Karandaaz PK,11,Karandaaz,0,None,,,A,C181008,Advance for share deposit money,-2.60E+09,0,0,-2.60E+09,Karandaaz PK,Karandaaz PK,Period to date balance type.,Jul-26,PKR,T,Total,,PKR,Natural Account and Additional Segment,Actual,,,,2026-08-20T10:18:09+00:00,Company,Programmes,Natural Account,N
Karandaaz PK,11,Karandaaz,0,None,,,A,C211001,Investment in SLG,1.24E+08,0,0,1.24E+08,Karandaaz PK,Karandaaz PK,Period to date balance type.,Jul-26,PKR,T,Total,,PKR,Natural Account and Additional Segment,Actual,,,,2026-08-20T10:18:09+00:00,Company,Programmes,Natural Account,N
Karandaaz PK,11,Karandaaz,0,None,,,A,C211002,Investment in Excel Labs Pvt Ltd,1.53E+08,0,0,1.53E+08,Karandaaz PK,Karandaaz PK,Period to date balance type.,Jul-26,PKR,T,Total,,PKR,Natural Account and Additional Segment,Actual,,,,2026-08-20T10:18:09+00:00,Company,Programmes,Natural Account,N
Karandaaz PK,11,Karandaaz,0,None,,,A,C211004,Investment in IHV KTZ Pvt Ltd,26243094,0,0,26243094,Karandaaz PK,Karandaaz PK,Period to date balance type.,Jul-26,PKR,T,Total,,PKR,Natural Account and Additional Segment,Actual,,,,2026-08-20T10:18:09+00:00,Company,Programmes,Natural Account,N
Karandaaz PK,11,Karandaaz,0,None,,,A,C231003,CIC-Subordinated Loan to PMIC,2.80E+09,0,0,2.80E+09,Karandaaz PK,Karandaaz PK,Period to date balance type.,Jul-26,PKR,T,Total,,PKR,Natural Account and Additional Segment,Actual,,,,2026-08-20T10:18:09+00:00,Company,Programmes,Natural Account,N
Karandaaz PK,11,Karandaaz,0,None,,,A,C231004,BAFL Medium Term Note,5.00E+08,0,0,5.00E+08,Karandaaz PK,Karandaaz PK,Period to date balance type.,Jul-26,PKR,T,Total,,PKR,Natural Account and Additional Segment,Actual,,,,2026-08-20T10:18:09+00:00,Company,Programmes,Natural Account,N
Karandaaz PK,11,Karandaaz,0,None,,,A,C231005,Term Loan to JSK Feeds,0,0,0,0,Karandaaz PK,Karandaaz PK,Period to date balance type.,Jul-26,PKR,T,Total,,PKR,Natural Account and Additional Segment,Actual,,,,2026-08-20T10:18:09+00:00,Company,Programmes,Natural Account,N
Karandaaz PK,11,Karandaaz,0,None,,,A,C231006,Long term Loan - ORIX TFF,6.00E+08,0,0,6.00E+08,Karandaaz PK,Karandaaz PK,Period to date balance type.,Jul-26,PKR,T,Total,,PKR,Natural Account and Additional Segment,Actual,,,,2026-08-20T10:18:09+00:00,Company,Programmes,Natural Account,N
Karandaaz PK,11,Karandaaz,0,None,,,A,C231007,CIC- Soneri Bank Limited - TFC's,5.00E+08,0,0,5.00E+08,Karandaaz PK,Karandaaz PK,Period to date balance type.,Jul-26,PKR,T,Total,,PKR,Natural Account and Additional Segment,Actual,,,,2026-08-20T10:18:09+00:00,Company,Programmes,Natural Account,N
Karandaaz PK,11,Karandaaz,0,None,,,A,C231008,Term Loan - Al Haj Faw Motors,0,0,0,0,Karandaaz PK,Karandaaz PK,Period to date balance type.,Jul-26,PKR,T,Total,,PKR,Natural Account and Additional Segment,Actual,,,,2026-08-20T10:18:09+00:00,Company,Programmes,Natural Account,N
Karandaaz PK,11,Karandaaz,0,None,,,A,C231009,Loan to JSk Feeds,26000000,0,0,26000000,Karandaaz PK,Karandaaz PK,Period to date balance type.,Jul-26,PKR,T,Total,,PKR,Natural Account and Additional Segment,Actual,,,,2026-08-20T10:18:09+00:00,Company,Programmes,Natural Account,N
Karandaaz PK,11,Karandaaz,0,None,,,A,C231010,Loan to Nizam Energy,0,0,0,0,Karandaaz PK,Karandaaz PK,Period to date balance type.,Jul-26,PKR,T,Total,,PKR,Natural Account and Additional Segment,Actual,,,,2026-08-20T10:18:09+00:00,Company,Programmes,Natural Account,N
Karandaaz PK,11,Karandaaz,0,None,,,A,C231011,Convertible Loan to BFBL,7.98E+08,0,0,7.98E+08,Karandaaz PK,Karandaaz PK,Period to date balance type.,Jul-26,PKR,T,Total,,PKR,Natural Account and Additional Segment,Actual,,,,2026-08-20T10:18:09+00:00,Company,Programmes,Natural Account,N
Karandaaz PK,11,Karandaaz,0,None,,,A,C231012,Shareholders loan to Wahdat Poultry Farm,37500000,0,0,37500000,Karandaaz PK,Karandaaz PK,Period to date balance type.,Jul-26,PKR,T,Total,,PKR,Natural Account and Additional Segment,Actual,,,,2026-08-20T10:18:09+00:00,Company,Programmes,Natural Account,N
Karandaaz PK,11,Karandaaz,0,None,,,A,C231013,Loan to PMRC,5.00E+08,0,0,5.00E+08,Karandaaz PK,Karandaaz PK,Period to date balance type.,Jul-26,PKR,T,Total,,PKR,Natural Account and Additional Segment,Actual,,,,2026-08-20T10:18:09+00:00,Company,Programmes,Natural Account,N
Karandaaz PK,11,Karandaaz,0,None,,,A,C231014,Orix Term Finance - Loan 2,2.00E+08,0,0,2.00E+08,Karandaaz PK,Karandaaz PK,Period to date balance type.,Jul-26,PKR,T,Total,,PKR,Natural Account and Additional Segment,Actual,,,,2026-08-20T10:18:09+00:00,Company,Programmes,Natural Account,N
Karandaaz PK,11,Karandaaz,0,None,,,A,C231015,Convertible Loans,3.76E+08,0,0,3.76E+08,Karandaaz PK,Karandaaz PK,Period to date balance type.,Jul-26,PKR,T,Total,,PKR,Natural Account and Additional Segment,Actual,,,,2026-08-20T10:18:09+00:00,Company,Programmes,Natural Account,N
Karandaaz PK,11,Karandaaz,0,None,,,A,C231018,Receivable against Sale of HAC Preference Shares,3.76E+08,0,0,3.76E+08,Karandaaz PK,Karandaaz PK,Period to date balance type.,Jul-26,PKR,T,Total,,PKR,Natural Account and Additional Segment,Actual,,,,2026-08-20T10:18:09+00:00,Company,Programmes,Natural Account,N
Karandaaz PK,11,Karandaaz,0,None,,,A,C231019,Equity Investment in Techlogix,4.46E+08,0,0,4.46E+08,Karandaaz PK,Karandaaz PK,Period to date balance type.,Jul-26,PKR,T,Total,,PKR,Natural Account and Additional Segment,Actual,,,,2026-08-20T10:18:09+00:00,Company,Programmes,Natural Account,N
Karandaaz PK,11,Karandaaz,0,None,,,A,C231020,SME Equity Investments,1.98E+08,0,0,1.98E+08,Karandaaz PK,Karandaaz PK,Period to date balance type.,Jul-26,PKR,T,Total,,PKR,Natural Account and Additional Segment,Actual,,,,2026-08-20T10:18:09+00:00,Company,Programmes,Natural Account,N
Karandaaz PK,11,Karandaaz,0,None,,,A,C231021,Loan to JSk Feeds,2.74E+08,0,0,2.74E+08,Karandaaz PK,Karandaaz PK,Period to date balance type.,Jul-26,PKR,T,Total,,PKR,Natural Account and Additional Segment,Actual,,,,2026-08-20T10:18:09+00:00,Company,Programmes,Natural Account,N
Karandaaz PK,11,Karandaaz,0,None,,,A,C231022,Shareholder loan to SLG,1.88E+08,0,0,1.88E+08,Karandaaz PK,Karandaaz PK,Period to date balance type.,Jul-26,PKR,T,Total,,PKR,Natural Account and Additional Segment,Actual,,,,2026-08-20T10:18:09+00:00,Company,Programmes,Natural Account,N
Karandaaz PK,11,Karandaaz,0,None,,,A,C231023,Loans to Gandhara,5.00E+08,0,0,5.00E+08,Karandaaz PK,Karandaaz PK,Period to date balance type.,Jul-26,PKR,T,Total,,PKR,Natural Account and Additional Segment,Actual,,,,2026-08-20T10:18:09+00:00,Company,Programmes,Natural Account,N
Karandaaz PK,11,Karandaaz,0,None,,,A,C231024,Loans to Albario,2.04E+08,0,0,2.04E+08,Karandaaz PK,Karandaaz PK,Period to date balance type.,Jul-26,PKR,T,Total,,PKR,Natural Account and Additional Segment,Actual,,,,2026-08-20T10:18:09+00:00,Company,Programmes,Natural Account,N
Karandaaz PK,11,Karandaaz,0,None,,,A,C231025,JSBL REON Prinicpal receivable,2.62E+08,0,0,2.62E+08,Karandaaz PK,Karandaaz PK,Period to date balance type.,Jul-26,PKR,T,Total,,PKR,Natural Account and Additional Segment,Actual,,,,2026-08-20T10:18:09+00:00,Company,Programmes,Natural Account,N
Karandaaz PK,11,Karandaaz,0,None,,,A,C231026,Subordinated Loan to PFSL,1.50E+09,0,0,1.50E+09,Karandaaz PK,Karandaaz PK,Period to date balance type.,Jul-26,PKR,T,Total,,PKR,Natural Account and Additional Segment,Actual,,,,2026-08-20T10:18:09+00:00,Company,Programmes,Natural Account,N
Karandaaz PK,11,Karandaaz,0,None,,,A,C231027,Bank Alfalah ADT-1 TFCs,5.00E+08,0,0,5.00E+08,Karandaaz PK,Karandaaz PK,Period to date balance type.,Jul-26,PKR,T,Total,,PKR,Natural Account and Additional Segment,Actual,,,,2026-08-20T10:18:09+00:00,Company,Programmes,Natural Account,N
Karandaaz PK,11,Karandaaz,0,None,,,A,C231028,Loan To Dawood Engineering Ltd,1.47E+08,0,0,1.47E+08,Karandaaz PK,Karandaaz PK,Period to date balance type.,Jul-26,PKR,T,Total,,PKR,Natural Account and Additional Segment,Actual,,,,2026-08-20T10:18:09+00:00,Company,Programmes,Natural Account,N
Karandaaz PK,11,Karandaaz,0,None,,,A,C231029,Convertible loan to Rencon,3.40E+08,0,0,3.40E+08,Karandaaz PK,Karandaaz PK,Period to date balance type.,Jul-26,PKR,T,Total,,PKR,Natural Account and Additional Segment,Actual,,,,2026-08-20T10:18:09+00:00,Company,Programmes,Natural Account,N
Karandaaz PK,11,Karandaaz,0,None,,,A,C231030,CONVERTIBLE LOAN TO IHV KTZ,4.48E+08,0,0,4.48E+08,Karandaaz PK,Karandaaz PK,Period to date balance type.,Jul-26,PKR,T,Total,,PKR,Natural Account and Additional Segment,Actual,,,,2026-08-20T10:18:09+00:00,Company,Programmes,Natural Account,N
Karandaaz PK,11,Karandaaz,0,None,,,A,C231031,WV LOANS PFSL,2.16E+08,0,0,2.16E+08,Karandaaz PK,Karandaaz PK,Period to date balance type.,Jul-26,PKR,T,Total,,PKR,Natural Account and Additional Segment,Actual,,,,2026-08-20T10:18:09+00:00,Company,Programmes,Natural Account,N
Karandaaz PK,11,Karandaaz,0,None,,,A,C231032,CIC Loans PFSL,8.52E+08,0,0,8.52E+08,Karandaaz PK,Karandaaz PK,Period to date balance type.,Jul-26,PKR,T,Total,,PKR,Natural Account and Additional Segment,Actual,,,,2026-08-20T10:18:09+00:00,Company,Programmes,Natural Account,N
Karandaaz PK,11,Karandaaz,0,None,,,A,C241001,Bank KRN-UBL-Escrow NRSP (0239-256827718),75732782,0,0,75732782,Karandaaz PK,Karandaaz PK,Period to date balance type.,Jul-26,PKR,T,Total,,PKR,Natural Account and Additional Segment,Actual,,,,2026-08-20T10:18:09+00:00,Company,Programmes,Natural Account,N
Karandaaz PK,11,Karandaaz,0,None,,,A,C241003,Bank KRN-BAFL-Escrow BFBL (0035-1007291883),0,0,0,0,Karandaaz PK,Karandaaz PK,Period to date balance type.,Jul-26,PKR,T,Total,,PKR,Natural Account and Additional Segment,Actual,,,,2026-08-20T10:18:09+00:00,Company,Programmes,Natural Account,N
Karandaaz PK,11,Karandaaz,0,None,,,A,C241004,Bank KRN-BAFL-Escrow RENACON (0035-1007282353),0,0,0,0,Karandaaz PK,Karandaaz PK,Period to date balance type.,Jul-26,PKR,T,Total,,PKR,Natural Account and Additional Segment,Actual,,,,2026-08-20T10:18:09+00:00,Company,Programmes,Natural Account,N
Karandaaz PK,11,Karandaaz,0,None,,,A,C241005,Bank KRN-ABL-Escrow ICF3 (0010009999990707),21431440,0,0,21431440,Karandaaz PK,Karandaaz PK,Period to date balance type.,Jul-26,PKR,T,Total,,PKR,Natural Account and Additional Segment,Actual,,,,2026-08-20T10:18:09+00:00,Company,Programmes,Natural Account,N
Karandaaz PK,11,Karandaaz,0,None,,,A,C241006,BAFL Escrow - ICF 3,20000000,0,0,20000000,Karandaaz PK,Karandaaz PK,Period to date balance type.,Jul-26,PKR,T,Total,,PKR,Natural Account and Additional Segment,Actual,,,,2026-08-20T10:18:09+00:00,Company,Programmes,Natural Account,N
Karandaaz PK,11,Karandaaz,0,None,,,A,C241007,Escrow Account - NBP,1.06E+08,0,0,1.06E+08,Karandaaz PK,Karandaaz PK,Period to date balance type.,Jul-26,PKR,T,Total,,PKR,Natural Account and Additional Segment,Actual,,,,2026-08-20T10:18:09+00:00,Company,Programmes,Natural Account,N
Karandaaz PK,11,Karandaaz,0,None,,,A,C241008,Bank KRN-SNBL-Escrow IHV KTZ (20009608298),1845223,0,0,1845223,Karandaaz PK,Karandaaz PK,Period to date balance type.,Jul-26,PKR,T,Total,,PKR,Natural Account and Additional Segment,Actual,,,,2026-08-20T10:18:09+00:00,Company,Programmes,Natural Account,N
Karandaaz PK,11,Karandaaz,0,None,,,E,D103012,Digital Experiments (5-7),0,0,0,0,Karandaaz PK,Karandaaz PK,Period to date balance type.,Jul-26,PKR,T,Total,,PKR,Natural Account and Additional Segment,Actual,,,,2026-08-20T10:18:09+00:00,Company,Programmes,Natural Account,N
Karandaaz PK,11,Karandaaz,0,None,,,E,D103015,UI/UX based support for market players,0,0,0,0,Karandaaz PK,Karandaaz PK,Period to date balance type.,Jul-26,PKR,T,Total,,PKR,Natural Account and Additional Segment,Actual,,,,2026-08-20T10:18:09+00:00,Company,Programmes,Natural Account,N
Karandaaz PK,11,Karandaaz,0,None,,,E,D103016,Fintech Disrupt Challenge,0,0,0,0,Karandaaz PK,Karandaaz PK,Period to date balance type.,Jul-26,PKR,T,Total,,PKR,Natural Account and Additional Segment,Actual,,,,2026-08-20T10:18:09+00:00,Company,Programmes,Natural Account,N
Karandaaz PK,11,Karandaaz,0,None,,,E,D103020,FIWC - 2,0,0,0,0,Karandaaz PK,Karandaaz PK,Period to date balance type.,Jul-26,PKR,T,Total,,PKR,Natural Account and Additional Segment,Actual,,,,2026-08-20T10:18:09+00:00,Company,Programmes,Natural Account,N
Karandaaz PK,11,Karandaaz,0,None,,,E,D105004,CDNS,0,0,0,0,Karandaaz PK,Karandaaz PK,Period to date balance type.,Jul-26,PKR,T,Total,,PKR,Natural Account and Additional Segment,Actual,,,,2026-08-20T10:18:09+00:00,Company,Programmes,Natural Account,N
Karandaaz PK,11,Karandaaz,0,None,,,E,D105007,Agri Value Chain Payment Digitization,0,0,0,0,Karandaaz PK,Karandaaz PK,Period to date balance type.,Jul-26,PKR,T,Total,,PKR,Natural Account and Additional Segment,Actual,,,,2026-08-20T10:18:09+00:00,Company,Programmes,Natural Account,N
Karandaaz PK,11,Karandaaz,0,None,,,E,D105008,SECP Digital & IT Transformation,0,0,0,0,Karandaaz PK,Karandaaz PK,Period to date balance type.,Jul-26,PKR,T,Total,,PKR,Natural Account and Additional Segment,Actual,,,,2026-08-20T10:18:09+00:00,Company,Programmes,Natural Account,N
Karandaaz PK,11,Karandaaz,0,None,,,E,D106004,BISP- ERP & Payment reconciliation system,0,0,0,0,Karandaaz PK,Karandaaz PK,Period to date balance type.,Jul-26,PKR,T,Total,,PKR,Natural Account and Additional Segment,Actual,,,,2026-08-20T10:18:09+00:00,Company,Programmes,Natural Account,N
Karandaaz PK,11,Karandaaz,0,None,,,E,D107002,MPG - Infrastructure,0,0,0,0,Karandaaz PK,Karandaaz PK,Period to date balance type.,Jul-26,PKR,T,Total,,PKR,Natural Account and Additional Segment,Actual,,,,2026-08-20T10:18:09+00:00,Company,Programmes,Natural Account,N
Karandaaz PK,11,Karandaaz,0,None,,,E,D107003,MPG - Consultant (Mckinsey),0,0,0,0,Karandaaz PK,Karandaaz PK,Period to date balance type.,Jul-26,PKR,T,Total,,PKR,Natural Account and Additional Segment,Actual,,,,2026-08-20T10:18:09+00:00,Company,Programmes,Natural Account,N
Karandaaz PK,11,Karandaaz,0,None,,,E,D107004,MPG Infrastructure,0,0,0,0,Karandaaz PK,Karandaaz PK,Period to date balance type.,Jul-26,PKR,T,Total,,PKR,Natural Account and Additional Segment,Actual,,,,2026-08-20T10:18:09+00:00,Company,Programmes,Natural Account,N
Karandaaz PK,11,Karandaaz,0,None,,,E,D107005,Pilot MPG Linked Projects,0,0,0,0,Karandaaz PK,Karandaaz PK,Period to date balance type.,Jul-26,PKR,T,Total,,PKR,Natural Account and Additional Segment,Actual,,,,2026-08-20T10:18:09+00:00,Company,Programmes,Natural Account,N
Karandaaz PK,11,Karandaaz,0,None,,,E,D107007,MPG Operations,0,0,0,0,Karandaaz PK,Karandaaz PK,Period to date balance type.,Jul-26,PKR,T,Total,,PKR,Natural Account and Additional Segment,Actual,,,,2026-08-20T10:18:09+00:00,Company,Programmes,Natural Account,N
Karandaaz PK,11,Karandaaz,0,None,,,E,D107009,Engagement with Fintech Practitioners,0,0,0,0,Karandaaz PK,Karandaaz PK,Period to date balance type.,Jul-26,PKR,T,Total,,PKR,Natural Account and Additional Segment,Actual,,,,2026-08-20T10:18:09+00:00,Company,Programmes,Natural Account,N
Karandaaz PK,11,Karandaaz,0,None,,,E,D107011,Company Registry,0,0,0,0,Karandaaz PK,Karandaaz PK,Period to date balance type.,Jul-26,PKR,T,Total,,PKR,Natural Account and Additional Segment,Actual,,,,2026-08-20T10:18:09+00:00,Company,Programmes,Natural Account,N
Karandaaz PK,11,Karandaaz,0,None,,,E,D107043,RAAST Implementation Phase,0,0,0,0,Karandaaz PK,Karandaaz PK,Period to date balance type.,Jul-26,PKR,T,Total,,PKR,Natural Account and Additional Segment,Actual,,,,2026-08-20T10:18:09+00:00,Company,Programmes,Natural Account,N
Karandaaz PK,11,Karandaaz,0,None,,,A,F151001,Fixed Assets - Vehicles,26985060,0,0,26985060,Karandaaz PK,Karandaaz PK,Period to date balance type.,Jul-26,PKR,T,Total,,PKR,Natural Account and Additional Segment,Actual,,,,2026-08-20T10:18:09+00:00,Company,Programmes,Natural Account,N
Karandaaz PK,11,Karandaaz,0,None,,,A,F151002,Fixed Assets - Equipments,12984444,0,0,12984444,Karandaaz PK,Karandaaz PK,Period to date balance type.,Jul-26,PKR,T,Total,,PKR,Natural Account and Additional Segment,Actual,,,,2026-08-20T10:18:09+00:00,Company,Programmes,Natural Account,N
Karandaaz PK,11,Karandaaz,0,None,,,A,F151003,Computers & Printers,26969167,0,0,26969167,Karandaaz PK,Karandaaz PK,Period to date balance type.,Jul-26,PKR,T,Total,,PKR,Natural Account and Additional Segment,Actual,,,,2026-08-20T10:18:09+00:00,Company,Programmes,Natural Account,N
Karandaaz PK,11,Karandaaz,0,None,,,A,F151004,Furniture & Fixtures,25552613,0,0,25552613,Karandaaz PK,Karandaaz PK,Period to date balance type.,Jul-26,PKR,T,Total,,PKR,Natural Account and Additional Segment,Actual,,,,2026-08-20T10:18:09+00:00,Company,Programmes,Natural Account,N
Karandaaz PK,11,Karandaaz,0,None,,,A,F151005,Fixed Asset Electrical Equipment GREEN,0,0,0,0,Karandaaz PK,Karandaaz PK,Period to date balance type.,Jul-26,PKR,T,Total,,PKR,Natural Account and Additional Segment,Actual,,,,2026-08-20T10:18:09+00:00,Company,Programmes,Natural Account,N
Karandaaz PK,11,Karandaaz,0,None,,,A,F151006,Solar Equipment,3745000,0,0,3745000,Karandaaz PK,Karandaaz PK,Period to date balance type.,Jul-26,PKR,T,Total,,PKR,Natural Account and Additional Segment,Actual,,,,2026-08-20T10:18:09+00:00,Company,Programmes,Natural Account,N
Karandaaz PK,11,Karandaaz,0,None,,,A,F152001,Furniture and Fixtures - Clearing Account,-796258,0,0,-796258,Karandaaz PK,Karandaaz PK,Period to date balance type.,Jul-26,PKR,T,Total,,PKR,Natural Account and Additional Segment,Actual,,,,2026-08-20T10:18:09+00:00,Company,Programmes,Natural Account,N
Karandaaz PK,11,Karandaaz,0,None,,,A,F152002,Vehicles - Clearing Account,-2.20E+07,0,0,-2.20E+07,Karandaaz PK,Karandaaz PK,Period to date balance type.,Jul-26,PKR,T,Total,,PKR,Natural Account and Additional Segment,Actual,,,,2026-08-20T10:18:09+00:00,Company,Programmes,Natural Account,N
Karandaaz PK,11,Karandaaz,0,None,,,A,F152003,Office Equipment - Clearing Account,-4863464,0,0,-4863464,Karandaaz PK,Karandaaz PK,Period to date balance type.,Jul-26,PKR,T,Total,,PKR,Natural Account and Additional Segment,Actual,,,,2026-08-20T10:18:09+00:00,Company,Programmes,Natural Account,N
Karandaaz PK,11,Karandaaz,0,None,,,A,F152004,Computers - Clearing Account,-8627714,0,0,-8627714,Karandaaz PK,Karandaaz PK,Period to date balance type.,Jul-26,PKR,T,Total,,PKR,Natural Account and Additional Segment,Actual,,,,2026-08-20T10:18:09+00:00,Company,Programmes,Natural Account,N
Karandaaz PK,11,Karandaaz,0,None,,,A,F152006,Solar Equipment - Clearing Account,0,0,0,0,Karandaaz PK,Karandaaz PK,Period to date balance type.,Jul-26,PKR,T,Total,,PKR,Natural Account and Additional Segment,Actual,,,,2026-08-20T10:18:09+00:00,Company,Programmes,Natural Account,N
Karandaaz PK,11,Karandaaz,0,None,,,A,F153001,Acc Dep - Vehicle,-6141213,0,0,-6141213,Karandaaz PK,Karandaaz PK,Period to date balance type.,Jul-26,PKR,T,Total,,PKR,Natural Account and Additional Segment,Actual,,,,2026-08-20T10:18:09+00:00,Company,Programmes,Natural Account,N
Karandaaz PK,11,Karandaaz,0,None,,,A,F153002,Acc Dep - Equipment,-7836480,0,0,-7836480,Karandaaz PK,Karandaaz PK,Period to date balance type.,Jul-26,PKR,T,Total,,PKR,Natural Account and Additional Segment,Actual,,,,2026-08-20T10:18:09+00:00,Company,Programmes,Natural Account,N
Karandaaz PK,11,Karandaaz,0,None,,,A,F153003,Acc Dep - Computers,-3.00E+07,0,0,-3.00E+07,Karandaaz PK,Karandaaz PK,Period to date balance type.,Jul-26,PKR,T,Total,,PKR,Natural Account and Additional Segment,Actual,,,,2026-08-20T10:18:09+00:00,Company,Programmes,Natural Account,N
Karandaaz PK,11,Karandaaz,0,None,,,A,F153004,Acc Dep - Furniture and Fixtures,-2.50E+07,0,0,-2.50E+07,Karandaaz PK,Karandaaz PK,Period to date balance type.,Jul-26,PKR,T,Total,,PKR,Natural Account and Additional Segment,Actual,,,,2026-08-20T10:18:09+00:00,Company,Programmes,Natural Account,N
Karandaaz PK,11,Karandaaz,0,None,,,A,F153005,Acc Dep - Electrical Equipment GREEN,0,0,0,0,Karandaaz PK,Karandaaz PK,Period to date balance type.,Jul-26,PKR,T,Total,,PKR,Natural Account and Additional Segment,Actual,,,,2026-08-20T10:18:09+00:00,Company,Programmes,Natural Account,N
Karandaaz PK,11,Karandaaz,0,None,,,A,F153006,Acc Dep - Solar Equipment,-1529805,0,0,-1529805,Karandaaz PK,Karandaaz PK,Period to date balance type.,Jul-26,PKR,T,Total,,PKR,Natural Account and Additional Segment,Actual,,,,2026-08-20T10:18:09+00:00,Company,Programmes,Natural Account,N
Karandaaz PK,11,Karandaaz,0,None,,,E,H101001,Bank Charges,0,0,0,0,Karandaaz PK,Karandaaz PK,Period to date balance type.,Jul-26,PKR,T,Total,,PKR,Natural Account and Additional Segment,Actual,,,,2026-08-20T10:18:09+00:00,Company,Programmes,Natural Account,N
Karandaaz PK,11,Karandaaz,0,None,,,E,H102001,Amortization of Intangible Assets,0,0,0,0,Karandaaz PK,Karandaaz PK,Period to date balance type.,Jul-26,PKR,T,Total,,PKR,Natural Account and Additional Segment,Actual,,,,2026-08-20T10:18:09+00:00,Company,Programmes,Natural Account,N
Karandaaz PK,11,Karandaaz,0,None,,,E,H103002,Capacity Building,0,0,0,0,Karandaaz PK,Karandaaz PK,Period to date balance type.,Jul-26,PKR,T,Total,,PKR,Natural Account and Additional Segment,Actual,,,,2026-08-20T10:18:09+00:00,Company,Programmes,Natural Account,N
Karandaaz PK,11,Karandaaz,0,None,,,E,H104001,Travel,0,0,0,0,Karandaaz PK,Karandaaz PK,Period to date balance type.,Jul-26,PKR,T,Total,,PKR,Natural Account and Additional Segment,Actual,,,,2026-08-20T10:18:09+00:00,Company,Programmes,Natural Account,N
Karandaaz PK,11,Karandaaz,0,None,,,E,H105001,HR Consultancies & Internships,0,0,0,0,Karandaaz PK,Karandaaz PK,Period to date balance type.,Jul-26,PKR,T,Total,,PKR,Natural Account and Additional Segment,Actual,,,,2026-08-20T10:18:09+00:00,Company,Programmes,Natural Account,N
Karandaaz PK,11,Karandaaz,0,None,,,E,H106001,Electricity,0,0,0,0,Karandaaz PK,Karandaaz PK,Period to date balance type.,Jul-26,PKR,T,Total,,PKR,Natural Account and Additional Segment,Actual,,,,2026-08-20T10:18:09+00:00,Company,Programmes,Natural Account,N
Karandaaz PK,11,Karandaaz,0,None,,,E,H106002,Telephone & Internet,0,0,0,0,Karandaaz PK,Karandaaz PK,Period to date balance type.,Jul-26,PKR,T,Total,,PKR,Natural Account and Additional Segment,Actual,,,,2026-08-20T10:18:09+00:00,Company,Programmes,Natural Account,N
Karandaaz PK,11,Karandaaz,0,None,,,E,H106003,Communication reimbursement,0.00E+00,0,0,0.00E+00,Karandaaz PK,Karandaaz PK,Period to date balance type.,Jul-26,PKR,T,Total,,PKR,Natural Account and Additional Segment,Actual,,,,2026-08-20T10:18:09+00:00,Company,Programmes,Natural Account,N
Karandaaz PK,11,Karandaaz,0,None,,,E,H106006,Generator Expenses,0,0,0,0,Karandaaz PK,Karandaaz PK,Period to date balance type.,Jul-26,PKR,T,Total,,PKR,Natural Account and Additional Segment,Actual,,,,2026-08-20T10:18:09+00:00,Company,Programmes,Natural Account,N
Karandaaz PK,11,Karandaaz,0,None,,,E,H106007,Fuel reimbursement,0,0,0,0,Karandaaz PK,Karandaaz PK,Period to date balance type.,Jul-26,PKR,T,Total,,PKR,Natural Account and Additional Segment,Actual,,,,2026-08-20T10:18:09+00:00,Company,Programmes,Natural Account,N
Karandaaz PK,11,Karandaaz,0,None,,,E,H107001,Depreciation Expense - Furnitures and Fixtures,0,0,0,0,Karandaaz PK,Karandaaz PK,Period to date balance type.,Jul-26,PKR,T,Total,,PKR,Natural Account and Additional Segment,Actual,,,,2026-08-20T10:18:09+00:00,Company,Programmes,Natural Account,N
Karandaaz PK,11,Karandaaz,0,None,,,E,H107002,Depreciation Expense - Office Equipment,0,0,0,0,Karandaaz PK,Karandaaz PK,Period to date balance type.,Jul-26,PKR,T,Total,,PKR,Natural Account and Additional Segment,Actual,,,,2026-08-20T10:18:09+00:00,Company,Programmes,Natural Account,N
Karandaaz PK,11,Karandaaz,0,None,,,E,H107003,Depreciation Expense - Vehicles,0,0,0,0,Karandaaz PK,Karandaaz PK,Period to date balance type.,Jul-26,PKR,T,Total,,PKR,Natural Account and Additional Segment,Actual,,,,2026-08-20T10:18:09+00:00,Company,Programmes,Natural Account,N
Karandaaz PK,11,Karandaaz,0,None,,,E,H107004,Depreciation Expense - Computers,0,0,0,0,Karandaaz PK,Karandaaz PK,Period to date balance type.,Jul-26,PKR,T,Total,,PKR,Natural Account and Additional Segment,Actual,,,,2026-08-20T10:18:09+00:00,Company,Programmes,Natural Account,N
Karandaaz PK,11,Karandaaz,0,None,,,E,H107005,Depreciation Expense - ROUA,0,0,0,0,Karandaaz PK,Karandaaz PK,Period to date balance type.,Jul-26,PKR,T,Total,,PKR,Natural Account and Additional Segment,Actual,,,,2026-08-20T10:18:09+00:00,Company,Programmes,Natural Account,N
Karandaaz PK,11,Karandaaz,0,None,,,E,H108002,Vehicle Operations,0,0,0,0,Karandaaz PK,Karandaaz PK,Period to date balance type.,Jul-26,PKR,T,Total,,PKR,Natural Account and Additional Segment,Actual,,,,2026-08-20T10:18:09+00:00,Company,Programmes,Natural Account,N
Karandaaz PK,11,Karandaaz,0,None,,,E,H108003,Vehicle Maintenance,0,0,0,0,Karandaaz PK,Karandaaz PK,Period to date balance type.,Jul-26,PKR,T,Total,,PKR,Natural Account and Additional Segment,Actual,,,,2026-08-20T10:18:09+00:00,Company,Programmes,Natural Account,N
Karandaaz PK,11,Karandaaz,0,None,,,E,H110002,Health Insurance - Amortization,0.00E+00,0,0,0.00E+00,Karandaaz PK,Karandaaz PK,Period to date balance type.,Jul-26,PKR,T,Total,,PKR,Natural Account and Additional Segment,Actual,,,,2026-08-20T10:18:09+00:00,Company,Programmes,Natural Account,N
Karandaaz PK,11,Karandaaz,0,None,,,L,H110004,Deferred Tax Liability,0,0,0,0,Karandaaz PK,Karandaaz PK,Period to date balance type.,Jul-26,PKR,T,Total,,PKR,Natural Account and Additional Segment,Actual,,,,2026-08-20T10:18:09+00:00,Company,Programmes,Natural Account,N
Karandaaz PK,11,Karandaaz,0,None,,,E,H113001,Exchange Gain,0,0,0,0,Karandaaz PK,Karandaaz PK,Period to date balance type.,Jul-26,PKR,T,Total,,PKR,Natural Account and Additional Segment,Actual,,,,2026-08-20T10:18:09+00:00,Company,Programmes,Natural Account,N
Karandaaz PK,11,Karandaaz,0,None,,,E,H113002,Exchange Loss,0,0,0,0,Karandaaz PK,Karandaaz PK,Period to date balance type.,Jul-26,PKR,T,Total,,PKR,Natural Account and Additional Segment,Actual,,,,2026-08-20T10:18:09+00:00,Company,Programmes,Natural Account,N
Karandaaz PK,11,Karandaaz,0,None,,,E,H114001,Investment / Credit Committee,0.00E+00,0,0,0.00E+00,Karandaaz PK,Karandaaz PK,Period to date balance type.,Jul-26,PKR,T,Total,,PKR,Natural Account and Additional Segment,Actual,,,,2026-08-20T10:18:09+00:00,Company,Programmes,Natural Account,N
Karandaaz PK,11,Karandaaz,0,None,,,E,H115001,Meeting & Conferences,0.00E+00,0,0,0.00E+00,Karandaaz PK,Karandaaz PK,Period to date balance type.,Jul-26,PKR,T,Total,,PKR,Natural Account and Additional Segment,Actual,,,,2026-08-20T10:18:09+00:00,Company,Programmes,Natural Account,N
Karandaaz PK,11,Karandaaz,0,None,,,E,H116001,Kitchen Supplies,0,0,0,0,Karandaaz PK,Karandaaz PK,Period to date balance type.,Jul-26,PKR,T,Total,,PKR,Natural Account and Additional Segment,Actual,,,,2026-08-20T10:18:09+00:00,Company,Programmes,Natural Account,N
Karandaaz PK,11,Karandaaz,0,None,,,E,H116002,Cleaning Material,0,0,0,0,Karandaaz PK,Karandaaz PK,Period to date balance type.,Jul-26,PKR,T,Total,,PKR,Natural Account and Additional Segment,Actual,,,,2026-08-20T10:18:09+00:00,Company,Programmes,Natural Account,N
Karandaaz PK,11,Karandaaz,0,None,,,E,H116003,Postage & Courier,0,0,0,0,Karandaaz PK,Karandaaz PK,Period to date balance type.,Jul-26,PKR,T,Total,,PKR,Natural Account and Additional Segment,Actual,,,,2026-08-20T10:18:09+00:00,Company,Programmes,Natural Account,N
Karandaaz PK,11,Karandaaz,0,None,,,E,H116004,Office Supplies,0,0,0,0,Karandaaz PK,Karandaaz PK,Period to date balance type.,Jul-26,PKR,T,Total,,PKR,Natural Account and Additional Segment,Actual,,,,2026-08-20T10:18:09+00:00,Company,Programmes,Natural Account,N
Karandaaz PK,11,Karandaaz,0,None,,,E,H116006,IT Supplies,0,0,0,0,Karandaaz PK,Karandaaz PK,Period to date balance type.,Jul-26,PKR,T,Total,,PKR,Natural Account and Additional Segment,Actual,,,,2026-08-20T10:18:09+00:00,Company,Programmes,Natural Account,N
Karandaaz PK,11,Karandaaz,0,None,,,E,H116007,IT - Repair and Maintenance,0.00E+00,0,0,0.00E+00,Karandaaz PK,Karandaaz PK,Period to date balance type.,Jul-26,PKR,T,Total,,PKR,Natural Account and Additional Segment,Actual,,,,2026-08-20T10:18:09+00:00,Company,Programmes,Natural Account,N
Karandaaz PK,11,Karandaaz,0,None,,,E,H116008,Printer Monthly Rental and Usage,0.00E+00,0,0,0.00E+00,Karandaaz PK,Karandaaz PK,Period to date balance type.,Jul-26,PKR,T,Total,,PKR,Natural Account and Additional Segment,Actual,,,,2026-08-20T10:18:09+00:00,Company,Programmes,Natural Account,N
Karandaaz PK,11,Karandaaz,0,None,,,E,H117001,Office Rent- Islamabad,0,0,0,0,Karandaaz PK,Karandaaz PK,Period to date balance type.,Jul-26,PKR,T,Total,,PKR,Natural Account and Additional Segment,Actual,,,,2026-08-20T10:18:09+00:00,Company,Programmes,Natural Account,N
Karandaaz PK,11,Karandaaz,0,None,,,E,H118001,Amortization - Asset and Vehicles Insurance,0,0,0,0,Karandaaz PK,Karandaaz PK,Period to date balance type.,Jul-26,PKR,T,Total,,PKR,Natural Account and Additional Segment,Actual,,,,2026-08-20T10:18:09+00:00,Company,Programmes,Natural Account,N
Karandaaz PK,11,Karandaaz,0,None,,,E,H119001,Boarding & Lodging,0,0,0,0,Karandaaz PK,Karandaaz PK,Period to date balance type.,Jul-26,PKR,T,Total,,PKR,Natural Account and Additional Segment,Actual,,,,2026-08-20T10:18:09+00:00,Company,Programmes,Natural Account,N
Karandaaz PK,11,Karandaaz,0,None,,,E,H119003,Perdiem,0,0,0,0,Karandaaz PK,Karandaaz PK,Period to date balance type.,Jul-26,PKR,T,Total,,PKR,Natural Account and Additional Segment,Actual,,,,2026-08-20T10:18:09+00:00,Company,Programmes,Natural Account,N
Karandaaz PK,11,Karandaaz,0,None,,,E,H121001,Office Stationery,0,0,0,0,Karandaaz PK,Karandaaz PK,Period to date balance type.,Jul-26,PKR,T,Total,,PKR,Natural Account and Additional Segment,Actual,,,,2026-08-20T10:18:09+00:00,Company,Programmes,Natural Account,N
Karandaaz PK,11,Karandaaz,0,None,,,E,H121002,Stationery Printing,0,0,0,0,Karandaaz PK,Karandaaz PK,Period to date balance type.,Jul-26,PKR,T,Total,,PKR,Natural Account and Additional Segment,Actual,,,,2026-08-20T10:18:09+00:00,Company,Programmes,Natural Account,N
Karandaaz PK,11,Karandaaz,0,None,,,E,H122001,IT Consultancy,0,0,0,0,Karandaaz PK,Karandaaz PK,Period to date balance type.,Jul-26,PKR,T,Total,,PKR,Natural Account and Additional Segment,Actual,,,,2026-08-20T10:18:09+00:00,Company,Programmes,Natural Account,N
Karandaaz PK,11,Karandaaz,0,None,,,E,H122002,External Audit,0,0,0,0,Karandaaz PK,Karandaaz PK,Period to date balance type.,Jul-26,PKR,T,Total,,PKR,Natural Account and Additional Segment,Actual,,,,2026-08-20T10:18:09+00:00,Company,Programmes,Natural Account,N
Karandaaz PK,11,Karandaaz,0,None,,,E,H122004,Legal Charges,0,0,0,0,Karandaaz PK,Karandaaz PK,Period to date balance type.,Jul-26,PKR,T,Total,,PKR,Natural Account and Additional Segment,Actual,,,,2026-08-20T10:18:09+00:00,Company,Programmes,Natural Account,N
Karandaaz PK,11,Karandaaz,0,None,,,E,H122005,Out of Pocket Ext-Audit,0,0,0,0,Karandaaz PK,Karandaaz PK,Period to date balance type.,Jul-26,PKR,T,Total,,PKR,Natural Account and Additional Segment,Actual,,,,2026-08-20T10:18:09+00:00,Company,Programmes,Natural Account,N
Karandaaz PK,11,Karandaaz,0,None,,,E,H122006,Out of Pocket Internal-Audit,0,0,0,0,Karandaaz PK,Karandaaz PK,Period to date balance type.,Jul-26,PKR,T,Total,,PKR,Natural Account and Additional Segment,Actual,,,,2026-08-20T10:18:09+00:00,Company,Programmes,Natural Account,N
Karandaaz PK,11,Karandaaz,0,None,,,E,H122007,Tax Consultancy,0,0,0,0,Karandaaz PK,Karandaaz PK,Period to date balance type.,Jul-26,PKR,T,Total,,PKR,Natural Account and Additional Segment,Actual,,,,2026-08-20T10:18:09+00:00,Company,Programmes,Natural Account,N
Karandaaz PK,11,Karandaaz,0,None,,,E,H122010,External Audit Fee - Group Audits,0,0,0,0,Karandaaz PK,Karandaaz PK,Period to date balance type.,Jul-26,PKR,T,Total,,PKR,Natural Account and Additional Segment,Actual,,,,2026-08-20T10:18:09+00:00,Company,Programmes,Natural Account,N
Karandaaz PK,11,Karandaaz,0,None,,,E,H123003,Daily Wages,0,0,0,0,Karandaaz PK,Karandaaz PK,Period to date balance type.,Jul-26,PKR,T,Total,,PKR,Natural Account and Additional Segment,Actual,,,,2026-08-20T10:18:09+00:00,Company,Programmes,Natural Account,N
Karandaaz PK,11,Karandaaz,0,None,,,E,H123005,Staff Training,0,0,0,0,Karandaaz PK,Karandaaz PK,Period to date balance type.,Jul-26,PKR,T,Total,,PKR,Natural Account and Additional Segment,Actual,,,,2026-08-20T10:18:09+00:00,Company,Programmes,Natural Account,N
Karandaaz PK,11,Karandaaz,0,None,,,E,H123006,EOBI Expense,0,2397,0,2397,Karandaaz PK,Karandaaz PK,Period to date balance type.,Jul-26,PKR,T,Total,,PKR,Natural Account and Additional Segment,Actual,,,,2026-08-20T10:18:09+00:00,Company,Programmes,Natural Account,N
Karandaaz PK,11,Karandaaz,0,None,,,E,H123007,Advertisement Expenses,0,0,0,0,Karandaaz PK,Karandaaz PK,Period to date balance type.,Jul-26,PKR,T,Total,,PKR,Natural Account and Additional Segment,Actual,,,,2026-08-20T10:18:09+00:00,Company,Programmes,Natural Account,N
Karandaaz PK,11,Karandaaz,0,None,,,E,H124001,Office Repair & Maintenance,0,0,0,0,Karandaaz PK,Karandaaz PK,Period to date balance type.,Jul-26,PKR,T,Total,,PKR,Natural Account and Additional Segment,Actual,,,,2026-08-20T10:18:09+00:00,Company,Programmes,Natural Account,N
Karandaaz PK,11,Karandaaz,0,None,,,E,H125001,Software Annual Support Services,0,0,0,0,Karandaaz PK,Karandaaz PK,Period to date balance type.,Jul-26,PKR,T,Total,,PKR,Natural Account and Additional Segment,Actual,,,,2026-08-20T10:18:09+00:00,Company,Programmes,Natural Account,N
Karandaaz PK,11,Karandaaz,0,None,,,E,H125002,Annual License fee - Amortization,0,0,0,0,Karandaaz PK,Karandaaz PK,Period to date balance type.,Jul-26,PKR,T,Total,,PKR,Natural Account and Additional Segment,Actual,,,,2026-08-20T10:18:09+00:00,Company,Programmes,Natural Account,N
Karandaaz PK,11,Karandaaz,0,None,,,E,H126001,Fee & Subscription,0,0,0,0,Karandaaz PK,Karandaaz PK,Period to date balance type.,Jul-26,PKR,T,Total,,PKR,Natural Account and Additional Segment,Actual,,,,2026-08-20T10:18:09+00:00,Company,Programmes,Natural Account,N
Karandaaz PK,11,Karandaaz,0,None,,,E,H126002,Employee Engagement,0,0,0,0,Karandaaz PK,Karandaaz PK,Period to date balance type.,Jul-26,PKR,T,Total,,PKR,Natural Account and Additional Segment,Actual,,,,2026-08-20T10:18:09+00:00,Company,Programmes,Natural Account,N
Karandaaz PK,11,Karandaaz,0,None,,,E,H126005,SPOT recognition,0,0,0,0,Karandaaz PK,Karandaaz PK,Period to date balance type.,Jul-26,PKR,T,Total,,PKR,Natural Account and Additional Segment,Actual,,,,2026-08-20T10:18:09+00:00,Company,Programmes,Natural Account,N
Karandaaz PK,11,Karandaaz,0,None,,,E,H127001,Loss on disposal of Fixed Assets,0,0,0,0,Karandaaz PK,Karandaaz PK,Period to date balance type.,Jul-26,PKR,T,Total,,PKR,Natural Account and Additional Segment,Actual,,,,2026-08-20T10:18:09+00:00,Company,Programmes,Natural Account,N
Karandaaz PK,11,Karandaaz,0,None,,,E,H128001,Guards & Janitorial Services,0,0,0,0,Karandaaz PK,Karandaaz PK,Period to date balance type.,Jul-26,PKR,T,Total,,PKR,Natural Account and Additional Segment,Actual,,,,2026-08-20T10:18:09+00:00,Company,Programmes,Natural Account,N
Karandaaz PK,11,Karandaaz,0,None,,,E,H128002,Corporate and Social Responsibility,0,0,0,0,Karandaaz PK,Karandaaz PK,Period to date balance type.,Jul-26,PKR,T,Total,,PKR,Natural Account and Additional Segment,Actual,,,,2026-08-20T10:18:09+00:00,Company,Programmes,Natural Account,N
Karandaaz PK,11,Karandaaz,0,None,,,E,H129006,Directors & officers liability insurance,0,0,0,0,Karandaaz PK,Karandaaz PK,Period to date balance type.,Jul-26,PKR,T,Total,,PKR,Natural Account and Additional Segment,Actual,,,,2026-08-20T10:18:09+00:00,Company,Programmes,Natural Account,N
Karandaaz PK,11,Karandaaz,0,None,,,E,H129008,Other Expense,0,0,0,0,Karandaaz PK,Karandaaz PK,Period to date balance type.,Jul-26,PKR,T,Total,,PKR,Natural Account and Additional Segment,Actual,,,,2026-08-20T10:18:09+00:00,Company,Programmes,Natural Account,N
Karandaaz PK,11,Karandaaz,0,None,,,E,H129009,JSK Feeds - Management Expense,0,0,0,0,Karandaaz PK,Karandaaz PK,Period to date balance type.,Jul-26,PKR,T,Total,,PKR,Natural Account and Additional Segment,Actual,,,,2026-08-20T10:18:09+00:00,Company,Programmes,Natural Account,N
Karandaaz PK,11,Karandaaz,0,None,,,E,H129014,Impaiment Loss under IFRS 9,0,0,0,0,Karandaaz PK,Karandaaz PK,Period to date balance type.,Jul-26,PKR,T,Total,,PKR,Natural Account and Additional Segment,Actual,,,,2026-08-20T10:18:09+00:00,Company,Programmes,Natural Account,N
Karandaaz PK,11,Karandaaz,0,None,,,E,H129018,Finance Cost on Lease Liability,0,0,0,0,Karandaaz PK,Karandaaz PK,Period to date balance type.,Jul-26,PKR,T,Total,,PKR,Natural Account and Additional Segment,Actual,,,,2026-08-20T10:18:09+00:00,Company,Programmes,Natural Account,N
Karandaaz PK,11,Karandaaz,0,None,,,E,H129019,Loss on below market rate loans - PFSL,0,0,0,0,Karandaaz PK,Karandaaz PK,Period to date balance type.,Jul-26,PKR,T,Total,,PKR,Natural Account and Additional Segment,Actual,,,,2026-08-20T10:18:09+00:00,Company,Programmes,Natural Account,N
Karandaaz PK,11,Karandaaz,0,None,,,E,H129021,Life Insurance - Amortization,0,0,0,0,Karandaaz PK,Karandaaz PK,Period to date balance type.,Jul-26,PKR,T,Total,,PKR,Natural Account and Additional Segment,Actual,,,,2026-08-20T10:18:09+00:00,Company,Programmes,Natural Account,N
Karandaaz PK,11,Karandaaz,0,None,,,E,H129022,Unwinding of Interest on loan to BF Biosciences,0,0,0,0,Karandaaz PK,Karandaaz PK,Period to date balance type.,Jul-26,PKR,T,Total,,PKR,Natural Account and Additional Segment,Actual,,,,2026-08-20T10:18:09+00:00,Company,Programmes,Natural Account,N
Karandaaz PK,11,Karandaaz,0,None,,,E,H129024,Unwinding of Interest on loans through PFSL,0,0,0,0,Karandaaz PK,Karandaaz PK,Period to date balance type.,Jul-26,PKR,T,Total,,PKR,Natural Account and Additional Segment,Actual,,,,2026-08-20T10:18:09+00:00,Company,Programmes,Natural Account,N
Karandaaz PK,11,Karandaaz,0,None,,,E,H129025,Modification loss on below Market loans - PFSL,0,0,0,0,Karandaaz PK,Karandaaz PK,Period to date balance type.,Jul-26,PKR,T,Total,,PKR,Natural Account and Additional Segment,Actual,,,,2026-08-20T10:18:09+00:00,Company,Programmes,Natural Account,N
Karandaaz PK,11,Karandaaz,0,None,,,E,H129027,Life Insurance - Expense,0,0,0,0,Karandaaz PK,Karandaaz PK,Period to date balance type.,Jul-26,PKR,T,Total,,PKR,Natural Account and Additional Segment,Actual,,,,2026-08-20T10:18:09+00:00,Company,Programmes,Natural Account,N
Karandaaz PK,11,Karandaaz,0,None,,,E,H129028,BFBL-SME Loans-Variable Expenses,0,0,0,0,Karandaaz PK,Karandaaz PK,Period to date balance type.,Jul-26,PKR,T,Total,,PKR,Natural Account and Additional Segment,Actual,,,,2026-08-20T10:18:09+00:00,Company,Programmes,Natural Account,N
Karandaaz PK,11,Karandaaz,0,None,,,E,H129029,Nizam- SME Loans- Variable Expenses,0,0,0,0,Karandaaz PK,Karandaaz PK,Period to date balance type.,Jul-26,PKR,T,Total,,PKR,Natural Account and Additional Segment,Actual,,,,2026-08-20T10:18:09+00:00,Company,Programmes,Natural Account,N
Karandaaz PK,11,Karandaaz,0,None,,,E,H129030,WHT on dividend,0,0,0,0,Karandaaz PK,Karandaaz PK,Period to date balance type.,Jul-26,PKR,T,Total,,PKR,Natural Account and Additional Segment,Actual,,,,2026-08-20T10:18:09+00:00,Company,Programmes,Natural Account,N
Karandaaz PK,11,Karandaaz,0,None,,,E,H129033,Management fee expense PFSL,0,0,0,0,Karandaaz PK,Karandaaz PK,Period to date balance type.,Jul-26,PKR,T,Total,,PKR,Natural Account and Additional Segment,Actual,,,,2026-08-20T10:18:09+00:00,Company,Programmes,Natural Account,N
Karandaaz PK,11,Karandaaz,0,None,,,E,H129034,Modification loss / gain on BFBL,0,0,0,0,Karandaaz PK,Karandaaz PK,Period to date balance type.,Jul-26,PKR,T,Total,,PKR,Natural Account and Additional Segment,Actual,,,,2026-08-20T10:18:09+00:00,Company,Programmes,Natural Account,N
Karandaaz PK,11,Karandaaz,0,None,,,E,H129035,Modification loss / gain due to change in cashflow on IHV,0,0,0,0,Karandaaz PK,Karandaaz PK,Period to date balance type.,Jul-26,PKR,T,Total,,PKR,Natural Account and Additional Segment,Actual,,,,2026-08-20T10:18:09+00:00,Company,Programmes,Natural Account,N
Karandaaz PK,11,Karandaaz,0,None,,,E,H129036,Modification loss on KRN convertible loans,0,0,0,0,Karandaaz PK,Karandaaz PK,Period to date balance type.,Jul-26,PKR,T,Total,,PKR,Natural Account and Additional Segment,Actual,,,,2026-08-20T10:18:09+00:00,Company,Programmes,Natural Account,N
Karandaaz PK,11,Karandaaz,0,None,,,E,H129037,Brokerage fee and Ancillary charges,0,0,0,0,Karandaaz PK,Karandaaz PK,Period to date balance type.,Jul-26,PKR,T,Total,,PKR,Natural Account and Additional Segment,Actual,,,,2026-08-20T10:18:09+00:00,Company,Programmes,Natural Account,N
Karandaaz PK,11,Karandaaz,0,None,,,E,H129038,Sales tax - Withholding by clients,0,0,0,0,Karandaaz PK,Karandaaz PK,Period to date balance type.,Jul-26,PKR,T,Total,,PKR,Natural Account and Additional Segment,Actual,,,,2026-08-20T10:18:09+00:00,Company,Programmes,Natural Account,N
Karandaaz PK,11,Karandaaz,0,None,,,E,H130002,Cross-Currency Rounding Account,0,0,0,0,Karandaaz PK,Karandaaz PK,Period to date balance type.,Jul-26,PKR,T,Total,,PKR,Natural Account and Additional Segment,Actual,,,,2026-08-20T10:18:09+00:00,Company,Programmes,Natural Account,N
Karandaaz PK,11,Karandaaz,0,None,,,E,H13003D,Dummy account as of June-22,0,0,0.16,-0.16,Karandaaz PK,Karandaaz PK,Period to date balance type.,Jul-26,PKR,T,Total,,PKR,Natural Account and Additional Segment,Actual,,,,2026-08-20T10:18:09+00:00,Company,Programmes,Natural Account,N
Karandaaz PK,11,Karandaaz,0,None,,,L,H131001,Lease Liability - ROUA,-6.60E+07,0,0,-6.60E+07,Karandaaz PK,Karandaaz PK,Period to date balance type.,Jul-26,PKR,T,Total,,PKR,Natural Account and Additional Segment,Actual,,,,2026-08-20T10:18:09+00:00,Company,Programmes,Natural Account,N
Karandaaz PK,11,Karandaaz,0,None,,,A,H171001,Advance Tax OLD FYs 2014 to 2016,17122076,0,0,17122076,Karandaaz PK,Karandaaz PK,Period to date balance type.,Jul-26,PKR,T,Total,,PKR,Natural Account and Additional Segment,Actual,,,,2026-08-20T10:18:09+00:00,Company,Programmes,Natural Account,N
Karandaaz PK,11,Karandaaz,0,None,,,A,H171002,Income Tax Refundable on Bank Profits,3.28E+08,0,0,3.28E+08,Karandaaz PK,Karandaaz PK,Period to date balance type.,Jul-26,PKR,T,Total,,PKR,Natural Account and Additional Segment,Actual,,,,2026-08-20T10:18:09+00:00,Company,Programmes,Natural Account,N
Karandaaz PK,11,Karandaaz,0,None,,,A,H171003,Income Tax Refundable on Bank Withdrawals,1530296,0,0,1530296,Karandaaz PK,Karandaaz PK,Period to date balance type.,Jul-26,PKR,T,Total,,PKR,Natural Account and Additional Segment,Actual,,,,2026-08-20T10:18:09+00:00,Company,Programmes,Natural Account,N
Karandaaz PK,11,Karandaaz,0,None,,,A,H171006,Advance Tax on Events,3347532,0,0,3347532,Karandaaz PK,Karandaaz PK,Period to date balance type.,Jul-26,PKR,T,Total,,PKR,Natural Account and Additional Segment,Actual,,,,2026-08-20T10:18:09+00:00,Company,Programmes,Natural Account,N
Karandaaz PK,11,Karandaaz,0,None,,,A,H171007,Income Tax Refundable- Subordinated Loan,1.19E+08,0,0,1.19E+08,Karandaaz PK,Karandaaz PK,Period to date balance type.,Jul-26,PKR,T,Total,,PKR,Natural Account and Additional Segment,Actual,,,,2026-08-20T10:18:09+00:00,Company,Programmes,Natural Account,N
Karandaaz PK,11,Karandaaz,0,None,,,A,H171008,Income Tax Refundable on BAFL SME's Profit,37511078,0,0,37511078,Karandaaz PK,Karandaaz PK,Period to date balance type.,Jul-26,PKR,T,Total,,PKR,Natural Account and Additional Segment,Actual,,,,2026-08-20T10:18:09+00:00,Company,Programmes,Natural Account,N
Karandaaz PK,11,Karandaaz,0,None,,,A,H171009,Income Tax Refundable - SNBL TFC's,25130401,0,0,25130401,Karandaaz PK,Karandaaz PK,Period to date balance type.,Jul-26,PKR,T,Total,,PKR,Natural Account and Additional Segment,Actual,,,,2026-08-20T10:18:09+00:00,Company,Programmes,Natural Account,N
Karandaaz PK,11,Karandaaz,0,None,,,A,H171010,Income tax Refundable - FAW Loan,28151607,0,0,28151607,Karandaaz PK,Karandaaz PK,Period to date balance type.,Jul-26,PKR,T,Total,,PKR,Natural Account and Additional Segment,Actual,,,,2026-08-20T10:18:09+00:00,Company,Programmes,Natural Account,N
Karandaaz PK,11,Karandaaz,0,None,,,A,H171011,Income Tax Refundable - Techlogix,478102,0,0,478102,Karandaaz PK,Karandaaz PK,Period to date balance type.,Jul-26,PKR,T,Total,,PKR,Natural Account and Additional Segment,Actual,,,,2026-08-20T10:18:09+00:00,Company,Programmes,Natural Account,N
Karandaaz PK,11,Karandaaz,0,None,,,A,H171012,Income tax Refundable - JSK Feeds,4336769,0,0,4336769,Karandaaz PK,Karandaaz PK,Period to date balance type.,Jul-26,PKR,T,Total,,PKR,Natural Account and Additional Segment,Actual,,,,2026-08-20T10:18:09+00:00,Company,Programmes,Natural Account,N
Karandaaz PK,11,Karandaaz,0,None,,,A,H171014,Income Tax Refundable- BAFL MTN Loan,11095767,0,0,11095767,Karandaaz PK,Karandaaz PK,Period to date balance type.,Jul-26,PKR,T,Total,,PKR,Natural Account and Additional Segment,Actual,,,,2026-08-20T10:18:09+00:00,Company,Programmes,Natural Account,N
Karandaaz PK,11,Karandaaz,0,None,,,A,H171015,Income Tax Refundable- Wahdat Loan,755116,0,0,755116,Karandaaz PK,Karandaaz PK,Period to date balance type.,Jul-26,PKR,T,Total,,PKR,Natural Account and Additional Segment,Actual,,,,2026-08-20T10:18:09+00:00,Company,Programmes,Natural Account,N
Karandaaz PK,11,Karandaaz,0,None,,,A,H171016,Income tax refundable - Convertible loans,148500,0,0,148500,Karandaaz PK,Karandaaz PK,Period to date balance type.,Jul-26,PKR,T,Total,,PKR,Natural Account and Additional Segment,Actual,,,,2026-08-20T10:18:09+00:00,Company,Programmes,Natural Account,N
Karandaaz PK,11,Karandaaz,0,None,,,A,H171017,Income Tax Refundable - PMRC SUKUK,15626668,0,0,15626668,Karandaaz PK,Karandaaz PK,Period to date balance type.,Jul-26,PKR,T,Total,,PKR,Natural Account and Additional Segment,Actual,,,,2026-08-20T10:18:09+00:00,Company,Programmes,Natural Account,N
Karandaaz PK,11,Karandaaz,0,None,,,A,H171018,Income Tax Refundable - ICF Escrow,250318.6,0,0,250318.6,Karandaaz PK,Karandaaz PK,Period to date balance type.,Jul-26,PKR,T,Total,,PKR,Natural Account and Additional Segment,Actual,,,,2026-08-20T10:18:09+00:00,Company,Programmes,Natural Account,N
Karandaaz PK,11,Karandaaz,0,None,,,A,H171019,Income tax refundable on WAHDAT loan,123124,0,0,123124,Karandaaz PK,Karandaaz PK,Period to date balance type.,Jul-26,PKR,T,Total,,PKR,Natural Account and Additional Segment,Actual,,,,2026-08-20T10:18:09+00:00,Company,Programmes,Natural Account,N
Karandaaz PK,11,Karandaaz,0,None,,,A,H171020,Income tax refundable PMIC,40014262,0,0,40014262,Karandaaz PK,Karandaaz PK,Period to date balance type.,Jul-26,PKR,T,Total,,PKR,Natural Account and Additional Segment,Actual,,,,2026-08-20T10:18:09+00:00,Company,Programmes,Natural Account,N
Karandaaz PK,11,Karandaaz,0,None,,,A,H171021,Income tax Refundable - BFBL,3059261,0,0,3059261,Karandaaz PK,Karandaaz PK,Period to date balance type.,Jul-26,PKR,T,Total,,PKR,Natural Account and Additional Segment,Actual,,,,2026-08-20T10:18:09+00:00,Company,Programmes,Natural Account,N
Karandaaz PK,11,Karandaaz,0,None,,,A,H171022,Income tax Refundable - Nizam,674054,0,0,674054,Karandaaz PK,Karandaaz PK,Period to date balance type.,Jul-26,PKR,T,Total,,PKR,Natural Account and Additional Segment,Actual,,,,2026-08-20T10:18:09+00:00,Company,Programmes,Natural Account,N
Karandaaz PK,11,Karandaaz,0,None,,,A,H171024,Income tax refundable - Renacon,294853,0,0,294853,Karandaaz PK,Karandaaz PK,Period to date balance type.,Jul-26,PKR,T,Total,,PKR,Natural Account and Additional Segment,Actual,,,,2026-08-20T10:18:09+00:00,Company,Programmes,Natural Account,N
Karandaaz PK,11,Karandaaz,0,None,,,A,H171025,Income tax refundable - NRSP,250200,0,0,250200,Karandaaz PK,Karandaaz PK,Period to date balance type.,Jul-26,PKR,T,Total,,PKR,Natural Account and Additional Segment,Actual,,,,2026-08-20T10:18:09+00:00,Company,Programmes,Natural Account,N
Karandaaz PK,11,Karandaaz,0,None,,,A,H171026,Advance tax on electricity bills,87531,0,0,87531,Karandaaz PK,Karandaaz PK,Period to date balance type.,Jul-26,PKR,T,Total,,PKR,Natural Account and Additional Segment,Actual,,,,2026-08-20T10:18:09+00:00,Company,Programmes,Natural Account,N
Karandaaz PK,11,Karandaaz,0,None,,,A,H171027,Advance tax on Internet bills,21294,0,0,21294,Karandaaz PK,Karandaaz PK,Period to date balance type.,Jul-26,PKR,T,Total,,PKR,Natural Account and Additional Segment,Actual,,,,2026-08-20T10:18:09+00:00,Company,Programmes,Natural Account,N
Karandaaz PK,11,Karandaaz,0,None,,,L,H211001,Payable to vendors - Goods,-9.60E+07,578948,3295174,-9.90E+07,Karandaaz PK,Karandaaz PK,Period to date balance type.,Jul-26,PKR,T,Total,,PKR,Natural Account and Additional Segment,Actual,,,,2026-08-20T10:18:09+00:00,Company,Programmes,Natural Account,N
Karandaaz PK,11,Karandaaz,0,None,,,L,H211002,Payable to vendors - Services,-4.20E+07,59668625,66317031,-4.80E+07,Karandaaz PK,Karandaaz PK,Period to date balance type.,Jul-26,PKR,T,Total,,PKR,Natural Account and Additional Segment,Actual,,,,2026-08-20T10:18:09+00:00,Company,Programmes,Natural Account,N
Karandaaz PK,11,Karandaaz,0,None,,,L,H211003,Payable to vendors - Grants,30310855,0,0,30310855,Karandaaz PK,Karandaaz PK,Period to date balance type.,Jul-26,PKR,T,Total,,PKR,Natural Account and Additional Segment,Actual,,,,2026-08-20T10:18:09+00:00,Company,Programmes,Natural Account,N
Karandaaz PK,11,Karandaaz,0,None,,,L,H211004,Expense AP clearing Account,-5.60E+08,1.21E+08,1.17E+08,-5.50E+08,Karandaaz PK,Karandaaz PK,Period to date balance type.,Jul-26,PKR,T,Total,,PKR,Natural Account and Additional Segment,Actual,,,,2026-08-20T10:18:09+00:00,Company,Programmes,Natural Account,N
Karandaaz PK,11,Karandaaz,0,None,,,L,H211005,Payable to NCGC,-1134767,0,0,-1134767,Karandaaz PK,Karandaaz PK,Period to date balance type.,Jul-26,PKR,T,Total,,PKR,Natural Account and Additional Segment,Actual,,,,2026-08-20T10:18:09+00:00,Company,Programmes,Natural Account,N
Karandaaz PK,11,Karandaaz,0,None,,,L,H211006,Payable to PFSL,-2.00E+07,0,0,-2.00E+07,Karandaaz PK,Karandaaz PK,Period to date balance type.,Jul-26,PKR,T,Total,,PKR,Natural Account and Additional Segment,Actual,,,,2026-08-20T10:18:09+00:00,Company,Programmes,Natural Account,N
Karandaaz PK,11,Karandaaz,0,None,,,L,H211007,Creditors,-2.10E+07,345000,5266971,-2.60E+07,Karandaaz PK,Karandaaz PK,Period to date balance type.,Jul-26,PKR,T,Total,,PKR,Natural Account and Additional Segment,Actual,,,,2026-08-20T10:18:09+00:00,Company,Programmes,Natural Account,N
Karandaaz PK,11,Karandaaz,0,None,,,L,H212001,Payable to Employees,-1.10E+08,3081999,350000,-1.10E+08,Karandaaz PK,Karandaaz PK,Period to date balance type.,Jul-26,PKR,T,Total,,PKR,Natural Account and Additional Segment,Actual,,,,2026-08-20T10:18:09+00:00,Company,Programmes,Natural Account,N
Karandaaz PK,11,Karandaaz,0,None,,,L,H213001,EOBI Payable,-194538,195360,197580,-196758,Karandaaz PK,Karandaaz PK,Period to date balance type.,Jul-26,PKR,T,Total,,PKR,Natural Account and Additional Segment,Actual,,,,2026-08-20T10:18:09+00:00,Company,Programmes,Natural Account,N
Karandaaz PK,11,Karandaaz,0,None,,,L,H215001,Provident Fund Payable,66340.84,0,9591380,-9525039,Karandaaz PK,Karandaaz PK,Period to date balance type.,Jul-26,PKR,T,Total,,PKR,Natural Account and Additional Segment,Actual,,,,2026-08-20T10:18:09+00:00,Company,Programmes,Natural Account,N
Karandaaz PK,11,Karandaaz,0,None,,,L,H215002,Gratuity fund payable,-3.90E+07,0,0,-3.90E+07,Karandaaz PK,Karandaaz PK,Period to date balance type.,Jul-26,PKR,T,Total,,PKR,Natural Account and Additional Segment,Actual,,,,2026-08-20T10:18:09+00:00,Company,Programmes,Natural Account,N
Karandaaz PK,11,Karandaaz,0,None,,,L,H215003,Staff training - Payable,-2.00E+07,0,0,-2.00E+07,Karandaaz PK,Karandaaz PK,Period to date balance type.,Jul-26,PKR,T,Total,,PKR,Natural Account and Additional Segment,Actual,,,,2026-08-20T10:18:09+00:00,Company,Programmes,Natural Account,N
Karandaaz PK,11,Karandaaz,0,None,,,L,H216001,Withhoding Income Tax Payable,-6815385,5242570,49124036,-5.10E+07,Karandaaz PK,Karandaaz PK,Period to date balance type.,Jul-26,PKR,T,Total,,PKR,Natural Account and Additional Segment,Actual,,,,2026-08-20T10:18:09+00:00,Company,Programmes,Natural Account,N
Karandaaz PK,11,Karandaaz,0,None,,,L,H216002,Withhoding Income Tax Payable - Clearing account,-1.00E+08,39140454,19988363,-8.40E+07,Karandaaz PK,Karandaaz PK,Period to date balance type.,Jul-26,PKR,T,Total,,PKR,Natural Account and Additional Segment,Actual,,,,2026-08-20T10:18:09+00:00,Company,Programmes,Natural Account,N
Karandaaz PK,11,Karandaaz,0,None,,,L,H217001,Sales tax withholding - Clearing account,-975694,0,663628,-1639322,Karandaaz PK,Karandaaz PK,Period to date balance type.,Jul-26,PKR,T,Total,,PKR,Natural Account and Additional Segment,Actual,,,,2026-08-20T10:18:09+00:00,Company,Programmes,Natural Account,N
Karandaaz PK,11,Karandaaz,0,None,,,L,H218001,Sales tax withholding - Payable,-2.61E+05,0,0,-2.61E+05,Karandaaz PK,Karandaaz PK,Period to date balance type.,Jul-26,PKR,T,Total,,PKR,Natural Account and Additional Segment,Actual,,,,2026-08-20T10:18:09+00:00,Company,Programmes,Natural Account,N
Karandaaz PK,11,Karandaaz,0,None,,,L,H221001,Deferred Capital Grant - FCDO EAGR,-2.30E+07,0,0,-2.30E+07,Karandaaz PK,Karandaaz PK,Period to date balance type.,Jul-26,PKR,T,Total,,PKR,Natural Account and Additional Segment,Actual,,,,2026-08-20T10:18:09+00:00,Company,Programmes,Natural Account,N
Karandaaz PK,11,Karandaaz,0,None,,,L,H221002,Deferred Capital Grant - FCDO SEED,-2369388,0,0,-2369388,Karandaaz PK,Karandaaz PK,Period to date balance type.,Jul-26,PKR,T,Total,,PKR,Natural Account and Additional Segment,Actual,,,,2026-08-20T10:18:09+00:00,Company,Programmes,Natural Account,N
Karandaaz PK,11,Karandaaz,0,None,,,L,H221003,Deffered Capital Grant - BMGF,-1.70E+07,0,0,-1.70E+07,Karandaaz PK,Karandaaz PK,Period to date balance type.,Jul-26,PKR,T,Total,,PKR,Natural Account and Additional Segment,Actual,,,,2026-08-20T10:18:09+00:00,Company,Programmes,Natural Account,N
Karandaaz PK,11,Karandaaz,0,None,,,L,H221004,Deferred Capital Grant,0.00E+00,0,0,0.00E+00,Karandaaz PK,Karandaaz PK,Period to date balance type.,Jul-26,PKR,T,Total,,PKR,Natural Account and Additional Segment,Actual,,,,2026-08-20T10:18:09+00:00,Company,Programmes,Natural Account,N
Karandaaz PK,11,Karandaaz,0,None,,,O,H291001,Restricted Grants (BMGF),-2.70E+09,0,0,-2.70E+09,Karandaaz PK,Karandaaz PK,Period to date balance type.,Jul-26,PKR,T,Total,,PKR,Natural Account and Additional Segment,Actual,,,,2026-08-20T10:18:09+00:00,Company,Programmes,Natural Account,N
Karandaaz PK,11,Karandaaz,0,None,,,O,H291002,Restricted Grants - FCDO EAGR (RDEL),-3.30E+09,0,0,-3.30E+09,Karandaaz PK,Karandaaz PK,Period to date balance type.,Jul-26,PKR,T,Total,,PKR,Natural Account and Additional Segment,Actual,,,,2026-08-20T10:18:09+00:00,Company,Programmes,Natural Account,N
Karandaaz PK,11,Karandaaz,0,None,,,O,H291003,Restricted Grant - FCDO EAGR (CDEL),-9.70E+08,0,0,-9.70E+08,Karandaaz PK,Karandaaz PK,Period to date balance type.,Jul-26,PKR,T,Total,,PKR,Natural Account and Additional Segment,Actual,,,,2026-08-20T10:18:09+00:00,Company,Programmes,Natural Account,N
Karandaaz PK,11,Karandaaz,0,None,,,O,H291004,Restricted Grant - FCDO SEED (RDEL),-5.90E+08,0,0,-5.90E+08,Karandaaz PK,Karandaaz PK,Period to date balance type.,Jul-26,PKR,T,Total,,PKR,Natural Account and Additional Segment,Actual,,,,2026-08-20T10:18:09+00:00,Company,Programmes,Natural Account,N
Karandaaz PK,11,Karandaaz,0,None,,,O,H291005,Restricted Grant - FCDO SEED (CDEL),-2.40E+10,0,0,-2.40E+10,Karandaaz PK,Karandaaz PK,Period to date balance type.,Jul-26,PKR,T,Total,,PKR,Natural Account and Additional Segment,Actual,,,,2026-08-20T10:18:09+00:00,Company,Programmes,Natural Account,N
Karandaaz PK,11,Karandaaz,0,None,,,O,H291006,Restricted Grant - FCDO FIP,-1.30E+09,0,0,-1.30E+09,Karandaaz PK,Karandaaz PK,Period to date balance type.,Jul-26,PKR,T,Total,,PKR,Natural Account and Additional Segment,Actual,,,,2026-08-20T10:18:09+00:00,Company,Programmes,Natural Account,N
Karandaaz PK,11,Karandaaz,0,None,,,O,H291007,Retained Earnings,-3.50E+09,0,0,-3.50E+09,Karandaaz PK,Karandaaz PK,Period to date balance type.,Jul-26,PKR,T,Total,,PKR,Natural Account and Additional Segment,Actual,,,,2026-08-20T10:18:09+00:00,Company,Programmes,Natural Account,N
Karandaaz PK,11,Karandaaz,0,None,,,O,H291012,Retained Earnings in Transit,-6.00E+08,0,0,-6.00E+08,Karandaaz PK,Karandaaz PK,Period to date balance type.,Jul-26,PKR,T,Total,,PKR,Natural Account and Additional Segment,Actual,,,,2026-08-20T10:18:09+00:00,Company,Programmes,Natural Account,N
Karandaaz PK,11,Karandaaz,0,None,,,A,H310001,ROUA - Building,1.72E+08,0,0,1.72E+08,Karandaaz PK,Karandaaz PK,Period to date balance type.,Jul-26,PKR,T,Total,,PKR,Natural Account and Additional Segment,Actual,,,,2026-08-20T10:18:09+00:00,Company,Programmes,Natural Account,N
Karandaaz PK,11,Karandaaz,0,None,,,A,H320001,Accumulated Depreciation - ROUA,-7.20E+07,0,0,-7.20E+07,Karandaaz PK,Karandaaz PK,Period to date balance type.,Jul-26,PKR,T,Total,,PKR,Natural Account and Additional Segment,Actual,,,,2026-08-20T10:18:09+00:00,Company,Programmes,Natural Account,N
Karandaaz PK,11,Karandaaz,0,None,,,O,H321002,Unrestricted Grant - Others,-600000,0,0.00E+00,-6.00E+05,Karandaaz PK,Karandaaz PK,Period to date balance type.,Jul-26,PKR,T,Total,,PKR,Natural Account and Additional Segment,Actual,,,,2026-08-20T10:18:09+00:00,Company,Programmes,Natural Account,N
Karandaaz PK,11,Karandaaz,0,None,,,A,H330001,ERP Solutions,55806731,0,0,55806731,Karandaaz PK,Karandaaz PK,Period to date balance type.,Jul-26,PKR,T,Total,,PKR,Natural Account and Additional Segment,Actual,,,,2026-08-20T10:18:09+00:00,Company,Programmes,Natural Account,N
Karandaaz PK,11,Karandaaz,0,None,,,A,H340001,Accrued Interest Income,7.71E+08,0,0,7.71E+08,Karandaaz PK,Karandaaz PK,Period to date balance type.,Jul-26,PKR,T,Total,,PKR,Natural Account and Additional Segment,Actual,,,,2026-08-20T10:18:09+00:00,Company,Programmes,Natural Account,N
Karandaaz PK,11,Karandaaz,0,None,,,A,H340002,Impairment Provision Other income,-2.00E+08,0,0,-2.00E+08,Karandaaz PK,Karandaaz PK,Period to date balance type.,Jul-26,PKR,T,Total,,PKR,Natural Account and Additional Segment,Actual,,,,2026-08-20T10:18:09+00:00,Company,Programmes,Natural Account,N
Karandaaz PK,11,Karandaaz,0,None,,,A,H351001,Advances to Employees,66820731,0,1198263,65622468,Karandaaz PK,Karandaaz PK,Period to date balance type.,Jul-26,PKR,T,Total,,PKR,Natural Account and Additional Segment,Actual,,,,2026-08-20T10:18:09+00:00,Company,Programmes,Natural Account,N
Karandaaz PK,11,Karandaaz,0,None,,,A,H361001,Advances to Vendors - Services,-1.20E+07,0,0,-1.20E+07,Karandaaz PK,Karandaaz PK,Period to date balance type.,Jul-26,PKR,T,Total,,PKR,Natural Account and Additional Segment,Actual,,,,2026-08-20T10:18:09+00:00,Company,Programmes,Natural Account,N
Karandaaz PK,11,Karandaaz,0,None,,,A,H361002,Advances to Vendors - Goods,0,0,0,0,Karandaaz PK,Karandaaz PK,Period to date balance type.,Jul-26,PKR,T,Total,,PKR,Natural Account and Additional Segment,Actual,,,,2026-08-20T10:18:09+00:00,Company,Programmes,Natural Account,N
Karandaaz PK,11,Karandaaz,0,None,,,A,H370003,Receivable from FAW,0,0,0,0,Karandaaz PK,Karandaaz PK,Period to date balance type.,Jul-26,PKR,T,Total,,PKR,Natural Account and Additional Segment,Actual,,,,2026-08-20T10:18:09+00:00,Company,Programmes,Natural Account,N
Karandaaz PK,11,Karandaaz,0,None,,,A,H370004,Pre - Receivable from Parwaz Financial Services,67620,0,0,67620,Karandaaz PK,Karandaaz PK,Period to date balance type.,Jul-26,PKR,T,Total,,PKR,Natural Account and Additional Segment,Actual,,,,2026-08-20T10:18:09+00:00,Company,Programmes,Natural Account,N
Karandaaz PK,11,Karandaaz,0,None,,,A,H370005,Post - Receivable from Parwaz Financial Services,2.84E+08,0,0,2.84E+08,Karandaaz PK,Karandaaz PK,Period to date balance type.,Jul-26,PKR,T,Total,,PKR,Natural Account and Additional Segment,Actual,,,,2026-08-20T10:18:09+00:00,Company,Programmes,Natural Account,N
Karandaaz PK,11,Karandaaz,0,None,,,A,H370008,Restricted Grants Receivable,0,0,0,0,Karandaaz PK,Karandaaz PK,Period to date balance type.,Jul-26,PKR,T,Total,,PKR,Natural Account and Additional Segment,Actual,,,,2026-08-20T10:18:09+00:00,Company,Programmes,Natural Account,N
Karandaaz PK,11,Karandaaz,0,None,,,A,H370010,Receivable from Credit Card Bank Alfalah,0,0,0,0,Karandaaz PK,Karandaaz PK,Period to date balance type.,Jul-26,PKR,T,Total,,PKR,Natural Account and Additional Segment,Actual,,,,2026-08-20T10:18:09+00:00,Company,Programmes,Natural Account,N
Karandaaz PK,11,Karandaaz,0,None,,,A,H370011,Receivable from SECP,0,0,0,0,Karandaaz PK,Karandaaz PK,Period to date balance type.,Jul-26,PKR,T,Total,,PKR,Natural Account and Additional Segment,Actual,,,,2026-08-20T10:18:09+00:00,Company,Programmes,Natural Account,N
Karandaaz PK,11,Karandaaz,0,None,,,A,H370012,Receivable from PCGC,0,0,0,0,Karandaaz PK,Karandaaz PK,Period to date balance type.,Jul-26,PKR,T,Total,,PKR,Natural Account and Additional Segment,Actual,,,,2026-08-20T10:18:09+00:00,Company,Programmes,Natural Account,N
Karandaaz PK,11,Karandaaz,0,None,,,A,H370014,Grant Receivable from FCDO (SEED),0,0,0,0,Karandaaz PK,Karandaaz PK,Period to date balance type.,Jul-26,PKR,T,Total,,PKR,Natural Account and Additional Segment,Actual,,,,2026-08-20T10:18:09+00:00,Company,Programmes,Natural Account,N
Karandaaz PK,11,Karandaaz,0,None,,,A,H370015,Receiving Inspection Account - Clearing,217482.5,1.00E+08,1.00E+08,217482.5,Karandaaz PK,Karandaaz PK,Period to date balance type.,Jul-26,PKR,T,Total,,PKR,Natural Account and Additional Segment,Actual,,,,2026-08-20T10:18:09+00:00,Company,Programmes,Natural Account,N
Karandaaz PK,11,Karandaaz,0,None,,,A,H370016,Receivable from HAC Agri,0,0,0,0,Karandaaz PK,Karandaaz PK,Period to date balance type.,Jul-26,PKR,T,Total,,PKR,Natural Account and Additional Segment,Actual,,,,2026-08-20T10:18:09+00:00,Company,Programmes,Natural Account,N
Karandaaz PK,11,Karandaaz,0,None,,,A,H370017,Convertable Loans - Principle,0,0,0,0,Karandaaz PK,Karandaaz PK,Period to date balance type.,Jul-26,PKR,T,Total,,PKR,Natural Account and Additional Segment,Actual,,,,2026-08-20T10:18:09+00:00,Company,Programmes,Natural Account,N
Karandaaz PK,11,Karandaaz,0,None,,,A,H370018,Finance provided to PFSL,-8.70E+08,0,0,-8.70E+08,Karandaaz PK,Karandaaz PK,Period to date balance type.,Jul-26,PKR,T,Total,,PKR,Natural Account and Additional Segment,Actual,,,,2026-08-20T10:18:09+00:00,Company,Programmes,Natural Account,N
Karandaaz PK,11,Karandaaz,0,None,,,A,H370019,Escrow Account ABL - ICF 3,0,0,0,0,Karandaaz PK,Karandaaz PK,Period to date balance type.,Jul-26,PKR,T,Total,,PKR,Natural Account and Additional Segment,Actual,,,,2026-08-20T10:18:09+00:00,Company,Programmes,Natural Account,N
Karandaaz PK,11,Karandaaz,0,None,,,A,H370020,Receivable from BAFL,0,0,0,0,Karandaaz PK,Karandaaz PK,Period to date balance type.,Jul-26,PKR,T,Total,,PKR,Natural Account and Additional Segment,Actual,,,,2026-08-20T10:18:09+00:00,Company,Programmes,Natural Account,N
Karandaaz PK,11,Karandaaz,0,None,,,A,H370021,Receivable from NCGC,-935831,0,0,-935831,Karandaaz PK,Karandaaz PK,Period to date balance type.,Jul-26,PKR,T,Total,,PKR,Natural Account and Additional Segment,Actual,,,,2026-08-20T10:18:09+00:00,Company,Programmes,Natural Account,N
Karandaaz PK,11,Karandaaz,0,None,,,A,H370102,Receivable from vendors,481340.7,0,0,481340.7,Karandaaz PK,Karandaaz PK,Period to date balance type.,Jul-26,PKR,T,Total,,PKR,Natural Account and Additional Segment,Actual,,,,2026-08-20T10:18:09+00:00,Company,Programmes,Natural Account,N
Karandaaz PK,11,Karandaaz,0,None,,,A,H371001,Cash Advance - Clearing account,1835255,0,0,1835255,Karandaaz PK,Karandaaz PK,Period to date balance type.,Jul-26,PKR,T,Total,,PKR,Natural Account and Additional Segment,Actual,,,,2026-08-20T10:18:09+00:00,Company,Programmes,Natural Account,N
Karandaaz PK,11,Karandaaz,0,None,,,A,H371002,Advances to Employees,0,0,0,0,Karandaaz PK,Karandaaz PK,Period to date balance type.,Jul-26,PKR,T,Total,,PKR,Natural Account and Additional Segment,Actual,,,,2026-08-20T10:18:09+00:00,Company,Programmes,Natural Account,N
Karandaaz PK,11,Karandaaz,0,None,,,A,H380001,Rent - Prepayment,-1.60E+07,0,3165602,-1.90E+07,Karandaaz PK,Karandaaz PK,Period to date balance type.,Jul-26,PKR,T,Total,,PKR,Natural Account and Additional Segment,Actual,,,,2026-08-20T10:18:09+00:00,Company,Programmes,Natural Account,N
Karandaaz PK,11,Karandaaz,0,None,,,A,H380002,Assets Insurance - Prepayment,-1229181,0,38138.26,-1267320,Karandaaz PK,Karandaaz PK,Period to date balance type.,Jul-26,PKR,T,Total,,PKR,Natural Account and Additional Segment,Actual,,,,2026-08-20T10:18:09+00:00,Company,Programmes,Natural Account,N
Karandaaz PK,11,Karandaaz,0,None,,,A,H380003,Health Insurance - Prepayment,-9.20E+07,0,2964584,-9.50E+07,Karandaaz PK,Karandaaz PK,Period to date balance type.,Jul-26,PKR,T,Total,,PKR,Natural Account and Additional Segment,Actual,,,,2026-08-20T10:18:09+00:00,Company,Programmes,Natural Account,N
Karandaaz PK,11,Karandaaz,0,None,,,A,H380004,Vehicle Insurance - Prepayment,-1081472,0,10125,-1091597,Karandaaz PK,Karandaaz PK,Period to date balance type.,Jul-26,PKR,T,Total,,PKR,Natural Account and Additional Segment,Actual,,,,2026-08-20T10:18:09+00:00,Company,Programmes,Natural Account,N
Karandaaz PK,11,Karandaaz,0,None,,,A,H380005,Prepaid Director's Liability Insurance,-822774,0,271191.7,-1093966,Karandaaz PK,Karandaaz PK,Period to date balance type.,Jul-26,PKR,T,Total,,PKR,Natural Account and Additional Segment,Actual,,,,2026-08-20T10:18:09+00:00,Company,Programmes,Natural Account,N
Karandaaz PK,11,Karandaaz,0,None,,,A,H380006,Life Insurance - Prepayment,-7054250,0,193962,-7248212,Karandaaz PK,Karandaaz PK,Period to date balance type.,Jul-26,PKR,T,Total,,PKR,Natural Account and Additional Segment,Actual,,,,2026-08-20T10:18:09+00:00,Company,Programmes,Natural Account,N
Karandaaz PK,11,Karandaaz,0,None,,,A,H390001,Security Deposit - Mineral Water,22226,0,0,22226,Karandaaz PK,Karandaaz PK,Period to date balance type.,Jul-26,PKR,T,Total,,PKR,Natural Account and Additional Segment,Actual,,,,2026-08-20T10:18:09+00:00,Company,Programmes,Natural Account,N
Karandaaz PK,11,Karandaaz,0,None,,,A,H390002,PSO Fuel Card Security,8013272,0,0,8013272,Karandaaz PK,Karandaaz PK,Period to date balance type.,Jul-26,PKR,T,Total,,PKR,Natural Account and Additional Segment,Actual,,,,2026-08-20T10:18:09+00:00,Company,Programmes,Natural Account,N
Karandaaz PK,11,Karandaaz,0,None,,,A,H400001,S/T Investments - TDR,0,0,0,0,Karandaaz PK,Karandaaz PK,Period to date balance type.,Jul-26,PKR,T,Total,,PKR,Natural Account and Additional Segment,Actual,,,,2026-08-20T10:18:09+00:00,Company,Programmes,Natural Account,N
Karandaaz PK,11,Karandaaz,0,None,,,A,H400002,Investments in T-Bill - HMBL,75278097,0,0,75278097,Karandaaz PK,Karandaaz PK,Period to date balance type.,Jul-26,PKR,T,Total,,PKR,Natural Account and Additional Segment,Actual,,,,2026-08-20T10:18:09+00:00,Company,Programmes,Natural Account,N
Karandaaz PK,11,Karandaaz,0,None,,,A,H400003,Investments in TDR/T-Bill - HMBL,2.00E+09,0,0,2.00E+09,Karandaaz PK,Karandaaz PK,Period to date balance type.,Jul-26,PKR,T,Total,,PKR,Natural Account and Additional Segment,Actual,,,,2026-08-20T10:18:09+00:00,Company,Programmes,Natural Account,N
Karandaaz PK,11,Karandaaz,0,None,,,A,H400004,Investment in T-Bill - Karandaaz Pakistan FIP,0,0,0,0,Karandaaz PK,Karandaaz PK,Period to date balance type.,Jul-26,PKR,T,Total,,PKR,Natural Account and Additional Segment,Actual,,,,2026-08-20T10:18:09+00:00,Company,Programmes,Natural Account,N
Karandaaz PK,11,Karandaaz,0,None,,,A,H400005,Investment in TDR- BAFL BMGF USD,0,0,0,0,Karandaaz PK,Karandaaz PK,Period to date balance type.,Jul-26,PKR,T,Total,,PKR,Natural Account and Additional Segment,Actual,,,,2026-08-20T10:18:09+00:00,Company,Programmes,Natural Account,N
Karandaaz PK,11,Karandaaz,0,None,,,A,H400008,Investment in TDR- BAFL FCY in PKR,2.60E+09,0,0,2.60E+09,Karandaaz PK,Karandaaz PK,Period to date balance type.,Jul-26,PKR,T,Total,,PKR,Natural Account and Additional Segment,Actual,,,,2026-08-20T10:18:09+00:00,Company,Programmes,Natural Account,N
Karandaaz PK,11,Karandaaz,0,None,,,A,H490001,Office Space Security Deposit,670079,0,0,670079,Karandaaz PK,Karandaaz PK,Period to date balance type.,Jul-26,PKR,T,Total,,PKR,Natural Account and Additional Segment,Actual,,,,2026-08-20T10:18:09+00:00,Company,Programmes,Natural Account,N
Karandaaz PK,11,Karandaaz,0,None,,,E,I107003,Women Entrepreneurship Challenge 2020,0,0,0,0,Karandaaz PK,Karandaaz PK,Period to date balance type.,Jul-26,PKR,T,Total,,PKR,Natural Account and Additional Segment,Actual,,,,2026-08-20T10:18:09+00:00,Company,Programmes,Natural Account,N
Karandaaz PK,11,Karandaaz,0,None,,,E,I109001,ICF 6 - GCF (Grant),0,0,0,0,Karandaaz PK,Karandaaz PK,Period to date balance type.,Jul-26,PKR,T,Total,,PKR,Natural Account and Additional Segment,Actual,,,,2026-08-20T10:18:09+00:00,Company,Programmes,Natural Account,N
Karandaaz PK,11,Karandaaz,0,None,,,E,I109004,Ancillary Cost / Portfolio through PFSL,0,0,0,0,Karandaaz PK,Karandaaz PK,Period to date balance type.,Jul-26,PKR,T,Total,,PKR,Natural Account and Additional Segment,Actual,,,,2026-08-20T10:18:09+00:00,Company,Programmes,Natural Account,N
Karandaaz PK,11,Karandaaz,0,None,,,E,I111001,WV: Investments,0,0,0,0,Karandaaz PK,Karandaaz PK,Period to date balance type.,Jul-26,PKR,T,Total,,PKR,Natural Account and Additional Segment,Actual,,,,2026-08-20T10:18:09+00:00,Company,Programmes,Natural Account,N
Karandaaz PK,11,Karandaaz,0,None,,,E,I112001,WV: Technical Assistance (BDS),0,0,0,0,Karandaaz PK,Karandaaz PK,Period to date balance type.,Jul-26,PKR,T,Total,,PKR,Natural Account and Additional Segment,Actual,,,,2026-08-20T10:18:09+00:00,Company,Programmes,Natural Account,N
Karandaaz PK,11,Karandaaz,0,None,,,E,I112002,WV 2020: Technical Assistance,0,0,0,0,Karandaaz PK,Karandaaz PK,Period to date balance type.,Jul-26,PKR,T,Total,,PKR,Natural Account and Additional Segment,Actual,,,,2026-08-20T10:18:09+00:00,Company,Programmes,Natural Account,N
Karandaaz PK,11,Karandaaz,0,None,,,E,I114001,WV: Capacity Building Funds,0,0,0,0,Karandaaz PK,Karandaaz PK,Period to date balance type.,Jul-26,PKR,T,Total,,PKR,Natural Account and Additional Segment,Actual,,,,2026-08-20T10:18:09+00:00,Company,Programmes,Natural Account,N
Karandaaz PK,11,Karandaaz,0,None,,,A,I171001,Software License Fee - Prepayment,13603947,0,0,13603947,Karandaaz PK,Karandaaz PK,Period to date balance type.,Jul-26,PKR,T,Total,,PKR,Natural Account and Additional Segment,Actual,,,,2026-08-20T10:18:09+00:00,Company,Programmes,Natural Account,N
Karandaaz PK,11,Karandaaz,0,None,,,A,I172001,Accumulated amortization - Software License,-3276513,0,0,-3276513,Karandaaz PK,Karandaaz PK,Period to date balance type.,Jul-26,PKR,T,Total,,PKR,Natural Account and Additional Segment,Actual,,,,2026-08-20T10:18:09+00:00,Company,Programmes,Natural Account,N
Karandaaz PK,11,Karandaaz,0,None,,,L,I172002,Accumulated Amortization - Oracle Fusion,-4.20E+07,0,0,-4.20E+07,Karandaaz PK,Karandaaz PK,Period to date balance type.,Jul-26,PKR,T,Total,,PKR,Natural Account and Additional Segment,Actual,,,,2026-08-20T10:18:09+00:00,Company,Programmes,Natural Account,N
Karandaaz PK,11,Karandaaz,0,None,,,E,K102003,Alternate Revenue Models for National Payment System,0,0,0,0,Karandaaz PK,Karandaaz PK,Period to date balance type.,Jul-26,PKR,T,Total,,PKR,Natural Account and Additional Segment,Actual,,,,2026-08-20T10:18:09+00:00,Company,Programmes,Natural Account,N
Karandaaz PK,11,Karandaaz,0,None,,,E,K102008,Product-Oriented Research on Select Agri Value Chains,0,0,0,0,Karandaaz PK,Karandaaz PK,Period to date balance type.,Jul-26,PKR,T,Total,,PKR,Natural Account and Additional Segment,Actual,,,,2026-08-20T10:18:09+00:00,Company,Programmes,Natural Account,N
Karandaaz PK,11,Karandaaz,0,None,,,E,K102009,Karandaaz Innovation - Advertising & Outreach,0,0,0,0,Karandaaz PK,Karandaaz PK,Period to date balance type.,Jul-26,PKR,T,Total,,PKR,Natural Account and Additional Segment,Actual,,,,2026-08-20T10:18:09+00:00,Company,Programmes,Natural Account,N
Karandaaz PK,11,Karandaaz,0,None,,,E,K102013,Design Agency,0,0,0,0,Karandaaz PK,Karandaaz PK,Period to date balance type.,Jul-26,PKR,T,Total,,PKR,Natural Account and Additional Segment,Actual,,,,2026-08-20T10:18:09+00:00,Company,Programmes,Natural Account,N
Karandaaz PK,11,Karandaaz,0,None,,,E,K102014,Website Maintenance+SEO,0,0,0,0,Karandaaz PK,Karandaaz PK,Period to date balance type.,Jul-26,PKR,T,Total,,PKR,Natural Account and Additional Segment,Actual,,,,2026-08-20T10:18:09+00:00,Company,Programmes,Natural Account,N
Karandaaz PK,11,Karandaaz,0,None,,,E,K102015,Digital and Social Media,0,0,0,0,Karandaaz PK,Karandaaz PK,Period to date balance type.,Jul-26,PKR,T,Total,,PKR,Natural Account and Additional Segment,Actual,,,,2026-08-20T10:18:09+00:00,Company,Programmes,Natural Account,N
Karandaaz PK,11,Karandaaz,0,None,,,E,K102016,Marketing Collateral,0,0,0,0,Karandaaz PK,Karandaaz PK,Period to date balance type.,Jul-26,PKR,T,Total,,PKR,Natural Account and Additional Segment,Actual,,,,2026-08-20T10:18:09+00:00,Company,Programmes,Natural Account,N
Karandaaz PK,11,Karandaaz,0,None,,,E,K102017,SME/CIC Market Visibility and Outreach,0,0,0,0,Karandaaz PK,Karandaaz PK,Period to date balance type.,Jul-26,PKR,T,Total,,PKR,Natural Account and Additional Segment,Actual,,,,2026-08-20T10:18:09+00:00,Company,Programmes,Natural Account,N
Karandaaz PK,11,Karandaaz,0,None,,,E,K102020,"WV - Events, Videos, Briefs, etc. - on-going",0,0,0,0,Karandaaz PK,Karandaaz PK,Period to date balance type.,Jul-26,PKR,T,Total,,PKR,Natural Account and Additional Segment,Actual,,,,2026-08-20T10:18:09+00:00,Company,Programmes,Natural Account,N
Karandaaz PK,11,Karandaaz,0,None,,,E,K102021,Study on Alternate Energy and Energy Efficiency,0,0,0,0,Karandaaz PK,Karandaaz PK,Period to date balance type.,Jul-26,PKR,T,Total,,PKR,Natural Account and Additional Segment,Actual,,,,2026-08-20T10:18:09+00:00,Company,Programmes,Natural Account,N
Karandaaz PK,11,Karandaaz,0,None,,,E,K102023,Comms Consultant,0,0,0,0,Karandaaz PK,Karandaaz PK,Period to date balance type.,Jul-26,PKR,T,Total,,PKR,Natural Account and Additional Segment,Actual,,,,2026-08-20T10:18:09+00:00,Company,Programmes,Natural Account,N
Karandaaz PK,11,Karandaaz,0,None,,,E,K102025,ICF Marketing & MEL,0,0,0,0,Karandaaz PK,Karandaaz PK,Period to date balance type.,Jul-26,PKR,T,Total,,PKR,Natural Account and Additional Segment,Actual,,,,2026-08-20T10:18:09+00:00,Company,Programmes,Natural Account,N
Karandaaz PK,11,Karandaaz,0,None,,,E,K102028,CDNS ATM Card Launch,0,0,0,0,Karandaaz PK,Karandaaz PK,Period to date balance type.,Jul-26,PKR,T,Total,,PKR,Natural Account and Additional Segment,Actual,,,,2026-08-20T10:18:09+00:00,Company,Programmes,Natural Account,N
Karandaaz PK,11,Karandaaz,0,None,,,E,K102030,MPG P2P Launch,0,0,0,0,Karandaaz PK,Karandaaz PK,Period to date balance type.,Jul-26,PKR,T,Total,,PKR,Natural Account and Additional Segment,Actual,,,,2026-08-20T10:18:09+00:00,Company,Programmes,Natural Account,N
Karandaaz PK,11,Karandaaz,0,None,,,E,K103003,Data Portal (BMGF),0,0,0,0,Karandaaz PK,Karandaaz PK,Period to date balance type.,Jul-26,PKR,T,Total,,PKR,Natural Account and Additional Segment,Actual,,,,2026-08-20T10:18:09+00:00,Company,Programmes,Natural Account,N
Karandaaz PK,11,Karandaaz,0,None,,,E,K103004,Data Portal (FCDO),0,0,0,0,Karandaaz PK,Karandaaz PK,Period to date balance type.,Jul-26,PKR,T,Total,,PKR,Natural Account and Additional Segment,Actual,,,,2026-08-20T10:18:09+00:00,Company,Programmes,Natural Account,N
Karandaaz PK,11,Karandaaz,0,None,,,E,K103018,Study on Landscape - Women Led Businesses,0,0,0,0,Karandaaz PK,Karandaaz PK,Period to date balance type.,Jul-26,PKR,T,Total,,PKR,Natural Account and Additional Segment,Actual,,,,2026-08-20T10:18:09+00:00,Company,Programmes,Natural Account,N
Karandaaz PK,11,Karandaaz,0,None,,,E,K103019,Demand Side Outreach Activity,0,0,0,0,Karandaaz PK,Karandaaz PK,Period to date balance type.,Jul-26,PKR,T,Total,,PKR,Natural Account and Additional Segment,Actual,,,,2026-08-20T10:18:09+00:00,Company,Programmes,Natural Account,N
Karandaaz PK,11,Karandaaz,0,None,,,E,K103020,Data Portal 2.0 (FCDO),0,0,0,0,Karandaaz PK,Karandaaz PK,Period to date balance type.,Jul-26,PKR,T,Total,,PKR,Natural Account and Additional Segment,Actual,,,,2026-08-20T10:18:09+00:00,Company,Programmes,Natural Account,N
Karandaaz PK,11,Karandaaz,0,None,,,E,K103021,Data Portal 2.0 (BMGF),0,0,0,0,Karandaaz PK,Karandaaz PK,Period to date balance type.,Jul-26,PKR,T,Total,,PKR,Natural Account and Additional Segment,Actual,,,,2026-08-20T10:18:09+00:00,Company,Programmes,Natural Account,N
Karandaaz PK,11,Karandaaz,0,None,,,E,K103025,FII Survey Wave VII,0,0,0,0,Karandaaz PK,Karandaaz PK,Period to date balance type.,Jul-26,PKR,T,Total,,PKR,Natural Account and Additional Segment,Actual,,,,2026-08-20T10:18:09+00:00,Company,Programmes,Natural Account,N
Karandaaz PK,11,Karandaaz,0,None,,,E,K103028,Study on Quality of Jobs Created,0,0,0,0,Karandaaz PK,Karandaaz PK,Period to date balance type.,Jul-26,PKR,T,Total,,PKR,Natural Account and Additional Segment,Actual,,,,2026-08-20T10:18:09+00:00,Company,Programmes,Natural Account,N
Karandaaz PK,11,Karandaaz,0,None,,,E,K103030,Study on the prevalent tax regime,0,0,0,0,Karandaaz PK,Karandaaz PK,Period to date balance type.,Jul-26,PKR,T,Total,,PKR,Natural Account and Additional Segment,Actual,,,,2026-08-20T10:18:09+00:00,Company,Programmes,Natural Account,N
Karandaaz PK,11,Karandaaz,0,None,,,E,K103033,Regulatory Framework for Digital Assets,0,0,0,0,Karandaaz PK,Karandaaz PK,Period to date balance type.,Jul-26,PKR,T,Total,,PKR,Natural Account and Additional Segment,Actual,,,,2026-08-20T10:18:09+00:00,Company,Programmes,Natural Account,N
Karandaaz PK,11,Karandaaz,0,None,,,E,K103035,Constant Contact,0,0,0,0,Karandaaz PK,Karandaaz PK,Period to date balance type.,Jul-26,PKR,T,Total,,PKR,Natural Account and Additional Segment,Actual,,,,2026-08-20T10:18:09+00:00,Company,Programmes,Natural Account,N
Karandaaz PK,11,Karandaaz,0,None,,,E,K103040,Knowledge Partnerships,0,0,0,0,Karandaaz PK,Karandaaz PK,Period to date balance type.,Jul-26,PKR,T,Total,,PKR,Natural Account and Additional Segment,Actual,,,,2026-08-20T10:18:09+00:00,Company,Programmes,Natural Account,N
Karandaaz PK,11,Karandaaz,0,None,,,E,K103043,Digital Pakistan Conference and Workships/Events/Industry Consultations/Round Tables,0,0,0,0,Karandaaz PK,Karandaaz PK,Period to date balance type.,Jul-26,PKR,T,Total,,PKR,Natural Account and Additional Segment,Actual,,,,2026-08-20T10:18:09+00:00,Company,Programmes,Natural Account,N
Karandaaz PK,11,Karandaaz,0,None,,,E,M102001,Third Party Monitoring of Karandaaz Projects,0,0,0,0,Karandaaz PK,Karandaaz PK,Period to date balance type.,Jul-26,PKR,T,Total,,PKR,Natural Account and Additional Segment,Actual,,,,2026-08-20T10:18:09+00:00,Company,Programmes,Natural Account,N
Karandaaz PK,11,Karandaaz,0,None,,,E,M103005,M&E- Formative evaluations and baselines,0,0,0,0,Karandaaz PK,Karandaaz PK,Period to date balance type.,Jul-26,PKR,T,Total,,PKR,Natural Account and Additional Segment,Actual,,,,2026-08-20T10:18:09+00:00,Company,Programmes,Natural Account,N
Karandaaz PK,11,Karandaaz,0,None,,,E,M104010,MEL functional Assessments (FCDO),0,0,0,0,Karandaaz PK,Karandaaz PK,Period to date balance type.,Jul-26,PKR,T,Total,,PKR,Natural Account and Additional Segment,Actual,,,,2026-08-20T10:18:09+00:00,Company,Programmes,Natural Account,N
Karandaaz PK,11,Karandaaz,0,None,,,E,M108001,SRQ Toolkit Update,0,0,0,0,Karandaaz PK,Karandaaz PK,Period to date balance type.,Jul-26,PKR,T,Total,,PKR,Natural Account and Additional Segment,Actual,,,,2026-08-20T10:18:09+00:00,Company,Programmes,Natural Account,N
Karandaaz PK,11,Karandaaz,0,None,,,A,O331006,Accounts receivable,1324403,92000,0,1416403,Karandaaz PK,Karandaaz PK,Period to date balance type.,Jul-26,PKR,T,Total,,PKR,Natural Account and Additional Segment,Actual,,,,2026-08-20T10:18:09+00:00,Company,Programmes,Natural Account,N
Karandaaz PK,11,Karandaaz,0,None,,,A,O331007,Finance provided to SNBL,0,0,0,0,Karandaaz PK,Karandaaz PK,Period to date balance type.,Jul-26,PKR,T,Total,,PKR,Natural Account and Additional Segment,Actual,,,,2026-08-20T10:18:09+00:00,Company,Programmes,Natural Account,N
Karandaaz PK,11,Karandaaz,0,None,,,R,OI60101,ORIX - SME Loans - Profit Income,0,0,0,0,Karandaaz PK,Karandaaz PK,Period to date balance type.,Jul-26,PKR,T,Total,,PKR,Natural Account and Additional Segment,Actual,,,,2026-08-20T10:18:09+00:00,Company,Programmes,Natural Account,N
Karandaaz PK,11,Karandaaz,0,None,,,R,OI60102,MBL-SME Loans-Profit Income,0,0,0,0,Karandaaz PK,Karandaaz PK,Period to date balance type.,Jul-26,PKR,T,Total,,PKR,Natural Account and Additional Segment,Actual,,,,2026-08-20T10:18:09+00:00,Company,Programmes,Natural Account,N
Karandaaz PK,11,Karandaaz,0,None,,,R,OI60103,BAFL-SME Loans-Profit Income,0,0,0,0,Karandaaz PK,Karandaaz PK,Period to date balance type.,Jul-26,PKR,T,Total,,PKR,Natural Account and Additional Segment,Actual,,,,2026-08-20T10:18:09+00:00,Company,Programmes,Natural Account,N
Karandaaz PK,11,Karandaaz,0,None,,,R,OI60105,Markup on ORIX TFF,0,0,0,0,Karandaaz PK,Karandaaz PK,Period to date balance type.,Jul-26,PKR,T,Total,,PKR,Natural Account and Additional Segment,Actual,,,,2026-08-20T10:18:09+00:00,Company,Programmes,Natural Account,N
Karandaaz PK,11,Karandaaz,0,None,,,R,OI60106,Interest Income - Subordinated Loan to PMIC,0,0,0,0,Karandaaz PK,Karandaaz PK,Period to date balance type.,Jul-26,PKR,T,Total,,PKR,Natural Account and Additional Segment,Actual,,,,2026-08-20T10:18:09+00:00,Company,Programmes,Natural Account,N
Karandaaz PK,11,Karandaaz,0,None,,,R,OI60108,Interest Income - Soneri Bank Limited TFC's,0,0,0,0,Karandaaz PK,Karandaaz PK,Period to date balance type.,Jul-26,PKR,T,Total,,PKR,Natural Account and Additional Segment,Actual,,,,2026-08-20T10:18:09+00:00,Company,Programmes,Natural Account,N
Karandaaz PK,11,Karandaaz,0,None,,,R,OI60109,Profit on FAW Loan,0,0,0,0,Karandaaz PK,Karandaaz PK,Period to date balance type.,Jul-26,PKR,T,Total,,PKR,Natural Account and Additional Segment,Actual,,,,2026-08-20T10:18:09+00:00,Company,Programmes,Natural Account,N
Karandaaz PK,11,Karandaaz,0,None,,,R,OI60110,Profit on JSK Feeds Loan,0,0,0,0,Karandaaz PK,Karandaaz PK,Period to date balance type.,Jul-26,PKR,T,Total,,PKR,Natural Account and Additional Segment,Actual,,,,2026-08-20T10:18:09+00:00,Company,Programmes,Natural Account,N
Karandaaz PK,11,Karandaaz,0,None,,,R,OI60111,JSBL-SME Loans-Profit Income,0,0,0,0,Karandaaz PK,Karandaaz PK,Period to date balance type.,Jul-26,PKR,T,Total,,PKR,Natural Account and Additional Segment,Actual,,,,2026-08-20T10:18:09+00:00,Company,Programmes,Natural Account,N
Karandaaz PK,11,Karandaaz,0,None,,,R,OI60112,Interest Income - BAFL MTN,0,0,0,0,Karandaaz PK,Karandaaz PK,Period to date balance type.,Jul-26,PKR,T,Total,,PKR,Natural Account and Additional Segment,Actual,,,,2026-08-20T10:18:09+00:00,Company,Programmes,Natural Account,N
Karandaaz PK,11,Karandaaz,0,None,,,R,OI60113,MCB MIBIslamic -SME Loans- Profit Income,0,0,0,0,Karandaaz PK,Karandaaz PK,Period to date balance type.,Jul-26,PKR,T,Total,,PKR,Natural Account and Additional Segment,Actual,,,,2026-08-20T10:18:09+00:00,Company,Programmes,Natural Account,N
Karandaaz PK,11,Karandaaz,0,None,,,R,OI60115,Share of Profit on investment in PMIC,0,0,0,0,Karandaaz PK,Karandaaz PK,Period to date balance type.,Jul-26,PKR,T,Total,,PKR,Natural Account and Additional Segment,Actual,,,,2026-08-20T10:18:09+00:00,Company,Programmes,Natural Account,N
Karandaaz PK,11,Karandaaz,0,None,,,R,OI60118,Dividend from Techlogix,0,0,0,0,Karandaaz PK,Karandaaz PK,Period to date balance type.,Jul-26,PKR,T,Total,,PKR,Natural Account and Additional Segment,Actual,,,,2026-08-20T10:18:09+00:00,Company,Programmes,Natural Account,N
Karandaaz PK,11,Karandaaz,0,None,,,R,OI60121,Convertible Loans - Interest Income,0,0,0,0,Karandaaz PK,Karandaaz PK,Period to date balance type.,Jul-26,PKR,T,Total,,PKR,Natural Account and Additional Segment,Actual,,,,2026-08-20T10:18:09+00:00,Company,Programmes,Natural Account,N
Karandaaz PK,11,Karandaaz,0,None,,,R,OI60122,Interest Income - Hac Agri,0,0,0,0,Karandaaz PK,Karandaaz PK,Period to date balance type.,Jul-26,PKR,T,Total,,PKR,Natural Account and Additional Segment,Actual,,,,2026-08-20T10:18:09+00:00,Company,Programmes,Natural Account,N
Karandaaz PK,11,Karandaaz,0,None,,,R,OI60124,Interest Income - Nissan Gandhara,0,0,0,0,Karandaaz PK,Karandaaz PK,Period to date balance type.,Jul-26,PKR,T,Total,,PKR,Natural Account and Additional Segment,Actual,,,,2026-08-20T10:18:09+00:00,Company,Programmes,Natural Account,N
Karandaaz PK,11,Karandaaz,0,None,,,R,OI60126,Profit on Renacon loan,0,0,0,0,Karandaaz PK,Karandaaz PK,Period to date balance type.,Jul-26,PKR,T,Total,,PKR,Natural Account and Additional Segment,Actual,,,,2026-08-20T10:18:09+00:00,Company,Programmes,Natural Account,N
Karandaaz PK,11,Karandaaz,0,None,,,R,OI60130,Profit on BFBL,0,0,0,0,Karandaaz PK,Karandaaz PK,Period to date balance type.,Jul-26,PKR,T,Total,,PKR,Natural Account and Additional Segment,Actual,,,,2026-08-20T10:18:09+00:00,Company,Programmes,Natural Account,N
Karandaaz PK,11,Karandaaz,0,None,,,R,OI60131,Interest on Loan to Dawood Engineering,0,0,0,0,Karandaaz PK,Karandaaz PK,Period to date balance type.,Jul-26,PKR,T,Total,,PKR,Natural Account and Additional Segment,Actual,,,,2026-08-20T10:18:09+00:00,Company,Programmes,Natural Account,N
Karandaaz PK,11,Karandaaz,0,None,,,R,OI60132,Profit on Alfalah ADT-1 TFCs,0,0,0,0,Karandaaz PK,Karandaaz PK,Period to date balance type.,Jul-26,PKR,T,Total,,PKR,Natural Account and Additional Segment,Actual,,,,2026-08-20T10:18:09+00:00,Company,Programmes,Natural Account,N
Karandaaz PK,11,Karandaaz,0,None,,,R,OI60133,Interest on PFSL Subdebt,0,0,0,0,Karandaaz PK,Karandaaz PK,Period to date balance type.,Jul-26,PKR,T,Total,,PKR,Natural Account and Additional Segment,Actual,,,,2026-08-20T10:18:09+00:00,Company,Programmes,Natural Account,N
Karandaaz PK,11,Karandaaz,0,None,,,R,OI60134,Interest Income - Albario,0,0,0,0,Karandaaz PK,Karandaaz PK,Period to date balance type.,Jul-26,PKR,T,Total,,PKR,Natural Account and Additional Segment,Actual,,,,2026-08-20T10:18:09+00:00,Company,Programmes,Natural Account,N
Karandaaz PK,11,Karandaaz,0,None,,,R,OI60135,Management Fee charged by PFSL,0,0,0,0,Karandaaz PK,Karandaaz PK,Period to date balance type.,Jul-26,PKR,T,Total,,PKR,Natural Account and Additional Segment,Actual,,,,2026-08-20T10:18:09+00:00,Company,Programmes,Natural Account,N
Karandaaz PK,11,Karandaaz,0,None,,,R,OI60136,Interest Income on GCF-WV Loans through PFSL,0,0,0,0,Karandaaz PK,Karandaaz PK,Period to date balance type.,Jul-26,PKR,T,Total,,PKR,Natural Account and Additional Segment,Actual,,,,2026-08-20T10:18:09+00:00,Company,Programmes,Natural Account,N
Karandaaz PK,11,Karandaaz,0,None,,,R,OI60138,Management fee SLA / NCGCL,0,0,0,0,Karandaaz PK,Karandaaz PK,Period to date balance type.,Jul-26,PKR,T,Total,,PKR,Natural Account and Additional Segment,Actual,,,,2026-08-20T10:18:09+00:00,Company,Programmes,Natural Account,N
Karandaaz PK,11,Karandaaz,0,None,,,R,OI60139,Interest Income of CIC loans through PFSL,0,0,0,0,Karandaaz PK,Karandaaz PK,Period to date balance type.,Jul-26,PKR,T,Total,,PKR,Natural Account and Additional Segment,Actual,,,,2026-08-20T10:18:09+00:00,Company,Programmes,Natural Account,N
Karandaaz PK,11,Karandaaz,0,None,,,R,OI60140,BAFL SME's - Variable Expenses,0,0,0,0,Karandaaz PK,Karandaaz PK,Period to date balance type.,Jul-26,PKR,T,Total,,PKR,Natural Account and Additional Segment,Actual,,,,2026-08-20T10:18:09+00:00,Company,Programmes,Natural Account,N
Karandaaz PK,11,Karandaaz,0,None,,,R,OI70101,Profit on PLS Bank Account,0,0,0,0,Karandaaz PK,Karandaaz PK,Period to date balance type.,Jul-26,PKR,T,Total,,PKR,Natural Account and Additional Segment,Actual,,,,2026-08-20T10:18:09+00:00,Company,Programmes,Natural Account,N
Karandaaz PK,11,Karandaaz,0,None,,,R,OI70102,Account Profit on PO cash balances,0,0,0,0,Karandaaz PK,Karandaaz PK,Period to date balance type.,Jul-26,PKR,T,Total,,PKR,Natural Account and Additional Segment,Actual,,,,2026-08-20T10:18:09+00:00,Company,Programmes,Natural Account,N
Karandaaz PK,11,Karandaaz,0,None,,,R,OI70105,Profit on UBL TDR,0,0,0,0,Karandaaz PK,Karandaaz PK,Period to date balance type.,Jul-26,PKR,T,Total,,PKR,Natural Account and Additional Segment,Actual,,,,2026-08-20T10:18:09+00:00,Company,Programmes,Natural Account,N
Karandaaz PK,11,Karandaaz,0,None,,,R,OI70106,Interest Income on Escrow account,0,0,0,0,Karandaaz PK,Karandaaz PK,Period to date balance type.,Jul-26,PKR,T,Total,,PKR,Natural Account and Additional Segment,Actual,,,,2026-08-20T10:18:09+00:00,Company,Programmes,Natural Account,N
Karandaaz PK,11,Karandaaz,0,None,,,R,OI70107,Profit on TDRs,0,0,0,0,Karandaaz PK,Karandaaz PK,Period to date balance type.,Jul-26,PKR,T,Total,,PKR,Natural Account and Additional Segment,Actual,,,,2026-08-20T10:18:09+00:00,Company,Programmes,Natural Account,N
Karandaaz PK,11,Karandaaz,0,None,,,R,OI70108,Profit on T-Bills,0,0,0,0,Karandaaz PK,Karandaaz PK,Period to date balance type.,Jul-26,PKR,T,Total,,PKR,Natural Account and Additional Segment,Actual,,,,2026-08-20T10:18:09+00:00,Company,Programmes,Natural Account,N
Karandaaz PK,11,Karandaaz,0,None,,,R,OI70109,Profit on FCY TDRs in PKR,0,0,0,0,Karandaaz PK,Karandaaz PK,Period to date balance type.,Jul-26,PKR,T,Total,,PKR,Natural Account and Additional Segment,Actual,,,,2026-08-20T10:18:09+00:00,Company,Programmes,Natural Account,N
Karandaaz PK,11,Karandaaz,0,None,,,R,OI80105,Other Donations,0,0,0,0,Karandaaz PK,Karandaaz PK,Period to date balance type.,Jul-26,PKR,T,Total,,PKR,Natural Account and Additional Segment,Actual,,,,2026-08-20T10:18:09+00:00,Company,Programmes,Natural Account,N
Karandaaz PK,11,Karandaaz,0,None,,,R,OI80107,Interest Income Shareholders Load Wahdat Poultry,0,0,0,0,Karandaaz PK,Karandaaz PK,Period to date balance type.,Jul-26,PKR,T,Total,,PKR,Natural Account and Additional Segment,Actual,,,,2026-08-20T10:18:09+00:00,Company,Programmes,Natural Account,N
Karandaaz PK,11,Karandaaz,0,None,,,R,OI80112,Interest Income on Escrow Account,0,0,0,0,Karandaaz PK,Karandaaz PK,Period to date balance type.,Jul-26,PKR,T,Total,,PKR,Natural Account and Additional Segment,Actual,,,,2026-08-20T10:18:09+00:00,Company,Programmes,Natural Account,N
Karandaaz PK,11,Karandaaz,0,None,,,R,OI80113,Interest Income PMRC SUKUK,0,0,0,0,Karandaaz PK,Karandaaz PK,Period to date balance type.,Jul-26,PKR,T,Total,,PKR,Natural Account and Additional Segment,Actual,,,,2026-08-20T10:18:09+00:00,Company,Programmes,Natural Account,N
Karandaaz PK,11,Karandaaz,0,None,,,R,OI80114,Nizam Energy,0,0,0,0,Karandaaz PK,Karandaaz PK,Period to date balance type.,Jul-26,PKR,T,Total,,PKR,Natural Account and Additional Segment,Actual,,,,2026-08-20T10:18:09+00:00,Company,Programmes,Natural Account,N
Karandaaz PK,11,Karandaaz,0,None,,,R,OI80115,EBR Energy,0,0,0,0,Karandaaz PK,Karandaaz PK,Period to date balance type.,Jul-26,PKR,T,Total,,PKR,Natural Account and Additional Segment,Actual,,,,2026-08-20T10:18:09+00:00,Company,Programmes,Natural Account,N
Karandaaz PK,11,Karandaaz,0,None,,,R,OI80117,Profit on WAHDAT Loan,0,0,0,0,Karandaaz PK,Karandaaz PK,Period to date balance type.,Jul-26,PKR,T,Total,,PKR,Natural Account and Additional Segment,Actual,,,,2026-08-20T10:18:09+00:00,Company,Programmes,Natural Account,N
Karandaaz PK,11,Karandaaz,0,None,,,R,OI80118,Share of Profit/Loss on investment in NRSP,0,0,0,0,Karandaaz PK,Karandaaz PK,Period to date balance type.,Jul-26,PKR,T,Total,,PKR,Natural Account and Additional Segment,Actual,,,,2026-08-20T10:18:09+00:00,Company,Programmes,Natural Account,N
Karandaaz PK,11,Karandaaz,0,None,,,R,OI80119,Share of gain on investment in WPF,0,0,0,0,Karandaaz PK,Karandaaz PK,Period to date balance type.,Jul-26,PKR,T,Total,,PKR,Natural Account and Additional Segment,Actual,,,,2026-08-20T10:18:09+00:00,Company,Programmes,Natural Account,N
Karandaaz PK,11,Karandaaz,0,None,,,R,OI80120,Profit on BFBL,0,0,0,0,Karandaaz PK,Karandaaz PK,Period to date balance type.,Jul-26,PKR,T,Total,,PKR,Natural Account and Additional Segment,Actual,,,,2026-08-20T10:18:09+00:00,Company,Programmes,Natural Account,N
Karandaaz PK,11,Karandaaz,0,None,,,R,OI80121,Dividend from Excel Labs,0,0,0,0,Karandaaz PK,Karandaaz PK,Period to date balance type.,Jul-26,PKR,T,Total,,PKR,Natural Account and Additional Segment,Actual,,,,2026-08-20T10:18:09+00:00,Company,Programmes,Natural Account,N
Karandaaz PK,11,Karandaaz,0,None,,,R,OI80122,Gain on disposal of Fixed Assets,0,0,0,0,Karandaaz PK,Karandaaz PK,Period to date balance type.,Jul-26,PKR,T,Total,,PKR,Natural Account and Additional Segment,Actual,,,,2026-08-20T10:18:09+00:00,Company,Programmes,Natural Account,N
Karandaaz PK,11,Karandaaz,0,None,,,R,OI80123,Revenue,0,0,0,0,Karandaaz PK,Karandaaz PK,Period to date balance type.,Jul-26,PKR,T,Total,,PKR,Natural Account and Additional Segment,Actual,,,,2026-08-20T10:18:09+00:00,Company,Programmes,Natural Account,N
Karandaaz PK,11,Karandaaz,0,None,,,R,OI80124,Unwinding of Interest IHV-KTZ,0,0,0,0,Karandaaz PK,Karandaaz PK,Period to date balance type.,Jul-26,PKR,T,Total,,PKR,Natural Account and Additional Segment,Actual,,,,2026-08-20T10:18:09+00:00,Company,Programmes,Natural Account,N
Karandaaz PK,11,Karandaaz,0,None,,,R,OI80128,Unwinding of Interest on KRN convertible loans,0,0,0,0,Karandaaz PK,Karandaaz PK,Period to date balance type.,Jul-26,PKR,T,Total,,PKR,Natural Account and Additional Segment,Actual,,,,2026-08-20T10:18:09+00:00,Company,Programmes,Natural Account,N
Karandaaz PK,11,Karandaaz,0,None,,,R,OI80129,Capital gain on sale of Equity,0,0,0,0,Karandaaz PK,Karandaaz PK,Period to date balance type.,Jul-26,PKR,T,Total,,PKR,Natural Account and Additional Segment,Actual,,,,2026-08-20T10:18:09+00:00,Company,Programmes,Natural Account,N
Karandaaz PK,11,Karandaaz,0,None,,,R,OI80130,FV (loss) / gain through OCI,0,0,0,0,Karandaaz PK,Karandaaz PK,Period to date balance type.,Jul-26,PKR,T,Total,,PKR,Natural Account and Additional Segment,Actual,,,,2026-08-20T10:18:09+00:00,Company,Programmes,Natural Account,N
Karandaaz PK,11,Karandaaz,0,None,,,R,OI80131,Share of profit on investment in InfraZamin Pakistan,0,0,0,0,Karandaaz PK,Karandaaz PK,Period to date balance type.,Jul-26,PKR,T,Total,,PKR,Natural Account and Additional Segment,Actual,,,,2026-08-20T10:18:09+00:00,Company,Programmes,Natural Account,N
Karandaaz PK,11,Karandaaz,0,None,,,R,OI80132,Interest Income - INFRALECTRIC - MIF,0.00E+00,0,0,0.00E+00,Karandaaz PK,Karandaaz PK,Period to date balance type.,Jul-26,PKR,T,Total,,PKR,Natural Account and Additional Segment,Actual,,,,2026-08-20T10:18:09+00:00,Company,Programmes,Natural Account,N
Karandaaz PK,11,Karandaaz,0,None,,,R,OI80133,Interest Income - ICL Power - Synd Finance,0,0,0,0,Karandaaz PK,Karandaaz PK,Period to date balance type.,Jul-26,PKR,T,Total,,PKR,Natural Account and Additional Segment,Actual,,,,2026-08-20T10:18:09+00:00,Company,Programmes,Natural Account,N
Karandaaz PK,11,Karandaaz,0,None,,,R,OI80135,SLA with NCGCL,0.00E+00,0,0,0,Karandaaz PK,Karandaaz PK,Period to date balance type.,Jul-26,PKR,T,Total,,PKR,Natural Account and Additional Segment,Actual,,,,2026-08-20T10:18:09+00:00,Company,Programmes,Natural Account,N
Karandaaz PK,11,Karandaaz,0,None,,,R,OI80136,Gain on disposal of IHV derecognition,0,0,0,0,Karandaaz PK,Karandaaz PK,Period to date balance type.,Jul-26,PKR,T,Total,,PKR,Natural Account and Additional Segment,Actual,,,,2026-08-20T10:18:09+00:00,Company,Programmes,Natural Account,N
Karandaaz PK,11,Karandaaz,0,None,,,R,OI80139,Interest Income - Al-Karam Textile Mills - Synd Finance,0,0,0,0,Karandaaz PK,Karandaaz PK,Period to date balance type.,Jul-26,PKR,T,Total,,PKR,Natural Account and Additional Segment,Actual,,,,2026-08-20T10:18:09+00:00,Company,Programmes,Natural Account,N
Karandaaz PK,11,Karandaaz,0,None,,,E,SS5H100,Staff Salaries,0,0,0,0,Karandaaz PK,Karandaaz PK,Period to date balance type.,Jul-26,PKR,T,Total,,PKR,Natural Account and Additional Segment,Actual,,,,2026-08-20T10:18:09+00:00,Company,Programmes,Natural Account,N
Karandaaz PK,11,Karandaaz,0,None,,,E,SS5H200,Staff Provident Fund,0,0,0,0,Karandaaz PK,Karandaaz PK,Period to date balance type.,Jul-26,PKR,T,Total,,PKR,Natural Account and Additional Segment,Actual,,,,2026-08-20T10:18:09+00:00,Company,Programmes,Natural Account,N
Karandaaz PK,11,Karandaaz,0,None,,,E,SS5H201,Gratuity expense (Staff Salaries),0,0,0,0,Karandaaz PK,Karandaaz PK,Period to date balance type.,Jul-26,PKR,T,Total,,PKR,Natural Account and Additional Segment,Actual,,,,2026-08-20T10:18:09+00:00,Company,Programmes,Natural Account,N
Karandaaz PK,11,Karandaaz,0,None,,,E,SS5H300,Staff Over time,0,0,0,0,Karandaaz PK,Karandaaz PK,Period to date balance type.,Jul-26,PKR,T,Total,,PKR,Natural Account and Additional Segment,Actual,,,,2026-08-20T10:18:09+00:00,Company,Programmes,Natural Account,N
Karandaaz PK,11,Karandaaz,0,None,,,E,SS5H600,Performance payout,0,0,0,0,Karandaaz PK,Karandaaz PK,Period to date balance type.,Jul-26,PKR,T,Total,,PKR,Natural Account and Additional Segment,Actual,,,,2026-08-20T10:18:09+00:00,Company,Programmes,Natural Account,N
Karandaaz PK,11,Karandaaz,111,GREEN,,,A,B121021,Bank KRN Pakistan - UBL SEED RDEL (259769965),3.72E+05,0,0,3.72E+05,Karandaaz PK,Karandaaz PK,Period to date balance type.,Jul-26,PKR,T,Total,,PKR,Natural Account and Additional Segment,Actual,,,,2026-08-20T10:18:09+00:00,Company,Programmes,Natural Account,N
Karandaaz PK,11,Karandaaz,111,GREEN,,,A,B121022,Bank KRN Pakistan - UBL SEED CDEL (259768948),1.16E+08,0,0,1.16E+08,Karandaaz PK,Karandaaz PK,Period to date balance type.,Jul-26,PKR,T,Total,,PKR,Natural Account and Additional Segment,Actual,,,,2026-08-20T10:18:09+00:00,Company,Programmes,Natural Account,N
Karandaaz PK,11,Karandaaz,111,GREEN,,,E,C130004,SEED Technical Assistance,0,0,0,0,Karandaaz PK,Karandaaz PK,Period to date balance type.,Jul-26,PKR,T,Total,,PKR,Natural Account and Additional Segment,Actual,,,,2026-08-20T10:18:09+00:00,Company,Programmes,Natural Account,N
Karandaaz PK,11,Karandaaz,111,GREEN,,,E,H101001,Bank Charges,0,0,0,0,Karandaaz PK,Karandaaz PK,Period to date balance type.,Jul-26,PKR,T,Total,,PKR,Natural Account and Additional Segment,Actual,,,,2026-08-20T10:18:09+00:00,Company,Programmes,Natural Account,N
Karandaaz PK,11,Karandaaz,111,GREEN,,,E,H103002,Capacity Building,0,0,0,0,Karandaaz PK,Karandaaz PK,Period to date balance type.,Jul-26,PKR,T,Total,,PKR,Natural Account and Additional Segment,Actual,,,,2026-08-20T10:18:09+00:00,Company,Programmes,Natural Account,N
Karandaaz PK,11,Karandaaz,111,GREEN,,,E,H104001,Travel,0,0,0,0,Karandaaz PK,Karandaaz PK,Period to date balance type.,Jul-26,PKR,T,Total,,PKR,Natural Account and Additional Segment,Actual,,,,2026-08-20T10:18:09+00:00,Company,Programmes,Natural Account,N
Karandaaz PK,11,Karandaaz,111,GREEN,,,E,H106003,Communication reimbursement,0,0,0,0,Karandaaz PK,Karandaaz PK,Period to date balance type.,Jul-26,PKR,T,Total,,PKR,Natural Account and Additional Segment,Actual,,,,2026-08-20T10:18:09+00:00,Company,Programmes,Natural Account,N
Karandaaz PK,11,Karandaaz,111,GREEN,,,E,H106007,Fuel reimbursement,0,0,0,0,Karandaaz PK,Karandaaz PK,Period to date balance type.,Jul-26,PKR,T,Total,,PKR,Natural Account and Additional Segment,Actual,,,,2026-08-20T10:18:09+00:00,Company,Programmes,Natural Account,N
Karandaaz PK,11,Karandaaz,111,GREEN,,,E,H107001,Depreciation Expense - Furnitures and Fixtures,0,0,0,0,Karandaaz PK,Karandaaz PK,Period to date balance type.,Jul-26,PKR,T,Total,,PKR,Natural Account and Additional Segment,Actual,,,,2026-08-20T10:18:09+00:00,Company,Programmes,Natural Account,N
Karandaaz PK,11,Karandaaz,111,GREEN,,,E,H107002,Depreciation Expense - Office Equipment,0,0,0,0,Karandaaz PK,Karandaaz PK,Period to date balance type.,Jul-26,PKR,T,Total,,PKR,Natural Account and Additional Segment,Actual,,,,2026-08-20T10:18:09+00:00,Company,Programmes,Natural Account,N
Karandaaz PK,11,Karandaaz,111,GREEN,,,E,H107004,Depreciation Expense - Computers,0,0,0,0,Karandaaz PK,Karandaaz PK,Period to date balance type.,Jul-26,PKR,T,Total,,PKR,Natural Account and Additional Segment,Actual,,,,2026-08-20T10:18:09+00:00,Company,Programmes,Natural Account,N
Karandaaz PK,11,Karandaaz,111,GREEN,,,E,H110002,Health Insurance - Amortization,0,33310,0,33310,Karandaaz PK,Karandaaz PK,Period to date balance type.,Jul-26,PKR,T,Total,,PKR,Natural Account and Additional Segment,Actual,,,,2026-08-20T10:18:09+00:00,Company,Programmes,Natural Account,N
Karandaaz PK,11,Karandaaz,111,GREEN,,,E,H115001,Meeting & Conferences,0.00E+00,0,0,0.00E+00,Karandaaz PK,Karandaaz PK,Period to date balance type.,Jul-26,PKR,T,Total,,PKR,Natural Account and Additional Segment,Actual,,,,2026-08-20T10:18:09+00:00,Company,Programmes,Natural Account,N
Karandaaz PK,11,Karandaaz,111,GREEN,,,E,H116004,Office Supplies,0,0,0,0,Karandaaz PK,Karandaaz PK,Period to date balance type.,Jul-26,PKR,T,Total,,PKR,Natural Account and Additional Segment,Actual,,,,2026-08-20T10:18:09+00:00,Company,Programmes,Natural Account,N
Karandaaz PK,11,Karandaaz,111,GREEN,,,E,H119001,Boarding & Lodging,0,0,0,0,Karandaaz PK,Karandaaz PK,Period to date balance type.,Jul-26,PKR,T,Total,,PKR,Natural Account and Additional Segment,Actual,,,,2026-08-20T10:18:09+00:00,Company,Programmes,Natural Account,N
Karandaaz PK,11,Karandaaz,111,GREEN,,,E,H119003,Perdiem,0,0,0,0,Karandaaz PK,Karandaaz PK,Period to date balance type.,Jul-26,PKR,T,Total,,PKR,Natural Account and Additional Segment,Actual,,,,2026-08-20T10:18:09+00:00,Company,Programmes,Natural Account,N
Karandaaz PK,11,Karandaaz,111,GREEN,,,E,H123005,Staff Training,0,0,0,0,Karandaaz PK,Karandaaz PK,Period to date balance type.,Jul-26,PKR,T,Total,,PKR,Natural Account and Additional Segment,Actual,,,,2026-08-20T10:18:09+00:00,Company,Programmes,Natural Account,N
Karandaaz PK,11,Karandaaz,111,GREEN,,,E,H123006,EOBI Expense,0,2220,0,2220,Karandaaz PK,Karandaaz PK,Period to date balance type.,Jul-26,PKR,T,Total,,PKR,Natural Account and Additional Segment,Actual,,,,2026-08-20T10:18:09+00:00,Company,Programmes,Natural Account,N
Karandaaz PK,11,Karandaaz,111,GREEN,,,E,H129021,Life Insurance - Amortization,0,2179,0,2179,Karandaaz PK,Karandaaz PK,Period to date balance type.,Jul-26,PKR,T,Total,,PKR,Natural Account and Additional Segment,Actual,,,,2026-08-20T10:18:09+00:00,Company,Programmes,Natural Account,N
Karandaaz PK,11,Karandaaz,111,GREEN,,,A,H171002,Income Tax Refundable on Bank Profits,-431732,0,0,-431732,Karandaaz PK,Karandaaz PK,Period to date balance type.,Jul-26,PKR,T,Total,,PKR,Natural Account and Additional Segment,Actual,,,,2026-08-20T10:18:09+00:00,Company,Programmes,Natural Account,N
Karandaaz PK,11,Karandaaz,111,GREEN,,,L,H211002,Payable to vendors - Services,0,0,0,0,Karandaaz PK,Karandaaz PK,Period to date balance type.,Jul-26,PKR,T,Total,,PKR,Natural Account and Additional Segment,Actual,,,,2026-08-20T10:18:09+00:00,Company,Programmes,Natural Account,N
Karandaaz PK,11,Karandaaz,111,GREEN,,,E,K103045,SEED - Legal and Professional Charges,0,0,0,0,Karandaaz PK,Karandaaz PK,Period to date balance type.,Jul-26,PKR,T,Total,,PKR,Natural Account and Additional Segment,Actual,,,,2026-08-20T10:18:09+00:00,Company,Programmes,Natural Account,N
Karandaaz PK,11,Karandaaz,111,GREEN,,,R,OI70101,Profit on PLS Bank Account,0,0,0,0,Karandaaz PK,Karandaaz PK,Period to date balance type.,Jul-26,PKR,T,Total,,PKR,Natural Account and Additional Segment,Actual,,,,2026-08-20T10:18:09+00:00,Company,Programmes,Natural Account,N
Karandaaz PK,11,Karandaaz,111,GREEN,,,E,SS5H100,Staff Salaries,0,298830,0,298830,Karandaaz PK,Karandaaz PK,Period to date balance type.,Jul-26,PKR,T,Total,,PKR,Natural Account and Additional Segment,Actual,,,,2026-08-20T10:18:09+00:00,Company,Programmes,Natural Account,N
Karandaaz PK,11,Karandaaz,111,GREEN,,,E,SS5H200,Staff Provident Fund,0,29920,0,29920,Karandaaz PK,Karandaaz PK,Period to date balance type.,Jul-26,PKR,T,Total,,PKR,Natural Account and Additional Segment,Actual,,,,2026-08-20T10:18:09+00:00,Company,Programmes,Natural Account,N
Karandaaz PK,11,Karandaaz,111,GREEN,,,E,SS5H201,Gratuity expense (Staff Salaries),0,0,0,0,Karandaaz PK,Karandaaz PK,Period to date balance type.,Jul-26,PKR,T,Total,,PKR,Natural Account and Additional Segment,Actual,,,,2026-08-20T10:18:09+00:00,Company,Programmes,Natural Account,N
Karandaaz PK,11,Karandaaz,111,GREEN,,,E,SS5H300,Staff Over time,0,0,0,0,Karandaaz PK,Karandaaz PK,Period to date balance type.,Jul-26,PKR,T,Total,,PKR,Natural Account and Additional Segment,Actual,,,,2026-08-20T10:18:09+00:00,Company,Programmes,Natural Account,N
Karandaaz PK,11,Karandaaz,111,GREEN,,,E,SS5H400,Staff Car Monetization,0,109000,0,109000,Karandaaz PK,Karandaaz PK,Period to date balance type.,Jul-26,PKR,T,Total,,PKR,Natural Account and Additional Segment,Actual,,,,2026-08-20T10:18:09+00:00,Company,Programmes,Natural Account,N
Karandaaz PK,11,Karandaaz,111,GREEN,,,E,SS5H500,Staff Child care assistance,0,0,0,0,Karandaaz PK,Karandaaz PK,Period to date balance type.,Jul-26,PKR,T,Total,,PKR,Natural Account and Additional Segment,Actual,,,,2026-08-20T10:18:09+00:00,Company,Programmes,Natural Account,N
Karandaaz PK,11,Karandaaz,111,GREEN,,,E,SS5H600,Performance payout,0,0,0,0,Karandaaz PK,Karandaaz PK,Period to date balance type.,Jul-26,PKR,T,Total,,PKR,Natural Account and Additional Segment,Actual,,,,2026-08-20T10:18:09+00:00,Company,Programmes,Natural Account,N
Karandaaz PK,11,Karandaaz,111,GREEN,,,E,SS5H700,Staff Arrears,0,0,0,0,Karandaaz PK,Karandaaz PK,Period to date balance type.,Jul-26,PKR,T,Total,,PKR,Natural Account and Additional Segment,Actual,,,,2026-08-20T10:18:09+00:00,Company,Programmes,Natural Account,N
Karandaaz PK,11,Karandaaz,111,GREEN,,,E,SS5H800,Other Deductions,0,0,0,0,Karandaaz PK,Karandaaz PK,Period to date balance type.,Jul-26,PKR,T,Total,,PKR,Natural Account and Additional Segment,Actual,,,,2026-08-20T10:18:09+00:00,Company,Programmes,Natural Account,N
Karandaaz PK,11,Karandaaz,111,GREEN,,,E,SS5H900,Other Reimbursement Expenses,0,0,0,0,Karandaaz PK,Karandaaz PK,Period to date balance type.,Jul-26,PKR,T,Total,,PKR,Natural Account and Additional Segment,Actual,,,,2026-08-20T10:18:09+00:00,Company,Programmes,Natural Account,N
Karandaaz PK,11,Karandaaz,121,GreenFin Innovations/Green Concessional,,,A,B121016,Bank KRN Pakistan - BAFL OSR (0035-1006155288),50813330,0,0,50813330,Karandaaz PK,Karandaaz PK,Period to date balance type.,Jul-26,PKR,T,Total,,PKR,Natural Account and Additional Segment,Actual,,,,2026-08-20T10:18:09+00:00,Company,Programmes,Natural Account,N
Karandaaz PK,11,Karandaaz,121,GreenFin Innovations/Green Concessional,,,A,B121023,Bank KRN Pakistan - UBL FIP (262115182),-3.30E+07,0,0,-3.30E+07,Karandaaz PK,Karandaaz PK,Period to date balance type.,Jul-26,PKR,T,Total,,PKR,Natural Account and Additional Segment,Actual,,,,2026-08-20T10:18:09+00:00,Company,Programmes,Natural Account,N
Karandaaz PK,11,Karandaaz,121,GreenFin Innovations/Green Concessional,,,A,B121033,Karandaaz Pakistan HMB FIP (623720614714153581),-1.40E+07,0,0,-1.40E+07,Karandaaz PK,Karandaaz PK,Period to date balance type.,Jul-26,PKR,T,Total,,PKR,Natural Account and Additional Segment,Actual,,,,2026-08-20T10:18:09+00:00,Company,Programmes,Natural Account,N
Karandaaz PK,11,Karandaaz,121,GreenFin Innovations/Green Concessional,,,A,B121037,Karandaaz Pakistan FIP - BAFL (0035-1008986958),-4.70E+08,0,0,-4.70E+08,Karandaaz PK,Karandaaz PK,Period to date balance type.,Jul-26,PKR,T,Total,,PKR,Natural Account and Additional Segment,Actual,,,,2026-08-20T10:18:09+00:00,Company,Programmes,Natural Account,N
Karandaaz PK,11,Karandaaz,121,GreenFin Innovations/Green Concessional,,,A,B121041,Karandaaz Pakistan WV GreenFin - Faysal (32383900000003722),3.85E+08,0,0,3.85E+08,Karandaaz PK,Karandaaz PK,Period to date balance type.,Jul-26,PKR,T,Total,,PKR,Natural Account and Additional Segment,Actual,,,,2026-08-20T10:18:09+00:00,Company,Programmes,Natural Account,N
Karandaaz PK,11,Karandaaz,121,GreenFin Innovations/Green Concessional,,,E,H101001,Bank Charges,0,0,0,0,Karandaaz PK,Karandaaz PK,Period to date balance type.,Jul-26,PKR,T,Total,,PKR,Natural Account and Additional Segment,Actual,,,,2026-08-20T10:18:09+00:00,Company,Programmes,Natural Account,N
Karandaaz PK,11,Karandaaz,121,GreenFin Innovations/Green Concessional,,,A,H171002,Income Tax Refundable on Bank Profits,0,0,0,0,Karandaaz PK,Karandaaz PK,Period to date balance type.,Jul-26,PKR,T,Total,,PKR,Natural Account and Additional Segment,Actual,,,,2026-08-20T10:18:09+00:00,Company,Programmes,Natural Account,N
Karandaaz PK,11,Karandaaz,121,GreenFin Innovations/Green Concessional,,,A,H370018,Finance provided to PFSL,97309725,0,0,97309725,Karandaaz PK,Karandaaz PK,Period to date balance type.,Jul-26,PKR,T,Total,,PKR,Natural Account and Additional Segment,Actual,,,,2026-08-20T10:18:09+00:00,Company,Programmes,Natural Account,N
Karandaaz PK,11,Karandaaz,121,GreenFin Innovations/Green Concessional,,,R,OI70101,Profit on PLS Bank Account,0,0,0,0,Karandaaz PK,Karandaaz PK,Period to date balance type.,Jul-26,PKR,T,Total,,PKR,Natural Account and Additional Segment,Actual,,,,2026-08-20T10:18:09+00:00,Company,Programmes,Natural Account,N
Karandaaz PK,11,Karandaaz,211,Enterprise and Assets growth Programme,,,A,B121005,Karandaaz Pakistan DFID - UBL (231422923),315845.5,0,0,315845.5,Karandaaz PK,Karandaaz PK,Period to date balance type.,Jul-26,PKR,T,Total,,PKR,Natural Account and Additional Segment,Actual,,,,2026-08-20T10:18:09+00:00,Company,Programmes,Natural Account,N
Karandaaz PK,11,Karandaaz,211,Enterprise and Assets growth Programme,,,A,B121009,Karandaaz Pakistan DFID RDEL - UBL (234512979),97347.35,0,0,97347.35,Karandaaz PK,Karandaaz PK,Period to date balance type.,Jul-26,PKR,T,Total,,PKR,Natural Account and Additional Segment,Actual,,,,2026-08-20T10:18:09+00:00,Company,Programmes,Natural Account,N
Karandaaz PK,11,Karandaaz,211,Enterprise and Assets growth Programme,,,A,B121012,Bank KRN Pakistan - BAFL (0035-1006023474),0,0,0,0,Karandaaz PK,Karandaaz PK,Period to date balance type.,Jul-26,PKR,T,Total,,PKR,Natural Account and Additional Segment,Actual,,,,2026-08-20T10:18:09+00:00,Company,Programmes,Natural Account,N
Karandaaz PK,11,Karandaaz,211,Enterprise and Assets growth Programme,,,A,B121014,Bank KRN Pakistan - BAFL RDEL (0035-1006155290),732.59,0,0,732.59,Karandaaz PK,Karandaaz PK,Period to date balance type.,Jul-26,PKR,T,Total,,PKR,Natural Account and Additional Segment,Actual,,,,2026-08-20T10:18:09+00:00,Company,Programmes,Natural Account,N
Karandaaz PK,11,Karandaaz,211,Enterprise and Assets growth Programme,,,A,B121015,Bank KRN Pakistan - BAFL EPF (0035-1006155299),0,0,0,0,Karandaaz PK,Karandaaz PK,Period to date balance type.,Jul-26,PKR,T,Total,,PKR,Natural Account and Additional Segment,Actual,,,,2026-08-20T10:18:09+00:00,Company,Programmes,Natural Account,N
Karandaaz PK,11,Karandaaz,211,Enterprise and Assets growth Programme,,,A,B121016,Bank KRN Pakistan - BAFL OSR (0035-1006155288),2.22E+09,0,0,2.22E+09,Karandaaz PK,Karandaaz PK,Period to date balance type.,Jul-26,PKR,T,Total,,PKR,Natural Account and Additional Segment,Actual,,,,2026-08-20T10:18:09+00:00,Company,Programmes,Natural Account,N
Karandaaz PK,11,Karandaaz,211,Enterprise and Assets growth Programme,,,A,B121017,Bank KRN Pakistan - BAFL TPPL (0035-1006155289),199194.9,0,0,199194.9,Karandaaz PK,Karandaaz PK,Period to date balance type.,Jul-26,PKR,T,Total,,PKR,Natural Account and Additional Segment,Actual,,,,2026-08-20T10:18:09+00:00,Company,Programmes,Natural Account,N
Karandaaz PK,11,Karandaaz,211,Enterprise and Assets growth Programme,,,A,B121018,Bank KRN Pakistan - BAFL ORIX C (0035-1006155292),65944670,0,0,65944670,Karandaaz PK,Karandaaz PK,Period to date balance type.,Jul-26,PKR,T,Total,,PKR,Natural Account and Additional Segment,Actual,,,,2026-08-20T10:18:09+00:00,Company,Programmes,Natural Account,N
Karandaaz PK,11,Karandaaz,211,Enterprise and Assets growth Programme,,,A,B121019,Bank KRN Pakistan - BAFL FCDO (0035-1006024272),1.82E+09,0,0,1.82E+09,Karandaaz PK,Karandaaz PK,Period to date balance type.,Jul-26,PKR,T,Total,,PKR,Natural Account and Additional Segment,Actual,,,,2026-08-20T10:18:09+00:00,Company,Programmes,Natural Account,N
Karandaaz PK,11,Karandaaz,211,Enterprise and Assets growth Programme,,,A,B121020,Bank KRN Pakistan - MIB (0061002792880001),-2.00E+07,0,0,-2.00E+07,Karandaaz PK,Karandaaz PK,Period to date balance type.,Jul-26,PKR,T,Total,,PKR,Natural Account and Additional Segment,Actual,,,,2026-08-20T10:18:09+00:00,Company,Programmes,Natural Account,N
Karandaaz PK,11,Karandaaz,211,Enterprise and Assets growth Programme,,,A,B121021,Bank KRN Pakistan - UBL SEED RDEL (259769965),0,0,0,0,Karandaaz PK,Karandaaz PK,Period to date balance type.,Jul-26,PKR,T,Total,,PKR,Natural Account and Additional Segment,Actual,,,,2026-08-20T10:18:09+00:00,Company,Programmes,Natural Account,N
Karandaaz PK,11,Karandaaz,211,Enterprise and Assets growth Programme,,,A,B121023,Bank KRN Pakistan - UBL FIP (262115182),0,0,0,0,Karandaaz PK,Karandaaz PK,Period to date balance type.,Jul-26,PKR,T,Total,,PKR,Natural Account and Additional Segment,Actual,,,,2026-08-20T10:18:09+00:00,Company,Programmes,Natural Account,N
Karandaaz PK,11,Karandaaz,211,Enterprise and Assets growth Programme,,,A,B121025,Karandaaz Pakistan Reserve - HBL (08747900996601),188182.3,0,0,188182.3,Karandaaz PK,Karandaaz PK,Period to date balance type.,Jul-26,PKR,T,Total,,PKR,Natural Account and Additional Segment,Actual,,,,2026-08-20T10:18:09+00:00,Company,Programmes,Natural Account,N
Karandaaz PK,11,Karandaaz,211,Enterprise and Assets growth Programme,,,A,B121027,Bank KRN Pakistan - BAFL MEEZAN (0035-1006155284),2403.74,0,0,2403.74,Karandaaz PK,Karandaaz PK,Period to date balance type.,Jul-26,PKR,T,Total,,PKR,Natural Account and Additional Segment,Actual,,,,2026-08-20T10:18:09+00:00,Company,Programmes,Natural Account,N
Karandaaz PK,11,Karandaaz,211,Enterprise and Assets growth Programme,,,A,B121029,Bank KRN Pakistan - HMB KRN EPF (6-2-37-20614-714-146842),-1.40E+08,0,0,-1.40E+08,Karandaaz PK,Karandaaz PK,Period to date balance type.,Jul-26,PKR,T,Total,,PKR,Natural Account and Additional Segment,Actual,,,,2026-08-20T10:18:09+00:00,Company,Programmes,Natural Account,N
Karandaaz PK,11,Karandaaz,211,Enterprise and Assets growth Programme,,,A,B121030,Bank KRN Pakistan - HMB KRN OSR (6-2-37-20614-714-146790),2.00E+09,0,0,2.00E+09,Karandaaz PK,Karandaaz PK,Period to date balance type.,Jul-26,PKR,T,Total,,PKR,Natural Account and Additional Segment,Actual,,,,2026-08-20T10:18:09+00:00,Company,Programmes,Natural Account,N
Karandaaz PK,11,Karandaaz,211,Enterprise and Assets growth Programme,,,A,B121032,Karandaaz Pakistan HMB CSR (623720614714153601),0,0,0,0,Karandaaz PK,Karandaaz PK,Period to date balance type.,Jul-26,PKR,T,Total,,PKR,Natural Account and Additional Segment,Actual,,,,2026-08-20T10:18:09+00:00,Company,Programmes,Natural Account,N
Karandaaz PK,11,Karandaaz,211,Enterprise and Assets growth Programme,,,A,B121034,Karandaaz Pakistan-NCGC Grant (1008738355),-4.30E+07,0,0,-4.30E+07,Karandaaz PK,Karandaaz PK,Period to date balance type.,Jul-26,PKR,T,Total,,PKR,Natural Account and Additional Segment,Actual,,,,2026-08-20T10:18:09+00:00,Company,Programmes,Natural Account,N
Karandaaz PK,11,Karandaaz,211,Enterprise and Assets growth Programme,,,A,B121035,Karandaaz Pakistan Operational - JS (0002253139),296690.2,0,0,296690.2,Karandaaz PK,Karandaaz PK,Period to date balance type.,Jul-26,PKR,T,Total,,PKR,Natural Account and Additional Segment,Actual,,,,2026-08-20T10:18:09+00:00,Company,Programmes,Natural Account,N
Karandaaz PK,11,Karandaaz,211,Enterprise and Assets growth Programme,,,A,B122014,Bank KRN Pakistan - BAFL RDEL (0035-1006155290) - Clearing,0,0,0,0,Karandaaz PK,Karandaaz PK,Period to date balance type.,Jul-26,PKR,T,Total,,PKR,Natural Account and Additional Segment,Actual,,,,2026-08-20T10:18:09+00:00,Company,Programmes,Natural Account,N
Karandaaz PK,11,Karandaaz,211,Enterprise and Assets growth Programme,,,A,B122018,Bank KRN Pakistan - BAFL ORIX C (0035-1006155292) - Clearing,0,0,0,0,Karandaaz PK,Karandaaz PK,Period to date balance type.,Jul-26,PKR,T,Total,,PKR,Natural Account and Additional Segment,Actual,,,,2026-08-20T10:18:09+00:00,Company,Programmes,Natural Account,N
Karandaaz PK,11,Karandaaz,211,Enterprise and Assets growth Programme,,,A,B122022,Bank KRN Pakistan - UBL SEED CDEL (259768948) - Clearing,0,0,0,0,Karandaaz PK,Karandaaz PK,Period to date balance type.,Jul-26,PKR,T,Total,,PKR,Natural Account and Additional Segment,Actual,,,,2026-08-20T10:18:09+00:00,Company,Programmes,Natural Account,N
Karandaaz PK,11,Karandaaz,211,Enterprise and Assets growth Programme,,,A,B122027,Bank KRN Pakistan - BAFL MEEZAN (0035-1006155284) - Clearing,0,0,0,0,Karandaaz PK,Karandaaz PK,Period to date balance type.,Jul-26,PKR,T,Total,,PKR,Natural Account and Additional Segment,Actual,,,,2026-08-20T10:18:09+00:00,Company,Programmes,Natural Account,N
Karandaaz PK,11,Karandaaz,211,Enterprise and Assets growth Programme,,,A,B122029,Bank KRN Pakistan - HMB KRN EPF (6-2-37-20614-714-146842) - Clearing,0,0,0,0,Karandaaz PK,Karandaaz PK,Period to date balance type.,Jul-26,PKR,T,Total,,PKR,Natural Account and Additional Segment,Actual,,,,2026-08-20T10:18:09+00:00,Company,Programmes,Natural Account,N
Karandaaz PK,11,Karandaaz,211,Enterprise and Assets growth Programme,,,A,B122030,Bank KRN Pakistan - HMB KRN OSR (6-2-37-20614-714-146790) - Clearing,0,0,0,0,Karandaaz PK,Karandaaz PK,Period to date balance type.,Jul-26,PKR,T,Total,,PKR,Natural Account and Additional Segment,Actual,,,,2026-08-20T10:18:09+00:00,Company,Programmes,Natural Account,N
Karandaaz PK,11,Karandaaz,211,Enterprise and Assets growth Programme,,,A,B122033,Karandaaz Pakistan HMB FIP (623720614714153581) - Clearing,0,0,0,0,Karandaaz PK,Karandaaz PK,Period to date balance type.,Jul-26,PKR,T,Total,,PKR,Natural Account and Additional Segment,Actual,,,,2026-08-20T10:18:09+00:00,Company,Programmes,Natural Account,N
Karandaaz PK,11,Karandaaz,211,Enterprise and Assets growth Programme,,,A,B132004,Bank KRN Pakistan- BAFL (1005639975) - Clearing,0,0,0,0,Karandaaz PK,Karandaaz PK,Period to date balance type.,Jul-26,PKR,T,Total,,PKR,Natural Account and Additional Segment,Actual,,,,2026-08-20T10:18:09+00:00,Company,Programmes,Natural Account,N
Karandaaz PK,11,Karandaaz,211,Enterprise and Assets growth Programme,,,A,B142001,Interbank transfers clearing account,42950211,0,0,42950211,Karandaaz PK,Karandaaz PK,Period to date balance type.,Jul-26,PKR,T,Total,,PKR,Natural Account and Additional Segment,Actual,,,,2026-08-20T10:18:09+00:00,Company,Programmes,Natural Account,N
Karandaaz PK,11,Karandaaz,211,Enterprise and Assets growth Programme,,,A,B142002,Pay Order,0,0,0,0,Karandaaz PK,Karandaaz PK,Period to date balance type.,Jul-26,PKR,T,Total,,PKR,Natural Account and Additional Segment,Actual,,,,2026-08-20T10:18:09+00:00,Company,Programmes,Natural Account,N
Karandaaz PK,11,Karandaaz,211,Enterprise and Assets growth Programme,,,E,C103002,MBL-SME Loans-Variable Expenses,0,0,0,0,Karandaaz PK,Karandaaz PK,Period to date balance type.,Jul-26,PKR,T,Total,,PKR,Natural Account and Additional Segment,Actual,,,,2026-08-20T10:18:09+00:00,Company,Programmes,Natural Account,N
Karandaaz PK,11,Karandaaz,211,Enterprise and Assets growth Programme,,,E,C106002,CIC Transaction cost - Legal D.D & Documentation,0,0,0,0,Karandaaz PK,Karandaaz PK,Period to date balance type.,Jul-26,PKR,T,Total,,PKR,Natural Account and Additional Segment,Actual,,,,2026-08-20T10:18:09+00:00,Company,Programmes,Natural Account,N
Karandaaz PK,11,Karandaaz,211,Enterprise and Assets growth Programme,,,E,C107002,Strategic Investment - Pre & post investment cost,0,0,0,0,Karandaaz PK,Karandaaz PK,Period to date balance type.,Jul-26,PKR,T,Total,,PKR,Natural Account and Additional Segment,Actual,,,,2026-08-20T10:18:09+00:00,Company,Programmes,Natural Account,N
Karandaaz PK,11,Karandaaz,211,Enterprise and Assets growth Programme,,,E,C107003,Due diligence cost - Pre & post investment cost,0.00E+00,0,0,0.00E+00,Karandaaz PK,Karandaaz PK,Period to date balance type.,Jul-26,PKR,T,Total,,PKR,Natural Account and Additional Segment,Actual,,,,2026-08-20T10:18:09+00:00,Company,Programmes,Natural Account,N
Karandaaz PK,11,Karandaaz,211,Enterprise and Assets growth Programme,,,E,C108002,Credit - Pre & post investment cost,0,0,0,0,Karandaaz PK,Karandaaz PK,Period to date balance type.,Jul-26,PKR,T,Total,,PKR,Natural Account and Additional Segment,Actual,,,,2026-08-20T10:18:09+00:00,Company,Programmes,Natural Account,N
Karandaaz PK,11,Karandaaz,211,Enterprise and Assets growth Programme,,,E,C109001,CIC - Equity Deals,0,0,0,0,Karandaaz PK,Karandaaz PK,Period to date balance type.,Jul-26,PKR,T,Total,,PKR,Natural Account and Additional Segment,Actual,,,,2026-08-20T10:18:09+00:00,Company,Programmes,Natural Account,N
Karandaaz PK,11,Karandaaz,211,Enterprise and Assets growth Programme,,,E,C109002,Equity - Pre & post investment cost,0,0,0,0,Karandaaz PK,Karandaaz PK,Period to date balance type.,Jul-26,PKR,T,Total,,PKR,Natural Account and Additional Segment,Actual,,,,2026-08-20T10:18:09+00:00,Company,Programmes,Natural Account,N
Karandaaz PK,11,Karandaaz,211,Enterprise and Assets growth Programme,,,E,C130001,Capacity Building of Partners,0,0,0,0,Karandaaz PK,Karandaaz PK,Period to date balance type.,Jul-26,PKR,T,Total,,PKR,Natural Account and Additional Segment,Actual,,,,2026-08-20T10:18:09+00:00,Company,Programmes,Natural Account,N
Karandaaz PK,11,Karandaaz,211,Enterprise and Assets growth Programme,,,A,C131002,Bank KRN Pakistan-HMB (6-1-1-120614-714-570343),25086.09,0,0,25086.09,Karandaaz PK,Karandaaz PK,Period to date balance type.,Jul-26,PKR,T,Total,,PKR,Natural Account and Additional Segment,Actual,,,,2026-08-20T10:18:09+00:00,Company,Programmes,Natural Account,N
Karandaaz PK,11,Karandaaz,211,Enterprise and Assets growth Programme,,,A,C131003,Soneri Bank Account (20007488228),2.50E+08,0,0,2.50E+08,Karandaaz PK,Karandaaz PK,Period to date balance type.,Jul-26,PKR,T,Total,,PKR,Natural Account and Additional Segment,Actual,,,,2026-08-20T10:18:09+00:00,Company,Programmes,Natural Account,N
Karandaaz PK,11,Karandaaz,211,Enterprise and Assets growth Programme,,,A,C131004,Meezan Bank Ltd (0154-0101898629),-8.40E+07,0,0,-8.40E+07,Karandaaz PK,Karandaaz PK,Period to date balance type.,Jul-26,PKR,T,Total,,PKR,Natural Account and Additional Segment,Actual,,,,2026-08-20T10:18:09+00:00,Company,Programmes,Natural Account,N
Karandaaz PK,11,Karandaaz,211,Enterprise and Assets growth Programme,,,A,C131005,Bank KRN Pakistan- BAFL (1005639975),-4.10E+08,0,0,-4.10E+08,Karandaaz PK,Karandaaz PK,Period to date balance type.,Jul-26,PKR,T,Total,,PKR,Natural Account and Additional Segment,Actual,,,,2026-08-20T10:18:09+00:00,Company,Programmes,Natural Account,N
Karandaaz PK,11,Karandaaz,211,Enterprise and Assets growth Programme,,,A,C131006,Bank KRN Pakistan - JS BANK (0001268157),2.32E+08,0,0,2.32E+08,Karandaaz PK,Karandaaz PK,Period to date balance type.,Jul-26,PKR,T,Total,,PKR,Natural Account and Additional Segment,Actual,,,,2026-08-20T10:18:09+00:00,Company,Programmes,Natural Account,N
Karandaaz PK,11,Karandaaz,211,Enterprise and Assets growth Programme,,,A,C131007,JSBL Reon Bank (0001931470),-2.30E+07,0,0,-2.30E+07,Karandaaz PK,Karandaaz PK,Period to date balance type.,Jul-26,PKR,T,Total,,PKR,Natural Account and Additional Segment,Actual,,,,2026-08-20T10:18:09+00:00,Company,Programmes,Natural Account,N
Karandaaz PK,11,Karandaaz,211,Enterprise and Assets growth Programme,,,A,C161004,MIB SME Loans - Principal Receivable,-4.70E+07,0,0,-4.70E+07,Karandaaz PK,Karandaaz PK,Period to date balance type.,Jul-26,PKR,T,Total,,PKR,Natural Account and Additional Segment,Actual,,,,2026-08-20T10:18:09+00:00,Company,Programmes,Natural Account,N
Karandaaz PK,11,Karandaaz,211,Enterprise and Assets growth Programme,,,A,C161008,MBL-SME Loans-Principle Receivable,-7.80E+07,0,0,-7.80E+07,Karandaaz PK,Karandaaz PK,Period to date balance type.,Jul-26,PKR,T,Total,,PKR,Natural Account and Additional Segment,Actual,,,,2026-08-20T10:18:09+00:00,Company,Programmes,Natural Account,N
Karandaaz PK,11,Karandaaz,211,Enterprise and Assets growth Programme,,,A,C161010,BAFL-SME Loans-Principal Receivable,9.33E+08,0,0,9.33E+08,Karandaaz PK,Karandaaz PK,Period to date balance type.,Jul-26,PKR,T,Total,,PKR,Natural Account and Additional Segment,Actual,,,,2026-08-20T10:18:09+00:00,Company,Programmes,Natural Account,N
Karandaaz PK,11,Karandaaz,211,Enterprise and Assets growth Programme,,,A,C161013,JSBL-SME Loans-Principle Receivable,-2.90E+08,0,0,-2.90E+08,Karandaaz PK,Karandaaz PK,Period to date balance type.,Jul-26,PKR,T,Total,,PKR,Natural Account and Additional Segment,Actual,,,,2026-08-20T10:18:09+00:00,Company,Programmes,Natural Account,N
Karandaaz PK,11,Karandaaz,211,Enterprise and Assets growth Programme,,,A,C181005,Investment in NRSP Processing Company,75000000,0,0,75000000,Karandaaz PK,Karandaaz PK,Period to date balance type.,Jul-26,PKR,T,Total,,PKR,Natural Account and Additional Segment,Actual,,,,2026-08-20T10:18:09+00:00,Company,Programmes,Natural Account,N
Karandaaz PK,11,Karandaaz,211,Enterprise and Assets growth Programme,,,A,C181007,Investment in NCGCL,1.47E+09,0,0,1.47E+09,Karandaaz PK,Karandaaz PK,Period to date balance type.,Jul-26,PKR,T,Total,,PKR,Natural Account and Additional Segment,Actual,,,,2026-08-20T10:18:09+00:00,Company,Programmes,Natural Account,N
Karandaaz PK,11,Karandaaz,211,Enterprise and Assets growth Programme,,,A,C211001,Investment in SLG,2.37E+08,0,0,2.37E+08,Karandaaz PK,Karandaaz PK,Period to date balance type.,Jul-26,PKR,T,Total,,PKR,Natural Account and Additional Segment,Actual,,,,2026-08-20T10:18:09+00:00,Company,Programmes,Natural Account,N
Karandaaz PK,11,Karandaaz,211,Enterprise and Assets growth Programme,,,A,C231001,Loan to EBR Energy,59747888,0,0,59747888,Karandaaz PK,Karandaaz PK,Period to date balance type.,Jul-26,PKR,T,Total,,PKR,Natural Account and Additional Segment,Actual,,,,2026-08-20T10:18:09+00:00,Company,Programmes,Natural Account,N
Karandaaz PK,11,Karandaaz,211,Enterprise and Assets growth Programme,,,A,C231004,BAFL Medium Term Note,-5.00E+08,0,0,-5.00E+08,Karandaaz PK,Karandaaz PK,Period to date balance type.,Jul-26,PKR,T,Total,,PKR,Natural Account and Additional Segment,Actual,,,,2026-08-20T10:18:09+00:00,Company,Programmes,Natural Account,N
Karandaaz PK,11,Karandaaz,211,Enterprise and Assets growth Programme,,,A,C231011,Convertible Loan to BFBL,-1.40E+08,0,0,-1.40E+08,Karandaaz PK,Karandaaz PK,Period to date balance type.,Jul-26,PKR,T,Total,,PKR,Natural Account and Additional Segment,Actual,,,,2026-08-20T10:18:09+00:00,Company,Programmes,Natural Account,N
Karandaaz PK,11,Karandaaz,211,Enterprise and Assets growth Programme,,,A,C231012,Shareholders loan to Wahdat Poultry Farm,4074447,0,0,4074447,Karandaaz PK,Karandaaz PK,Period to date balance type.,Jul-26,PKR,T,Total,,PKR,Natural Account and Additional Segment,Actual,,,,2026-08-20T10:18:09+00:00,Company,Programmes,Natural Account,N
Karandaaz PK,11,Karandaaz,211,Enterprise and Assets growth Programme,,,A,C231013,Loan to PMRC,-5.00E+08,0,0,-5.00E+08,Karandaaz PK,Karandaaz PK,Period to date balance type.,Jul-26,PKR,T,Total,,PKR,Natural Account and Additional Segment,Actual,,,,2026-08-20T10:18:09+00:00,Company,Programmes,Natural Account,N
Karandaaz PK,11,Karandaaz,211,Enterprise and Assets growth Programme,,,A,C231014,Orix Term Finance - Loan 2,0.00E+00,0,0,0.00E+00,Karandaaz PK,Karandaaz PK,Period to date balance type.,Jul-26,PKR,T,Total,,PKR,Natural Account and Additional Segment,Actual,,,,2026-08-20T10:18:09+00:00,Company,Programmes,Natural Account,N
Karandaaz PK,11,Karandaaz,211,Enterprise and Assets growth Programme,,,A,C231015,Convertible Loans,-2.20E+07,0,0,-2.20E+07,Karandaaz PK,Karandaaz PK,Period to date balance type.,Jul-26,PKR,T,Total,,PKR,Natural Account and Additional Segment,Actual,,,,2026-08-20T10:18:09+00:00,Company,Programmes,Natural Account,N
Karandaaz PK,11,Karandaaz,211,Enterprise and Assets growth Programme,,,A,C231020,SME Equity Investments,-2.00E+08,0,0,-2.00E+08,Karandaaz PK,Karandaaz PK,Period to date balance type.,Jul-26,PKR,T,Total,,PKR,Natural Account and Additional Segment,Actual,,,,2026-08-20T10:18:09+00:00,Company,Programmes,Natural Account,N
Karandaaz PK,11,Karandaaz,211,Enterprise and Assets growth Programme,,,A,C231021,Loan to JSk Feeds,-3.00E+07,0,0,-3.00E+07,Karandaaz PK,Karandaaz PK,Period to date balance type.,Jul-26,PKR,T,Total,,PKR,Natural Account and Additional Segment,Actual,,,,2026-08-20T10:18:09+00:00,Company,Programmes,Natural Account,N
Karandaaz PK,11,Karandaaz,211,Enterprise and Assets growth Programme,,,A,C231022,Shareholder loan to SLG,-1.90E+08,0,0,-1.90E+08,Karandaaz PK,Karandaaz PK,Period to date balance type.,Jul-26,PKR,T,Total,,PKR,Natural Account and Additional Segment,Actual,,,,2026-08-20T10:18:09+00:00,Company,Programmes,Natural Account,N
Karandaaz PK,11,Karandaaz,211,Enterprise and Assets growth Programme,,,A,C231023,Loans to Gandhara,-3.50E+08,0,0,-3.50E+08,Karandaaz PK,Karandaaz PK,Period to date balance type.,Jul-26,PKR,T,Total,,PKR,Natural Account and Additional Segment,Actual,,,,2026-08-20T10:18:09+00:00,Company,Programmes,Natural Account,N
Karandaaz PK,11,Karandaaz,211,Enterprise and Assets growth Programme,,,A,C231024,Loans to Albario,-1.70E+08,0,0,-1.70E+08,Karandaaz PK,Karandaaz PK,Period to date balance type.,Jul-26,PKR,T,Total,,PKR,Natural Account and Additional Segment,Actual,,,,2026-08-20T10:18:09+00:00,Company,Programmes,Natural Account,N
Karandaaz PK,11,Karandaaz,211,Enterprise and Assets growth Programme,,,A,C231025,JSBL REON Prinicpal receivable,-2.60E+08,0,0,-2.60E+08,Karandaaz PK,Karandaaz PK,Period to date balance type.,Jul-26,PKR,T,Total,,PKR,Natural Account and Additional Segment,Actual,,,,2026-08-20T10:18:09+00:00,Company,Programmes,Natural Account,N
Karandaaz PK,11,Karandaaz,211,Enterprise and Assets growth Programme,,,A,C231028,Loan To Dawood Engineering Ltd,1.85E+07,0,0,1.85E+07,Karandaaz PK,Karandaaz PK,Period to date balance type.,Jul-26,PKR,T,Total,,PKR,Natural Account and Additional Segment,Actual,,,,2026-08-20T10:18:09+00:00,Company,Programmes,Natural Account,N
Karandaaz PK,11,Karandaaz,211,Enterprise and Assets growth Programme,,,A,C231029,Convertible loan to Rencon,2.65E+08,0,0,2.65E+08,Karandaaz PK,Karandaaz PK,Period to date balance type.,Jul-26,PKR,T,Total,,PKR,Natural Account and Additional Segment,Actual,,,,2026-08-20T10:18:09+00:00,Company,Programmes,Natural Account,N
Karandaaz PK,11,Karandaaz,211,Enterprise and Assets growth Programme,,,A,C231030,CONVERTIBLE LOAN TO IHV KTZ,4.39E+07,0,0,4.39E+07,Karandaaz PK,Karandaaz PK,Period to date balance type.,Jul-26,PKR,T,Total,,PKR,Natural Account and Additional Segment,Actual,,,,2026-08-20T10:18:09+00:00,Company,Programmes,Natural Account,N
Karandaaz PK,11,Karandaaz,211,Enterprise and Assets growth Programme,,,A,C231031,WV LOANS PFSL,1.02E+08,0,0,1.02E+08,Karandaaz PK,Karandaaz PK,Period to date balance type.,Jul-26,PKR,T,Total,,PKR,Natural Account and Additional Segment,Actual,,,,2026-08-20T10:18:09+00:00,Company,Programmes,Natural Account,N
Karandaaz PK,11,Karandaaz,211,Enterprise and Assets growth Programme,,,A,C241001,Bank KRN-UBL-Escrow NRSP (0239-256827718),-6.40E+07,0,0,-6.40E+07,Karandaaz PK,Karandaaz PK,Period to date balance type.,Jul-26,PKR,T,Total,,PKR,Natural Account and Additional Segment,Actual,,,,2026-08-20T10:18:09+00:00,Company,Programmes,Natural Account,N
Karandaaz PK,11,Karandaaz,211,Enterprise and Assets growth Programme,,,A,C241005,Bank KRN-ABL-Escrow ICF3 (0010009999990707),-2.00E+07,0,0,-2.00E+07,Karandaaz PK,Karandaaz PK,Period to date balance type.,Jul-26,PKR,T,Total,,PKR,Natural Account and Additional Segment,Actual,,,,2026-08-20T10:18:09+00:00,Company,Programmes,Natural Account,N
Karandaaz PK,11,Karandaaz,211,Enterprise and Assets growth Programme,,,A,C241007,Escrow Account - NBP,-6.35E+06,0,0,-6.35E+06,Karandaaz PK,Karandaaz PK,Period to date balance type.,Jul-26,PKR,T,Total,,PKR,Natural Account and Additional Segment,Actual,,,,2026-08-20T10:18:09+00:00,Company,Programmes,Natural Account,N
Karandaaz PK,11,Karandaaz,211,Enterprise and Assets growth Programme,,,A,C241008,Bank KRN-SNBL-Escrow IHV KTZ (20009608298),265495.2,0,0,265495.2,Karandaaz PK,Karandaaz PK,Period to date balance type.,Jul-26,PKR,T,Total,,PKR,Natural Account and Additional Segment,Actual,,,,2026-08-20T10:18:09+00:00,Company,Programmes,Natural Account,N
Karandaaz PK,11,Karandaaz,211,Enterprise and Assets growth Programme,,,A,F151002,Fixed Assets - Equipments,234448.5,0,0,234448.5,Karandaaz PK,Karandaaz PK,Period to date balance type.,Jul-26,PKR,T,Total,,PKR,Natural Account and Additional Segment,Actual,,,,2026-08-20T10:18:09+00:00,Company,Programmes,Natural Account,N
Karandaaz PK,11,Karandaaz,211,Enterprise and Assets growth Programme,,,A,F151003,Computers & Printers,4027992,0,0,4027992,Karandaaz PK,Karandaaz PK,Period to date balance type.,Jul-26,PKR,T,Total,,PKR,Natural Account and Additional Segment,Actual,,,,2026-08-20T10:18:09+00:00,Company,Programmes,Natural Account,N
Karandaaz PK,11,Karandaaz,211,Enterprise and Assets growth Programme,,,A,F151004,Furniture & Fixtures,732218.8,0,0,732218.8,Karandaaz PK,Karandaaz PK,Period to date balance type.,Jul-26,PKR,T,Total,,PKR,Natural Account and Additional Segment,Actual,,,,2026-08-20T10:18:09+00:00,Company,Programmes,Natural Account,N
Karandaaz PK,11,Karandaaz,211,Enterprise and Assets growth Programme,,,A,F152001,Furniture and Fixtures - Clearing Account,7.50E+04,0,0,7.50E+04,Karandaaz PK,Karandaaz PK,Period to date balance type.,Jul-26,PKR,T,Total,,PKR,Natural Account and Additional Segment,Actual,,,,2026-08-20T10:18:09+00:00,Company,Programmes,Natural Account,N
Karandaaz PK,11,Karandaaz,211,Enterprise and Assets growth Programme,,,A,F152004,Computers - Clearing Account,1.76E+06,0,0,1.76E+06,Karandaaz PK,Karandaaz PK,Period to date balance type.,Jul-26,PKR,T,Total,,PKR,Natural Account and Additional Segment,Actual,,,,2026-08-20T10:18:09+00:00,Company,Programmes,Natural Account,N
Karandaaz PK,11,Karandaaz,211,Enterprise and Assets growth Programme,,,E,H101001,Bank Charges,0,0,0,0,Karandaaz PK,Karandaaz PK,Period to date balance type.,Jul-26,PKR,T,Total,,PKR,Natural Account and Additional Segment,Actual,,,,2026-08-20T10:18:09+00:00,Company,Programmes,Natural Account,N
Karandaaz PK,11,Karandaaz,211,Enterprise and Assets growth Programme,,,E,H103002,Capacity Building,0,25000,0,25000,Karandaaz PK,Karandaaz PK,Period to date balance type.,Jul-26,PKR,T,Total,,PKR,Natural Account and Additional Segment,Actual,,,,2026-08-20T10:18:09+00:00,Company,Programmes,Natural Account,N
Karandaaz PK,11,Karandaaz,211,Enterprise and Assets growth Programme,,,E,H104001,Travel,0,0,0,0,Karandaaz PK,Karandaaz PK,Period to date balance type.,Jul-26,PKR,T,Total,,PKR,Natural Account and Additional Segment,Actual,,,,2026-08-20T10:18:09+00:00,Company,Programmes,Natural Account,N
Karandaaz PK,11,Karandaaz,211,Enterprise and Assets growth Programme,,,E,H105001,HR Consultancies & Internships,0.00E+00,0,0,0.00E+00,Karandaaz PK,Karandaaz PK,Period to date balance type.,Jul-26,PKR,T,Total,,PKR,Natural Account and Additional Segment,Actual,,,,2026-08-20T10:18:09+00:00,Company,Programmes,Natural Account,N
Karandaaz PK,11,Karandaaz,211,Enterprise and Assets growth Programme,,,E,H106001,Electricity,0,0,0,0,Karandaaz PK,Karandaaz PK,Period to date balance type.,Jul-26,PKR,T,Total,,PKR,Natural Account and Additional Segment,Actual,,,,2026-08-20T10:18:09+00:00,Company,Programmes,Natural Account,N
Karandaaz PK,11,Karandaaz,211,Enterprise and Assets growth Programme,,,E,H106002,Telephone & Internet,0.00E+00,0,0,0.00E+00,Karandaaz PK,Karandaaz PK,Period to date balance type.,Jul-26,PKR,T,Total,,PKR,Natural Account and Additional Segment,Actual,,,,2026-08-20T10:18:09+00:00,Company,Programmes,Natural Account,N
Karandaaz PK,11,Karandaaz,211,Enterprise and Assets growth Programme,,,E,H106003,Communication reimbursement,0,0,0,0,Karandaaz PK,Karandaaz PK,Period to date balance type.,Jul-26,PKR,T,Total,,PKR,Natural Account and Additional Segment,Actual,,,,2026-08-20T10:18:09+00:00,Company,Programmes,Natural Account,N
Karandaaz PK,11,Karandaaz,211,Enterprise and Assets growth Programme,,,E,H106006,Generator Expenses,0.00E+00,0,0,0.00E+00,Karandaaz PK,Karandaaz PK,Period to date balance type.,Jul-26,PKR,T,Total,,PKR,Natural Account and Additional Segment,Actual,,,,2026-08-20T10:18:09+00:00,Company,Programmes,Natural Account,N
Karandaaz PK,11,Karandaaz,211,Enterprise and Assets growth Programme,,,E,H106007,Fuel reimbursement,0,0,0,0,Karandaaz PK,Karandaaz PK,Period to date balance type.,Jul-26,PKR,T,Total,,PKR,Natural Account and Additional Segment,Actual,,,,2026-08-20T10:18:09+00:00,Company,Programmes,Natural Account,N
Karandaaz PK,11,Karandaaz,211,Enterprise and Assets growth Programme,,,E,H107001,Depreciation Expense - Furnitures and Fixtures,0,0,0,0,Karandaaz PK,Karandaaz PK,Period to date balance type.,Jul-26,PKR,T,Total,,PKR,Natural Account and Additional Segment,Actual,,,,2026-08-20T10:18:09+00:00,Company,Programmes,Natural Account,N
Karandaaz PK,11,Karandaaz,211,Enterprise and Assets growth Programme,,,E,H107002,Depreciation Expense - Office Equipment,0,0,0,0,Karandaaz PK,Karandaaz PK,Period to date balance type.,Jul-26,PKR,T,Total,,PKR,Natural Account and Additional Segment,Actual,,,,2026-08-20T10:18:09+00:00,Company,Programmes,Natural Account,N
Karandaaz PK,11,Karandaaz,211,Enterprise and Assets growth Programme,,,E,H107004,Depreciation Expense - Computers,0.00E+00,0,0,0.00E+00,Karandaaz PK,Karandaaz PK,Period to date balance type.,Jul-26,PKR,T,Total,,PKR,Natural Account and Additional Segment,Actual,,,,2026-08-20T10:18:09+00:00,Company,Programmes,Natural Account,N
Karandaaz PK,11,Karandaaz,211,Enterprise and Assets growth Programme,,,E,H107006,Depreciation Expense - Solar Equipment,0,0,0,0,Karandaaz PK,Karandaaz PK,Period to date balance type.,Jul-26,PKR,T,Total,,PKR,Natural Account and Additional Segment,Actual,,,,2026-08-20T10:18:09+00:00,Company,Programmes,Natural Account,N
Karandaaz PK,11,Karandaaz,211,Enterprise and Assets growth Programme,,,E,H108001,Road Transportation,0.00E+00,0,0,0.00E+00,Karandaaz PK,Karandaaz PK,Period to date balance type.,Jul-26,PKR,T,Total,,PKR,Natural Account and Additional Segment,Actual,,,,2026-08-20T10:18:09+00:00,Company,Programmes,Natural Account,N
Karandaaz PK,11,Karandaaz,211,Enterprise and Assets growth Programme,,,E,H108002,Vehicle Operations,0,0,0,0,Karandaaz PK,Karandaaz PK,Period to date balance type.,Jul-26,PKR,T,Total,,PKR,Natural Account and Additional Segment,Actual,,,,2026-08-20T10:18:09+00:00,Company,Programmes,Natural Account,N
Karandaaz PK,11,Karandaaz,211,Enterprise and Assets growth Programme,,,E,H108003,Vehicle Maintenance,0,0,0,0,Karandaaz PK,Karandaaz PK,Period to date balance type.,Jul-26,PKR,T,Total,,PKR,Natural Account and Additional Segment,Actual,,,,2026-08-20T10:18:09+00:00,Company,Programmes,Natural Account,N
Karandaaz PK,11,Karandaaz,211,Enterprise and Assets growth Programme,,,E,H108004,Vehicle Insurance - Amortization,0,0,0,0,Karandaaz PK,Karandaaz PK,Period to date balance type.,Jul-26,PKR,T,Total,,PKR,Natural Account and Additional Segment,Actual,,,,2026-08-20T10:18:09+00:00,Company,Programmes,Natural Account,N
Karandaaz PK,11,Karandaaz,211,Enterprise and Assets growth Programme,,,E,H110002,Health Insurance - Amortization,0,0,0,0,Karandaaz PK,Karandaaz PK,Period to date balance type.,Jul-26,PKR,T,Total,,PKR,Natural Account and Additional Segment,Actual,,,,2026-08-20T10:18:09+00:00,Company,Programmes,Natural Account,N
Karandaaz PK,11,Karandaaz,211,Enterprise and Assets growth Programme,,,E,H115001,Meeting & Conferences,0,0,0,0,Karandaaz PK,Karandaaz PK,Period to date balance type.,Jul-26,PKR,T,Total,,PKR,Natural Account and Additional Segment,Actual,,,,2026-08-20T10:18:09+00:00,Company,Programmes,Natural Account,N
Karandaaz PK,11,Karandaaz,211,Enterprise and Assets growth Programme,,,E,H116001,Kitchen Supplies,0,0,0,0,Karandaaz PK,Karandaaz PK,Period to date balance type.,Jul-26,PKR,T,Total,,PKR,Natural Account and Additional Segment,Actual,,,,2026-08-20T10:18:09+00:00,Company,Programmes,Natural Account,N
Karandaaz PK,11,Karandaaz,211,Enterprise and Assets growth Programme,,,E,H116002,Cleaning Material,0,0,0,0,Karandaaz PK,Karandaaz PK,Period to date balance type.,Jul-26,PKR,T,Total,,PKR,Natural Account and Additional Segment,Actual,,,,2026-08-20T10:18:09+00:00,Company,Programmes,Natural Account,N
Karandaaz PK,11,Karandaaz,211,Enterprise and Assets growth Programme,,,E,H116003,Postage & Courier,0.00E+00,0,0,0.00E+00,Karandaaz PK,Karandaaz PK,Period to date balance type.,Jul-26,PKR,T,Total,,PKR,Natural Account and Additional Segment,Actual,,,,2026-08-20T10:18:09+00:00,Company,Programmes,Natural Account,N
Karandaaz PK,11,Karandaaz,211,Enterprise and Assets growth Programme,,,E,H116004,Office Supplies,0,0,0,0,Karandaaz PK,Karandaaz PK,Period to date balance type.,Jul-26,PKR,T,Total,,PKR,Natural Account and Additional Segment,Actual,,,,2026-08-20T10:18:09+00:00,Company,Programmes,Natural Account,N
Karandaaz PK,11,Karandaaz,211,Enterprise and Assets growth Programme,,,E,H116006,IT Supplies,0,0,0,0,Karandaaz PK,Karandaaz PK,Period to date balance type.,Jul-26,PKR,T,Total,,PKR,Natural Account and Additional Segment,Actual,,,,2026-08-20T10:18:09+00:00,Company,Programmes,Natural Account,N
Karandaaz PK,11,Karandaaz,211,Enterprise and Assets growth Programme,,,E,H116007,IT - Repair and Maintenance,0,0,0,0,Karandaaz PK,Karandaaz PK,Period to date balance type.,Jul-26,PKR,T,Total,,PKR,Natural Account and Additional Segment,Actual,,,,2026-08-20T10:18:09+00:00,Company,Programmes,Natural Account,N
Karandaaz PK,11,Karandaaz,211,Enterprise and Assets growth Programme,,,E,H117001,Office Rent- Islamabad,0,0,0,0,Karandaaz PK,Karandaaz PK,Period to date balance type.,Jul-26,PKR,T,Total,,PKR,Natural Account and Additional Segment,Actual,,,,2026-08-20T10:18:09+00:00,Company,Programmes,Natural Account,N
Karandaaz PK,11,Karandaaz,211,Enterprise and Assets growth Programme,,,E,H118001,Amortization - Asset and Vehicles Insurance,0,0,0,0,Karandaaz PK,Karandaaz PK,Period to date balance type.,Jul-26,PKR,T,Total,,PKR,Natural Account and Additional Segment,Actual,,,,2026-08-20T10:18:09+00:00,Company,Programmes,Natural Account,N
Karandaaz PK,11,Karandaaz,211,Enterprise and Assets growth Programme,,,E,H119001,Boarding & Lodging,0,0,0,0,Karandaaz PK,Karandaaz PK,Period to date balance type.,Jul-26,PKR,T,Total,,PKR,Natural Account and Additional Segment,Actual,,,,2026-08-20T10:18:09+00:00,Company,Programmes,Natural Account,N
Karandaaz PK,11,Karandaaz,211,Enterprise and Assets growth Programme,,,E,H119002,BoD-Boarding & Lodging,0,0,0,0,Karandaaz PK,Karandaaz PK,Period to date balance type.,Jul-26,PKR,T,Total,,PKR,Natural Account and Additional Segment,Actual,,,,2026-08-20T10:18:09+00:00,Company,Programmes,Natural Account,N
Karandaaz PK,11,Karandaaz,211,Enterprise and Assets growth Programme,,,E,H119003,Perdiem,0,0,0,0,Karandaaz PK,Karandaaz PK,Period to date balance type.,Jul-26,PKR,T,Total,,PKR,Natural Account and Additional Segment,Actual,,,,2026-08-20T10:18:09+00:00,Company,Programmes,Natural Account,N
Karandaaz PK,11,Karandaaz,211,Enterprise and Assets growth Programme,,,E,H121002,Stationery Printing,0.00E+00,0,0,0.00E+00,Karandaaz PK,Karandaaz PK,Period to date balance type.,Jul-26,PKR,T,Total,,PKR,Natural Account and Additional Segment,Actual,,,,2026-08-20T10:18:09+00:00,Company,Programmes,Natural Account,N
Karandaaz PK,11,Karandaaz,211,Enterprise and Assets growth Programme,,,E,H122001,IT Consultancy,0.00E+00,0,0,0.00E+00,Karandaaz PK,Karandaaz PK,Period to date balance type.,Jul-26,PKR,T,Total,,PKR,Natural Account and Additional Segment,Actual,,,,2026-08-20T10:18:09+00:00,Company,Programmes,Natural Account,N
Karandaaz PK,11,Karandaaz,211,Enterprise and Assets growth Programme,,,E,H122002,External Audit,0.00E+00,0,0,0.00E+00,Karandaaz PK,Karandaaz PK,Period to date balance type.,Jul-26,PKR,T,Total,,PKR,Natural Account and Additional Segment,Actual,,,,2026-08-20T10:18:09+00:00,Company,Programmes,Natural Account,N
Karandaaz PK,11,Karandaaz,211,Enterprise and Assets growth Programme,,,E,H122003,Internal Audit,0.00E+00,0,0,0.00E+00,Karandaaz PK,Karandaaz PK,Period to date balance type.,Jul-26,PKR,T,Total,,PKR,Natural Account and Additional Segment,Actual,,,,2026-08-20T10:18:09+00:00,Company,Programmes,Natural Account,N
Karandaaz PK,11,Karandaaz,211,Enterprise and Assets growth Programme,,,E,H122004,Legal Charges,0.00E+00,0,0,0.00E+00,Karandaaz PK,Karandaaz PK,Period to date balance type.,Jul-26,PKR,T,Total,,PKR,Natural Account and Additional Segment,Actual,,,,2026-08-20T10:18:09+00:00,Company,Programmes,Natural Account,N
Karandaaz PK,11,Karandaaz,211,Enterprise and Assets growth Programme,,,E,H122005,Out of Pocket Ext-Audit,0,0,0,0,Karandaaz PK,Karandaaz PK,Period to date balance type.,Jul-26,PKR,T,Total,,PKR,Natural Account and Additional Segment,Actual,,,,2026-08-20T10:18:09+00:00,Company,Programmes,Natural Account,N
Karandaaz PK,11,Karandaaz,211,Enterprise and Assets growth Programme,,,E,H122007,Tax Consultancy,0,0,0,0,Karandaaz PK,Karandaaz PK,Period to date balance type.,Jul-26,PKR,T,Total,,PKR,Natural Account and Additional Segment,Actual,,,,2026-08-20T10:18:09+00:00,Company,Programmes,Natural Account,N
Karandaaz PK,11,Karandaaz,211,Enterprise and Assets growth Programme,,,E,H122010,External Audit Fee - Group Audits,0.00E+00,0,0,0.00E+00,Karandaaz PK,Karandaaz PK,Period to date balance type.,Jul-26,PKR,T,Total,,PKR,Natural Account and Additional Segment,Actual,,,,2026-08-20T10:18:09+00:00,Company,Programmes,Natural Account,N
Karandaaz PK,11,Karandaaz,211,Enterprise and Assets growth Programme,,,E,H123003,Daily Wages,0.00E+00,0,0,0.00E+00,Karandaaz PK,Karandaaz PK,Period to date balance type.,Jul-26,PKR,T,Total,,PKR,Natural Account and Additional Segment,Actual,,,,2026-08-20T10:18:09+00:00,Company,Programmes,Natural Account,N
Karandaaz PK,11,Karandaaz,211,Enterprise and Assets growth Programme,,,E,H123005,Staff Training,0,0,0,0,Karandaaz PK,Karandaaz PK,Period to date balance type.,Jul-26,PKR,T,Total,,PKR,Natural Account and Additional Segment,Actual,,,,2026-08-20T10:18:09+00:00,Company,Programmes,Natural Account,N
Karandaaz PK,11,Karandaaz,211,Enterprise and Assets growth Programme,,,E,H123006,EOBI Expense,0.00E+00,0,0,0.00E+00,Karandaaz PK,Karandaaz PK,Period to date balance type.,Jul-26,PKR,T,Total,,PKR,Natural Account and Additional Segment,Actual,,,,2026-08-20T10:18:09+00:00,Company,Programmes,Natural Account,N
Karandaaz PK,11,Karandaaz,211,Enterprise and Assets growth Programme,,,E,H123007,Advertisement Expenses,0,0,0,0,Karandaaz PK,Karandaaz PK,Period to date balance type.,Jul-26,PKR,T,Total,,PKR,Natural Account and Additional Segment,Actual,,,,2026-08-20T10:18:09+00:00,Company,Programmes,Natural Account,N
Karandaaz PK,11,Karandaaz,211,Enterprise and Assets growth Programme,,,E,H124001,Office Repair & Maintenance,0,0,0,0,Karandaaz PK,Karandaaz PK,Period to date balance type.,Jul-26,PKR,T,Total,,PKR,Natural Account and Additional Segment,Actual,,,,2026-08-20T10:18:09+00:00,Company,Programmes,Natural Account,N
Karandaaz PK,11,Karandaaz,211,Enterprise and Assets growth Programme,,,E,H124002,Equipment Repair & Maintenance,0.00E+00,0,0,0.00E+00,Karandaaz PK,Karandaaz PK,Period to date balance type.,Jul-26,PKR,T,Total,,PKR,Natural Account and Additional Segment,Actual,,,,2026-08-20T10:18:09+00:00,Company,Programmes,Natural Account,N
Karandaaz PK,11,Karandaaz,211,Enterprise and Assets growth Programme,,,E,H125001,Software Annual Support Services,0,0,0,0,Karandaaz PK,Karandaaz PK,Period to date balance type.,Jul-26,PKR,T,Total,,PKR,Natural Account and Additional Segment,Actual,,,,2026-08-20T10:18:09+00:00,Company,Programmes,Natural Account,N
Karandaaz PK,11,Karandaaz,211,Enterprise and Assets growth Programme,,,E,H126001,Fee & Subscription,0.00E+00,0,0,0.00E+00,Karandaaz PK,Karandaaz PK,Period to date balance type.,Jul-26,PKR,T,Total,,PKR,Natural Account and Additional Segment,Actual,,,,2026-08-20T10:18:09+00:00,Company,Programmes,Natural Account,N
Karandaaz PK,11,Karandaaz,211,Enterprise and Assets growth Programme,,,E,H126002,Employee Engagement,0.00E+00,0,0,0.00E+00,Karandaaz PK,Karandaaz PK,Period to date balance type.,Jul-26,PKR,T,Total,,PKR,Natural Account and Additional Segment,Actual,,,,2026-08-20T10:18:09+00:00,Company,Programmes,Natural Account,N
Karandaaz PK,11,Karandaaz,211,Enterprise and Assets growth Programme,,,E,H126003,Rewards & Compensation Survey,0.00E+00,0,0,0.00E+00,Karandaaz PK,Karandaaz PK,Period to date balance type.,Jul-26,PKR,T,Total,,PKR,Natural Account and Additional Segment,Actual,,,,2026-08-20T10:18:09+00:00,Company,Programmes,Natural Account,N
Karandaaz PK,11,Karandaaz,211,Enterprise and Assets growth Programme,,,E,H128001,Guards & Janitorial Services,0.00E+00,0,0,0.00E+00,Karandaaz PK,Karandaaz PK,Period to date balance type.,Jul-26,PKR,T,Total,,PKR,Natural Account and Additional Segment,Actual,,,,2026-08-20T10:18:09+00:00,Company,Programmes,Natural Account,N
Karandaaz PK,11,Karandaaz,211,Enterprise and Assets growth Programme,,,E,H128002,Corporate and Social Responsibility,0,0,0,0,Karandaaz PK,Karandaaz PK,Period to date balance type.,Jul-26,PKR,T,Total,,PKR,Natural Account and Additional Segment,Actual,,,,2026-08-20T10:18:09+00:00,Company,Programmes,Natural Account,N
Karandaaz PK,11,Karandaaz,211,Enterprise and Assets growth Programme,,,E,H129006,Directors & officers liability insurance,0,0,0,0,Karandaaz PK,Karandaaz PK,Period to date balance type.,Jul-26,PKR,T,Total,,PKR,Natural Account and Additional Segment,Actual,,,,2026-08-20T10:18:09+00:00,Company,Programmes,Natural Account,N
Karandaaz PK,11,Karandaaz,211,Enterprise and Assets growth Programme,,,E,H129009,JSK Feeds - Management Expense,0.00E+00,0,0,0.00E+00,Karandaaz PK,Karandaaz PK,Period to date balance type.,Jul-26,PKR,T,Total,,PKR,Natural Account and Additional Segment,Actual,,,,2026-08-20T10:18:09+00:00,Company,Programmes,Natural Account,N
Karandaaz PK,11,Karandaaz,211,Enterprise and Assets growth Programme,,,E,H129021,Life Insurance - Amortization,0.00E+00,0,0,0.00E+00,Karandaaz PK,Karandaaz PK,Period to date balance type.,Jul-26,PKR,T,Total,,PKR,Natural Account and Additional Segment,Actual,,,,2026-08-20T10:18:09+00:00,Company,Programmes,Natural Account,N
Karandaaz PK,11,Karandaaz,211,Enterprise and Assets growth Programme,,,E,H129022,Unwinding of Interest on loan to BF Biosciences,0.00E+00,0,0,0.00E+00,Karandaaz PK,Karandaaz PK,Period to date balance type.,Jul-26,PKR,T,Total,,PKR,Natural Account and Additional Segment,Actual,,,,2026-08-20T10:18:09+00:00,Company,Programmes,Natural Account,N
Karandaaz PK,11,Karandaaz,211,Enterprise and Assets growth Programme,,,E,H129031,LT Gov Framework Exercise/Study,0.00E+00,0,0,0.00E+00,Karandaaz PK,Karandaaz PK,Period to date balance type.,Jul-26,PKR,T,Total,,PKR,Natural Account and Additional Segment,Actual,,,,2026-08-20T10:18:09+00:00,Company,Programmes,Natural Account,N
Karandaaz PK,11,Karandaaz,211,Enterprise and Assets growth Programme,,,E,H129034,Modification loss / gain on BFBL,0.00E+00,0,0,0.00E+00,Karandaaz PK,Karandaaz PK,Period to date balance type.,Jul-26,PKR,T,Total,,PKR,Natural Account and Additional Segment,Actual,,,,2026-08-20T10:18:09+00:00,Company,Programmes,Natural Account,N
Karandaaz PK,11,Karandaaz,211,Enterprise and Assets growth Programme,,,E,H129035,Modification loss / gain due to change in cashflow on IHV,0.00E+00,0,0,0.00E+00,Karandaaz PK,Karandaaz PK,Period to date balance type.,Jul-26,PKR,T,Total,,PKR,Natural Account and Additional Segment,Actual,,,,2026-08-20T10:18:09+00:00,Company,Programmes,Natural Account,N
Karandaaz PK,11,Karandaaz,211,Enterprise and Assets growth Programme,,,E,H129036,Modification loss on KRN convertible loans,0.00E+00,0,0,0.00E+00,Karandaaz PK,Karandaaz PK,Period to date balance type.,Jul-26,PKR,T,Total,,PKR,Natural Account and Additional Segment,Actual,,,,2026-08-20T10:18:09+00:00,Company,Programmes,Natural Account,N
Karandaaz PK,11,Karandaaz,211,Enterprise and Assets growth Programme,,,E,H130003,Board and Committee Meetings,0.00E+00,0,0,0.00E+00,Karandaaz PK,Karandaaz PK,Period to date balance type.,Jul-26,PKR,T,Total,,PKR,Natural Account and Additional Segment,Actual,,,,2026-08-20T10:18:09+00:00,Company,Programmes,Natural Account,N
Karandaaz PK,11,Karandaaz,211,Enterprise and Assets growth Programme,,,A,H171002,Income Tax Refundable on Bank Profits,-4613335,0,0,-4613335,Karandaaz PK,Karandaaz PK,Period to date balance type.,Jul-26,PKR,T,Total,,PKR,Natural Account and Additional Segment,Actual,,,,2026-08-20T10:18:09+00:00,Company,Programmes,Natural Account,N
Karandaaz PK,11,Karandaaz,211,Enterprise and Assets growth Programme,,,A,H171006,Advance Tax on Events,2.57E+04,0,0,2.57E+04,Karandaaz PK,Karandaaz PK,Period to date balance type.,Jul-26,PKR,T,Total,,PKR,Natural Account and Additional Segment,Actual,,,,2026-08-20T10:18:09+00:00,Company,Programmes,Natural Account,N
Karandaaz PK,11,Karandaaz,211,Enterprise and Assets growth Programme,,,L,H211001,Payable to vendors - Goods,-51671.6,559462.6,545288.1,-37497,Karandaaz PK,Karandaaz PK,Period to date balance type.,Jul-26,PKR,T,Total,,PKR,Natural Account and Additional Segment,Actual,,,,2026-08-20T10:18:09+00:00,Company,Programmes,Natural Account,N
Karandaaz PK,11,Karandaaz,211,Enterprise and Assets growth Programme,,,L,H211002,Payable to vendors - Services,-5.48E+06,7329840,5001439,-3.15E+06,Karandaaz PK,Karandaaz PK,Period to date balance type.,Jul-26,PKR,T,Total,,PKR,Natural Account and Additional Segment,Actual,,,,2026-08-20T10:18:09+00:00,Company,Programmes,Natural Account,N
Karandaaz PK,11,Karandaaz,211,Enterprise and Assets growth Programme,,,L,H211003,Payable to vendors - Grants,5.00E+05,21164,21164,5.00E+05,Karandaaz PK,Karandaaz PK,Period to date balance type.,Jul-26,PKR,T,Total,,PKR,Natural Account and Additional Segment,Actual,,,,2026-08-20T10:18:09+00:00,Company,Programmes,Natural Account,N
Karandaaz PK,11,Karandaaz,211,Enterprise and Assets growth Programme,,,L,H211005,Payable to NCGC,9.97E+05,0,0,9.97E+05,Karandaaz PK,Karandaaz PK,Period to date balance type.,Jul-26,PKR,T,Total,,PKR,Natural Account and Additional Segment,Actual,,,,2026-08-20T10:18:09+00:00,Company,Programmes,Natural Account,N
Karandaaz PK,11,Karandaaz,211,Enterprise and Assets growth Programme,,,L,H215001,Provident Fund Payable,-4.31E+04,0,0,-4.31E+04,Karandaaz PK,Karandaaz PK,Period to date balance type.,Jul-26,PKR,T,Total,,PKR,Natural Account and Additional Segment,Actual,,,,2026-08-20T10:18:09+00:00,Company,Programmes,Natural Account,N
Karandaaz PK,11,Karandaaz,211,Enterprise and Assets growth Programme,,,L,H215003,Staff training - Payable,-3.85E+05,0,0,-3.85E+05,Karandaaz PK,Karandaaz PK,Period to date balance type.,Jul-26,PKR,T,Total,,PKR,Natural Account and Additional Segment,Actual,,,,2026-08-20T10:18:09+00:00,Company,Programmes,Natural Account,N
Karandaaz PK,11,Karandaaz,211,Enterprise and Assets growth Programme,,,L,H216001,Withhoding Income Tax Payable,-585,0,0,-585,Karandaaz PK,Karandaaz PK,Period to date balance type.,Jul-26,PKR,T,Total,,PKR,Natural Account and Additional Segment,Actual,,,,2026-08-20T10:18:09+00:00,Company,Programmes,Natural Account,N
Karandaaz PK,11,Karandaaz,211,Enterprise and Assets growth Programme,,,O,H291003,Restricted Grant - FCDO EAGR (CDEL),-1.50E+09,0,0,-1.50E+09,Karandaaz PK,Karandaaz PK,Period to date balance type.,Jul-26,PKR,T,Total,,PKR,Natural Account and Additional Segment,Actual,,,,2026-08-20T10:18:09+00:00,Company,Programmes,Natural Account,N
Karandaaz PK,11,Karandaaz,211,Enterprise and Assets growth Programme,,,A,H340001,Accrued Interest Income,54754208,0,0,54754208,Karandaaz PK,Karandaaz PK,Period to date balance type.,Jul-26,PKR,T,Total,,PKR,Natural Account and Additional Segment,Actual,,,,2026-08-20T10:18:09+00:00,Company,Programmes,Natural Account,N
Karandaaz PK,11,Karandaaz,211,Enterprise and Assets growth Programme,,,A,H361001,Advances to Vendors - Services,7666113,0,0,7666113,Karandaaz PK,Karandaaz PK,Period to date balance type.,Jul-26,PKR,T,Total,,PKR,Natural Account and Additional Segment,Actual,,,,2026-08-20T10:18:09+00:00,Company,Programmes,Natural Account,N
Karandaaz PK,11,Karandaaz,211,Enterprise and Assets growth Programme,,,A,H370005,Post - Receivable from Parwaz Financial Services,0,0,0,0,Karandaaz PK,Karandaaz PK,Period to date balance type.,Jul-26,PKR,T,Total,,PKR,Natural Account and Additional Segment,Actual,,,,2026-08-20T10:18:09+00:00,Company,Programmes,Natural Account,N
Karandaaz PK,11,Karandaaz,211,Enterprise and Assets growth Programme,,,A,H370018,Finance provided to PFSL,3.84E+08,0,0,3.84E+08,Karandaaz PK,Karandaaz PK,Period to date balance type.,Jul-26,PKR,T,Total,,PKR,Natural Account and Additional Segment,Actual,,,,2026-08-20T10:18:09+00:00,Company,Programmes,Natural Account,N
Karandaaz PK,11,Karandaaz,211,Enterprise and Assets growth Programme,,,A,H371001,Cash Advance - Clearing account,0,0,0,0,Karandaaz PK,Karandaaz PK,Period to date balance type.,Jul-26,PKR,T,Total,,PKR,Natural Account and Additional Segment,Actual,,,,2026-08-20T10:18:09+00:00,Company,Programmes,Natural Account,N
Karandaaz PK,11,Karandaaz,211,Enterprise and Assets growth Programme,,,A,H380002,Assets Insurance - Prepayment,225946.5,0,0,225946.5,Karandaaz PK,Karandaaz PK,Period to date balance type.,Jul-26,PKR,T,Total,,PKR,Natural Account and Additional Segment,Actual,,,,2026-08-20T10:18:09+00:00,Company,Programmes,Natural Account,N
Karandaaz PK,11,Karandaaz,211,Enterprise and Assets growth Programme,,,A,H380003,Health Insurance - Prepayment,19502055,0,0,19502055,Karandaaz PK,Karandaaz PK,Period to date balance type.,Jul-26,PKR,T,Total,,PKR,Natural Account and Additional Segment,Actual,,,,2026-08-20T10:18:09+00:00,Company,Programmes,Natural Account,N
Karandaaz PK,11,Karandaaz,211,Enterprise and Assets growth Programme,,,A,H380004,Vehicle Insurance - Prepayment,500546.3,0,0,500546.3,Karandaaz PK,Karandaaz PK,Period to date balance type.,Jul-26,PKR,T,Total,,PKR,Natural Account and Additional Segment,Actual,,,,2026-08-20T10:18:09+00:00,Company,Programmes,Natural Account,N
Karandaaz PK,11,Karandaaz,211,Enterprise and Assets growth Programme,,,A,H380006,Life Insurance - Prepayment,2133379,0,0,2133379,Karandaaz PK,Karandaaz PK,Period to date balance type.,Jul-26,PKR,T,Total,,PKR,Natural Account and Additional Segment,Actual,,,,2026-08-20T10:18:09+00:00,Company,Programmes,Natural Account,N
Karandaaz PK,11,Karandaaz,211,Enterprise and Assets growth Programme,,,A,H400002,Investments in T-Bill - HMBL,-7.50E+07,0,0,-7.50E+07,Karandaaz PK,Karandaaz PK,Period to date balance type.,Jul-26,PKR,T,Total,,PKR,Natural Account and Additional Segment,Actual,,,,2026-08-20T10:18:09+00:00,Company,Programmes,Natural Account,N
Karandaaz PK,11,Karandaaz,211,Enterprise and Assets growth Programme,,,A,H400003,Investments in TDR/T-Bill - HMBL,5.01E+08,0,0,5.01E+08,Karandaaz PK,Karandaaz PK,Period to date balance type.,Jul-26,PKR,T,Total,,PKR,Natural Account and Additional Segment,Actual,,,,2026-08-20T10:18:09+00:00,Company,Programmes,Natural Account,N
Karandaaz PK,11,Karandaaz,211,Enterprise and Assets growth Programme,,,E,I109001,ICF 6 - GCF (Grant),0,0,0,0,Karandaaz PK,Karandaaz PK,Period to date balance type.,Jul-26,PKR,T,Total,,PKR,Natural Account and Additional Segment,Actual,,,,2026-08-20T10:18:09+00:00,Company,Programmes,Natural Account,N
Karandaaz PK,11,Karandaaz,211,Enterprise and Assets growth Programme,,,E,I109002,ICF 6 - GCF Grant,0,0,0,0,Karandaaz PK,Karandaaz PK,Period to date balance type.,Jul-26,PKR,T,Total,,PKR,Natural Account and Additional Segment,Actual,,,,2026-08-20T10:18:09+00:00,Company,Programmes,Natural Account,N
Karandaaz PK,11,Karandaaz,211,Enterprise and Assets growth Programme,,,E,I112001,WV: Technical Assistance (BDS),0,0,0,0,Karandaaz PK,Karandaaz PK,Period to date balance type.,Jul-26,PKR,T,Total,,PKR,Natural Account and Additional Segment,Actual,,,,2026-08-20T10:18:09+00:00,Company,Programmes,Natural Account,N
Karandaaz PK,11,Karandaaz,211,Enterprise and Assets growth Programme,,,E,I114001,WV: Capacity Building Funds,0,0,0,0,Karandaaz PK,Karandaaz PK,Period to date balance type.,Jul-26,PKR,T,Total,,PKR,Natural Account and Additional Segment,Actual,,,,2026-08-20T10:18:09+00:00,Company,Programmes,Natural Account,N
Karandaaz PK,11,Karandaaz,211,Enterprise and Assets growth Programme,,,A,I171001,Software License Fee - Prepayment,-3276513,0,0,-3276513,Karandaaz PK,Karandaaz PK,Period to date balance type.,Jul-26,PKR,T,Total,,PKR,Natural Account and Additional Segment,Actual,,,,2026-08-20T10:18:09+00:00,Company,Programmes,Natural Account,N
Karandaaz PK,11,Karandaaz,211,Enterprise and Assets growth Programme,,,A,I172003,Computer Software License - Intangible,3276513,0,0,3276513,Karandaaz PK,Karandaaz PK,Period to date balance type.,Jul-26,PKR,T,Total,,PKR,Natural Account and Additional Segment,Actual,,,,2026-08-20T10:18:09+00:00,Company,Programmes,Natural Account,N
Karandaaz PK,11,Karandaaz,211,Enterprise and Assets growth Programme,,,E,K102006,PR Services,0,0,0,0,Karandaaz PK,Karandaaz PK,Period to date balance type.,Jul-26,PKR,T,Total,,PKR,Natural Account and Additional Segment,Actual,,,,2026-08-20T10:18:09+00:00,Company,Programmes,Natural Account,N
Karandaaz PK,11,Karandaaz,211,Enterprise and Assets growth Programme,,,E,K102009,Karandaaz Innovation - Advertising & Outreach,0,0,0,0,Karandaaz PK,Karandaaz PK,Period to date balance type.,Jul-26,PKR,T,Total,,PKR,Natural Account and Additional Segment,Actual,,,,2026-08-20T10:18:09+00:00,Company,Programmes,Natural Account,N
Karandaaz PK,11,Karandaaz,211,Enterprise and Assets growth Programme,,,E,K102011,SME & Karandaaz Innovation Knowledge Prdcts,0,0,0,0,Karandaaz PK,Karandaaz PK,Period to date balance type.,Jul-26,PKR,T,Total,,PKR,Natural Account and Additional Segment,Actual,,,,2026-08-20T10:18:09+00:00,Company,Programmes,Natural Account,N
Karandaaz PK,11,Karandaaz,211,Enterprise and Assets growth Programme,,,E,K102012,Knowledge Partnerships,0,0,0,0,Karandaaz PK,Karandaaz PK,Period to date balance type.,Jul-26,PKR,T,Total,,PKR,Natural Account and Additional Segment,Actual,,,,2026-08-20T10:18:09+00:00,Company,Programmes,Natural Account,N
Karandaaz PK,11,Karandaaz,211,Enterprise and Assets growth Programme,,,E,K102014,Website Maintenance+SEO,0,0,0,0,Karandaaz PK,Karandaaz PK,Period to date balance type.,Jul-26,PKR,T,Total,,PKR,Natural Account and Additional Segment,Actual,,,,2026-08-20T10:18:09+00:00,Company,Programmes,Natural Account,N
Karandaaz PK,11,Karandaaz,211,Enterprise and Assets growth Programme,,,E,K102015,Digital and Social Media,0,0,0,0,Karandaaz PK,Karandaaz PK,Period to date balance type.,Jul-26,PKR,T,Total,,PKR,Natural Account and Additional Segment,Actual,,,,2026-08-20T10:18:09+00:00,Company,Programmes,Natural Account,N
Karandaaz PK,11,Karandaaz,211,Enterprise and Assets growth Programme,,,E,K102016,Marketing Collateral,0,0,0,0,Karandaaz PK,Karandaaz PK,Period to date balance type.,Jul-26,PKR,T,Total,,PKR,Natural Account and Additional Segment,Actual,,,,2026-08-20T10:18:09+00:00,Company,Programmes,Natural Account,N
Karandaaz PK,11,Karandaaz,211,Enterprise and Assets growth Programme,,,E,K102017,SME/CIC Market Visibility and Outreach,0,0,0,0,Karandaaz PK,Karandaaz PK,Period to date balance type.,Jul-26,PKR,T,Total,,PKR,Natural Account and Additional Segment,Actual,,,,2026-08-20T10:18:09+00:00,Company,Programmes,Natural Account,N
Karandaaz PK,11,Karandaaz,211,Enterprise and Assets growth Programme,,,E,K102025,ICF Marketing & MEL,0,0,0,0,Karandaaz PK,Karandaaz PK,Period to date balance type.,Jul-26,PKR,T,Total,,PKR,Natural Account and Additional Segment,Actual,,,,2026-08-20T10:18:09+00:00,Company,Programmes,Natural Account,N
Karandaaz PK,11,Karandaaz,211,Enterprise and Assets growth Programme,,,E,K102026,"WV - Events, Videos, Briefs",0,0,0,0,Karandaaz PK,Karandaaz PK,Period to date balance type.,Jul-26,PKR,T,Total,,PKR,Natural Account and Additional Segment,Actual,,,,2026-08-20T10:18:09+00:00,Company,Programmes,Natural Account,N
Karandaaz PK,11,Karandaaz,211,Enterprise and Assets growth Programme,,,E,K103002,W2 - Data Portal (FCDO),0,0,0,0,Karandaaz PK,Karandaaz PK,Period to date balance type.,Jul-26,PKR,T,Total,,PKR,Natural Account and Additional Segment,Actual,,,,2026-08-20T10:18:09+00:00,Company,Programmes,Natural Account,N
Karandaaz PK,11,Karandaaz,211,Enterprise and Assets growth Programme,,,E,K103020,Data Portal 2.0 (FCDO),0,0,0,0,Karandaaz PK,Karandaaz PK,Period to date balance type.,Jul-26,PKR,T,Total,,PKR,Natural Account and Additional Segment,Actual,,,,2026-08-20T10:18:09+00:00,Company,Programmes,Natural Account,N
Karandaaz PK,11,Karandaaz,211,Enterprise and Assets growth Programme,,,E,K103027,Study on Landscape of Women-Led Businesses,0,0,0,0,Karandaaz PK,Karandaaz PK,Period to date balance type.,Jul-26,PKR,T,Total,,PKR,Natural Account and Additional Segment,Actual,,,,2026-08-20T10:18:09+00:00,Company,Programmes,Natural Account,N
Karandaaz PK,11,Karandaaz,211,Enterprise and Assets growth Programme,,,E,K103028,Study on Quality of Jobs Created,0,0,0,0,Karandaaz PK,Karandaaz PK,Period to date balance type.,Jul-26,PKR,T,Total,,PKR,Natural Account and Additional Segment,Actual,,,,2026-08-20T10:18:09+00:00,Company,Programmes,Natural Account,N
Karandaaz PK,11,Karandaaz,211,Enterprise and Assets growth Programme,,,E,K103030,Study on the prevalent tax regime,0,0,0,0,Karandaaz PK,Karandaaz PK,Period to date balance type.,Jul-26,PKR,T,Total,,PKR,Natural Account and Additional Segment,Actual,,,,2026-08-20T10:18:09+00:00,Company,Programmes,Natural Account,N
Karandaaz PK,11,Karandaaz,211,Enterprise and Assets growth Programme,,,E,K103035,Constant Contact,0,0,0,0,Karandaaz PK,Karandaaz PK,Period to date balance type.,Jul-26,PKR,T,Total,,PKR,Natural Account and Additional Segment,Actual,,,,2026-08-20T10:18:09+00:00,Company,Programmes,Natural Account,N
Karandaaz PK,11,Karandaaz,211,Enterprise and Assets growth Programme,,,E,K103036,Graphic Design Services,0,0,0,0,Karandaaz PK,Karandaaz PK,Period to date balance type.,Jul-26,PKR,T,Total,,PKR,Natural Account and Additional Segment,Actual,,,,2026-08-20T10:18:09+00:00,Company,Programmes,Natural Account,N
Karandaaz PK,11,Karandaaz,211,Enterprise and Assets growth Programme,,,E,K103041,Study on Healthcare Service Delivery in Pakistan (New),0,0,0,0,Karandaaz PK,Karandaaz PK,Period to date balance type.,Jul-26,PKR,T,Total,,PKR,Natural Account and Additional Segment,Actual,,,,2026-08-20T10:18:09+00:00,Company,Programmes,Natural Account,N
Karandaaz PK,11,Karandaaz,211,Enterprise and Assets growth Programme,,,E,K103044,"DFS Outreach (videos, publications, photo collections)",0,0,0,0,Karandaaz PK,Karandaaz PK,Period to date balance type.,Jul-26,PKR,T,Total,,PKR,Natural Account and Additional Segment,Actual,,,,2026-08-20T10:18:09+00:00,Company,Programmes,Natural Account,N
Karandaaz PK,11,Karandaaz,211,Enterprise and Assets growth Programme,,,E,K103046,Zoom Webinar,0,0,0,0,Karandaaz PK,Karandaaz PK,Period to date balance type.,Jul-26,PKR,T,Total,,PKR,Natural Account and Additional Segment,Actual,,,,2026-08-20T10:18:09+00:00,Company,Programmes,Natural Account,N
Karandaaz PK,11,Karandaaz,211,Enterprise and Assets growth Programme,,,E,K103047,SEO for Website,0,0,0,0,Karandaaz PK,Karandaaz PK,Period to date balance type.,Jul-26,PKR,T,Total,,PKR,Natural Account and Additional Segment,Actual,,,,2026-08-20T10:18:09+00:00,Company,Programmes,Natural Account,N
Karandaaz PK,11,Karandaaz,211,Enterprise and Assets growth Programme,,,E,K103050,KRN Small Development Initiatives,0,0,0,0,Karandaaz PK,Karandaaz PK,Period to date balance type.,Jul-26,PKR,T,Total,,PKR,Natural Account and Additional Segment,Actual,,,,2026-08-20T10:18:09+00:00,Company,Programmes,Natural Account,N
Karandaaz PK,11,Karandaaz,211,Enterprise and Assets growth Programme,,,E,K103051,Corporate Governance in SMEs,0,0,0,0,Karandaaz PK,Karandaaz PK,Period to date balance type.,Jul-26,PKR,T,Total,,PKR,Natural Account and Additional Segment,Actual,,,,2026-08-20T10:18:09+00:00,Company,Programmes,Natural Account,N
Karandaaz PK,11,Karandaaz,211,Enterprise and Assets growth Programme,,,E,K103052,"Engagement with Influencer Platforms/Podcasts (Pakistonomy, Tabadlab, etc.)",0,0,0,0,Karandaaz PK,Karandaaz PK,Period to date balance type.,Jul-26,PKR,T,Total,,PKR,Natural Account and Additional Segment,Actual,,,,2026-08-20T10:18:09+00:00,Company,Programmes,Natural Account,N
Karandaaz PK,11,Karandaaz,211,Enterprise and Assets growth Programme,,,E,K103056,Green Investment Instruments (e.g. Green Carbon Markets),0,0,0,0,Karandaaz PK,Karandaaz PK,Period to date balance type.,Jul-26,PKR,T,Total,,PKR,Natural Account and Additional Segment,Actual,,,,2026-08-20T10:18:09+00:00,Company,Programmes,Natural Account,N
Karandaaz PK,11,Karandaaz,211,Enterprise and Assets growth Programme,,,E,M102001,Third Party Monitoring of Karandaaz Projects,0,0,0,0,Karandaaz PK,Karandaaz PK,Period to date balance type.,Jul-26,PKR,T,Total,,PKR,Natural Account and Additional Segment,Actual,,,,2026-08-20T10:18:09+00:00,Company,Programmes,Natural Account,N
Karandaaz PK,11,Karandaaz,211,Enterprise and Assets growth Programme,,,E,M104008,CIC Assessment,0,0,0,0,Karandaaz PK,Karandaaz PK,Period to date balance type.,Jul-26,PKR,T,Total,,PKR,Natural Account and Additional Segment,Actual,,,,2026-08-20T10:18:09+00:00,Company,Programmes,Natural Account,N
Karandaaz PK,11,Karandaaz,211,Enterprise and Assets growth Programme,,,E,M104010,MEL functional Assessments (FCDO),0,0,0,0,Karandaaz PK,Karandaaz PK,Period to date balance type.,Jul-26,PKR,T,Total,,PKR,Natural Account and Additional Segment,Actual,,,,2026-08-20T10:18:09+00:00,Company,Programmes,Natural Account,N
Karandaaz PK,11,Karandaaz,211,Enterprise and Assets growth Programme,,,E,M104011,ESG Compliance Assessment,0,0,0,0,Karandaaz PK,Karandaaz PK,Period to date balance type.,Jul-26,PKR,T,Total,,PKR,Natural Account and Additional Segment,Actual,,,,2026-08-20T10:18:09+00:00,Company,Programmes,Natural Account,N
Karandaaz PK,11,Karandaaz,211,Enterprise and Assets growth Programme,,,E,M111001,KRN Green Portfolio,0,0,0,0,Karandaaz PK,Karandaaz PK,Period to date balance type.,Jul-26,PKR,T,Total,,PKR,Natural Account and Additional Segment,Actual,,,,2026-08-20T10:18:09+00:00,Company,Programmes,Natural Account,N
Karandaaz PK,11,Karandaaz,211,Enterprise and Assets growth Programme,,,R,OI60101,ORIX - SME Loans - Profit Income,0,0,0,0,Karandaaz PK,Karandaaz PK,Period to date balance type.,Jul-26,PKR,T,Total,,PKR,Natural Account and Additional Segment,Actual,,,,2026-08-20T10:18:09+00:00,Company,Programmes,Natural Account,N
Karandaaz PK,11,Karandaaz,211,Enterprise and Assets growth Programme,,,R,OI60102,MBL-SME Loans-Profit Income,0,0,0,0,Karandaaz PK,Karandaaz PK,Period to date balance type.,Jul-26,PKR,T,Total,,PKR,Natural Account and Additional Segment,Actual,,,,2026-08-20T10:18:09+00:00,Company,Programmes,Natural Account,N
Karandaaz PK,11,Karandaaz,211,Enterprise and Assets growth Programme,,,R,OI60103,BAFL-SME Loans-Profit Income,0,0,0,0,Karandaaz PK,Karandaaz PK,Period to date balance type.,Jul-26,PKR,T,Total,,PKR,Natural Account and Additional Segment,Actual,,,,2026-08-20T10:18:09+00:00,Company,Programmes,Natural Account,N
Karandaaz PK,11,Karandaaz,211,Enterprise and Assets growth Programme,,,R,OI60105,Markup on ORIX TFF,0,0,0,0,Karandaaz PK,Karandaaz PK,Period to date balance type.,Jul-26,PKR,T,Total,,PKR,Natural Account and Additional Segment,Actual,,,,2026-08-20T10:18:09+00:00,Company,Programmes,Natural Account,N
Karandaaz PK,11,Karandaaz,211,Enterprise and Assets growth Programme,,,R,OI60106,Interest Income - Subordinated Loan to PMIC,0,0,0,0,Karandaaz PK,Karandaaz PK,Period to date balance type.,Jul-26,PKR,T,Total,,PKR,Natural Account and Additional Segment,Actual,,,,2026-08-20T10:18:09+00:00,Company,Programmes,Natural Account,N
Karandaaz PK,11,Karandaaz,211,Enterprise and Assets growth Programme,,,R,OI60108,Interest Income - Soneri Bank Limited TFC's,0,0,0,0,Karandaaz PK,Karandaaz PK,Period to date balance type.,Jul-26,PKR,T,Total,,PKR,Natural Account and Additional Segment,Actual,,,,2026-08-20T10:18:09+00:00,Company,Programmes,Natural Account,N
Karandaaz PK,11,Karandaaz,211,Enterprise and Assets growth Programme,,,R,OI60110,Profit on JSK Feeds Loan,0,0,0,0,Karandaaz PK,Karandaaz PK,Period to date balance type.,Jul-26,PKR,T,Total,,PKR,Natural Account and Additional Segment,Actual,,,,2026-08-20T10:18:09+00:00,Company,Programmes,Natural Account,N
Karandaaz PK,11,Karandaaz,211,Enterprise and Assets growth Programme,,,R,OI60111,JSBL-SME Loans-Profit Income,0,0,0,0,Karandaaz PK,Karandaaz PK,Period to date balance type.,Jul-26,PKR,T,Total,,PKR,Natural Account and Additional Segment,Actual,,,,2026-08-20T10:18:09+00:00,Company,Programmes,Natural Account,N
Karandaaz PK,11,Karandaaz,211,Enterprise and Assets growth Programme,,,R,OI60112,Interest Income - BAFL MTN,0,0,0,0,Karandaaz PK,Karandaaz PK,Period to date balance type.,Jul-26,PKR,T,Total,,PKR,Natural Account and Additional Segment,Actual,,,,2026-08-20T10:18:09+00:00,Company,Programmes,Natural Account,N
Karandaaz PK,11,Karandaaz,211,Enterprise and Assets growth Programme,,,R,OI60113,MCB MIBIslamic -SME Loans- Profit Income,0,0,0,0,Karandaaz PK,Karandaaz PK,Period to date balance type.,Jul-26,PKR,T,Total,,PKR,Natural Account and Additional Segment,Actual,,,,2026-08-20T10:18:09+00:00,Company,Programmes,Natural Account,N
Karandaaz PK,11,Karandaaz,211,Enterprise and Assets growth Programme,,,R,OI60118,Dividend from Techlogix,0,0,0,0,Karandaaz PK,Karandaaz PK,Period to date balance type.,Jul-26,PKR,T,Total,,PKR,Natural Account and Additional Segment,Actual,,,,2026-08-20T10:18:09+00:00,Company,Programmes,Natural Account,N
Karandaaz PK,11,Karandaaz,211,Enterprise and Assets growth Programme,,,R,OI60121,Convertible Loans - Interest Income,0,0,0,0,Karandaaz PK,Karandaaz PK,Period to date balance type.,Jul-26,PKR,T,Total,,PKR,Natural Account and Additional Segment,Actual,,,,2026-08-20T10:18:09+00:00,Company,Programmes,Natural Account,N
Karandaaz PK,11,Karandaaz,211,Enterprise and Assets growth Programme,,,R,OI60122,Interest Income - Hac Agri,0,0,0,0,Karandaaz PK,Karandaaz PK,Period to date balance type.,Jul-26,PKR,T,Total,,PKR,Natural Account and Additional Segment,Actual,,,,2026-08-20T10:18:09+00:00,Company,Programmes,Natural Account,N
Karandaaz PK,11,Karandaaz,211,Enterprise and Assets growth Programme,,,R,OI60123,REON Loan-Profit Income,0,0,0,0,Karandaaz PK,Karandaaz PK,Period to date balance type.,Jul-26,PKR,T,Total,,PKR,Natural Account and Additional Segment,Actual,,,,2026-08-20T10:18:09+00:00,Company,Programmes,Natural Account,N
Karandaaz PK,11,Karandaaz,211,Enterprise and Assets growth Programme,,,R,OI60124,Interest Income - Nissan Gandhara,0,0,0,0,Karandaaz PK,Karandaaz PK,Period to date balance type.,Jul-26,PKR,T,Total,,PKR,Natural Account and Additional Segment,Actual,,,,2026-08-20T10:18:09+00:00,Company,Programmes,Natural Account,N
Karandaaz PK,11,Karandaaz,211,Enterprise and Assets growth Programme,,,R,OI60126,Profit on Renacon loan,0,0,0,0,Karandaaz PK,Karandaaz PK,Period to date balance type.,Jul-26,PKR,T,Total,,PKR,Natural Account and Additional Segment,Actual,,,,2026-08-20T10:18:09+00:00,Company,Programmes,Natural Account,N
Karandaaz PK,11,Karandaaz,211,Enterprise and Assets growth Programme,,,R,OI60129,Profit on SLG,0,0,0,0,Karandaaz PK,Karandaaz PK,Period to date balance type.,Jul-26,PKR,T,Total,,PKR,Natural Account and Additional Segment,Actual,,,,2026-08-20T10:18:09+00:00,Company,Programmes,Natural Account,N
Karandaaz PK,11,Karandaaz,211,Enterprise and Assets growth Programme,,,R,OI60130,Profit on BFBL,0,0,0,0,Karandaaz PK,Karandaaz PK,Period to date balance type.,Jul-26,PKR,T,Total,,PKR,Natural Account and Additional Segment,Actual,,,,2026-08-20T10:18:09+00:00,Company,Programmes,Natural Account,N
Karandaaz PK,11,Karandaaz,211,Enterprise and Assets growth Programme,,,R,OI60131,Interest on Loan to Dawood Engineering,0,0,0,0,Karandaaz PK,Karandaaz PK,Period to date balance type.,Jul-26,PKR,T,Total,,PKR,Natural Account and Additional Segment,Actual,,,,2026-08-20T10:18:09+00:00,Company,Programmes,Natural Account,N
Karandaaz PK,11,Karandaaz,211,Enterprise and Assets growth Programme,,,R,OI60132,Profit on Alfalah ADT-1 TFCs,0,0,0,0,Karandaaz PK,Karandaaz PK,Period to date balance type.,Jul-26,PKR,T,Total,,PKR,Natural Account and Additional Segment,Actual,,,,2026-08-20T10:18:09+00:00,Company,Programmes,Natural Account,N
Karandaaz PK,11,Karandaaz,211,Enterprise and Assets growth Programme,,,R,OI60133,Interest on PFSL Subdebt,0,0,0,0,Karandaaz PK,Karandaaz PK,Period to date balance type.,Jul-26,PKR,T,Total,,PKR,Natural Account and Additional Segment,Actual,,,,2026-08-20T10:18:09+00:00,Company,Programmes,Natural Account,N
Karandaaz PK,11,Karandaaz,211,Enterprise and Assets growth Programme,,,R,OI60134,Interest Income - Albario,0,0,0,0,Karandaaz PK,Karandaaz PK,Period to date balance type.,Jul-26,PKR,T,Total,,PKR,Natural Account and Additional Segment,Actual,,,,2026-08-20T10:18:09+00:00,Company,Programmes,Natural Account,N
Karandaaz PK,11,Karandaaz,211,Enterprise and Assets growth Programme,,,R,OI70101,Profit on PLS Bank Account,0,0,0,0,Karandaaz PK,Karandaaz PK,Period to date balance type.,Jul-26,PKR,T,Total,,PKR,Natural Account and Additional Segment,Actual,,,,2026-08-20T10:18:09+00:00,Company,Programmes,Natural Account,N
Karandaaz PK,11,Karandaaz,211,Enterprise and Assets growth Programme,,,R,OI70102,Account Profit on PO cash balances,0,0,0,0,Karandaaz PK,Karandaaz PK,Period to date balance type.,Jul-26,PKR,T,Total,,PKR,Natural Account and Additional Segment,Actual,,,,2026-08-20T10:18:09+00:00,Company,Programmes,Natural Account,N
Karandaaz PK,11,Karandaaz,211,Enterprise and Assets growth Programme,,,R,OI70106,Interest Income on Escrow account,0,0,0,0,Karandaaz PK,Karandaaz PK,Period to date balance type.,Jul-26,PKR,T,Total,,PKR,Natural Account and Additional Segment,Actual,,,,2026-08-20T10:18:09+00:00,Company,Programmes,Natural Account,N
Karandaaz PK,11,Karandaaz,211,Enterprise and Assets growth Programme,,,R,OI70107,Profit on TDRs,0,0,0,0,Karandaaz PK,Karandaaz PK,Period to date balance type.,Jul-26,PKR,T,Total,,PKR,Natural Account and Additional Segment,Actual,,,,2026-08-20T10:18:09+00:00,Company,Programmes,Natural Account,N
Karandaaz PK,11,Karandaaz,211,Enterprise and Assets growth Programme,,,R,OI70108,Profit on T-Bills,0,0,0,0,Karandaaz PK,Karandaaz PK,Period to date balance type.,Jul-26,PKR,T,Total,,PKR,Natural Account and Additional Segment,Actual,,,,2026-08-20T10:18:09+00:00,Company,Programmes,Natural Account,N
Karandaaz PK,11,Karandaaz,211,Enterprise and Assets growth Programme,,,R,OI80113,Interest Income PMRC SUKUK,0,0,0,0,Karandaaz PK,Karandaaz PK,Period to date balance type.,Jul-26,PKR,T,Total,,PKR,Natural Account and Additional Segment,Actual,,,,2026-08-20T10:18:09+00:00,Company,Programmes,Natural Account,N
Karandaaz PK,11,Karandaaz,211,Enterprise and Assets growth Programme,,,R,OI80117,Profit on WAHDAT Loan,0,0,0,0,Karandaaz PK,Karandaaz PK,Period to date balance type.,Jul-26,PKR,T,Total,,PKR,Natural Account and Additional Segment,Actual,,,,2026-08-20T10:18:09+00:00,Company,Programmes,Natural Account,N
Karandaaz PK,11,Karandaaz,211,Enterprise and Assets growth Programme,,,R,OI80124,Unwinding of Interest IHV-KTZ,0,0,0,0,Karandaaz PK,Karandaaz PK,Period to date balance type.,Jul-26,PKR,T,Total,,PKR,Natural Account and Additional Segment,Actual,,,,2026-08-20T10:18:09+00:00,Company,Programmes,Natural Account,N
Karandaaz PK,11,Karandaaz,211,Enterprise and Assets growth Programme,,,R,OI80128,Unwinding of Interest on KRN convertible loans,0,0,0,0,Karandaaz PK,Karandaaz PK,Period to date balance type.,Jul-26,PKR,T,Total,,PKR,Natural Account and Additional Segment,Actual,,,,2026-08-20T10:18:09+00:00,Company,Programmes,Natural Account,N
Karandaaz PK,11,Karandaaz,211,Enterprise and Assets growth Programme,,,E,SS5H100,Staff Salaries,0,0,0,0,Karandaaz PK,Karandaaz PK,Period to date balance type.,Jul-26,PKR,T,Total,,PKR,Natural Account and Additional Segment,Actual,,,,2026-08-20T10:18:09+00:00,Company,Programmes,Natural Account,N
Karandaaz PK,11,Karandaaz,211,Enterprise and Assets growth Programme,,,E,SS5H200,Staff Provident Fund,0,0,0,0,Karandaaz PK,Karandaaz PK,Period to date balance type.,Jul-26,PKR,T,Total,,PKR,Natural Account and Additional Segment,Actual,,,,2026-08-20T10:18:09+00:00,Company,Programmes,Natural Account,N
Karandaaz PK,11,Karandaaz,211,Enterprise and Assets growth Programme,,,E,SS5H300,Staff Over time,0,0,0,0,Karandaaz PK,Karandaaz PK,Period to date balance type.,Jul-26,PKR,T,Total,,PKR,Natural Account and Additional Segment,Actual,,,,2026-08-20T10:18:09+00:00,Company,Programmes,Natural Account,N
Karandaaz PK,11,Karandaaz,221,Enterprise and Assets growth Programme - ICF,,,A,B121016,Bank KRN Pakistan - BAFL OSR (0035-1006155288),2.28E+08,0,0,2.28E+08,Karandaaz PK,Karandaaz PK,Period to date balance type.,Jul-26,PKR,T,Total,,PKR,Natural Account and Additional Segment,Actual,,,,2026-08-20T10:18:09+00:00,Company,Programmes,Natural Account,N
Karandaaz PK,11,Karandaaz,221,Enterprise and Assets growth Programme - ICF,,,A,B121026,Bank KRN Pakistan - Meezan Capital (239277356),0,0,0,0,Karandaaz PK,Karandaaz PK,Period to date balance type.,Jul-26,PKR,T,Total,,PKR,Natural Account and Additional Segment,Actual,,,,2026-08-20T10:18:09+00:00,Company,Programmes,Natural Account,N
Karandaaz PK,11,Karandaaz,221,Enterprise and Assets growth Programme - ICF,,,A,B121027,Bank KRN Pakistan - BAFL MEEZAN (0035-1006155284),-2404.49,0,0,-2404.49,Karandaaz PK,Karandaaz PK,Period to date balance type.,Jul-26,PKR,T,Total,,PKR,Natural Account and Additional Segment,Actual,,,,2026-08-20T10:18:09+00:00,Company,Programmes,Natural Account,N
Karandaaz PK,11,Karandaaz,221,Enterprise and Assets growth Programme - ICF,,,A,B132004,Bank KRN Pakistan- BAFL (1005639975) - Clearing,0,0,0,0,Karandaaz PK,Karandaaz PK,Period to date balance type.,Jul-26,PKR,T,Total,,PKR,Natural Account and Additional Segment,Actual,,,,2026-08-20T10:18:09+00:00,Company,Programmes,Natural Account,N
Karandaaz PK,11,Karandaaz,221,Enterprise and Assets growth Programme - ICF,,,A,C231012,Shareholders loan to Wahdat Poultry Farm,-495136,0,0,-495136,Karandaaz PK,Karandaaz PK,Period to date balance type.,Jul-26,PKR,T,Total,,PKR,Natural Account and Additional Segment,Actual,,,,2026-08-20T10:18:09+00:00,Company,Programmes,Natural Account,N
Karandaaz PK,11,Karandaaz,221,Enterprise and Assets growth Programme - ICF,,,A,C231015,Convertible Loans,-8.30E+07,0,0,-8.30E+07,Karandaaz PK,Karandaaz PK,Period to date balance type.,Jul-26,PKR,T,Total,,PKR,Natural Account and Additional Segment,Actual,,,,2026-08-20T10:18:09+00:00,Company,Programmes,Natural Account,N
Karandaaz PK,11,Karandaaz,221,Enterprise and Assets growth Programme - ICF,,,A,C231031,WV LOANS PFSL,4.08E+08,0,0,4.08E+08,Karandaaz PK,Karandaaz PK,Period to date balance type.,Jul-26,PKR,T,Total,,PKR,Natural Account and Additional Segment,Actual,,,,2026-08-20T10:18:09+00:00,Company,Programmes,Natural Account,N
Karandaaz PK,11,Karandaaz,221,Enterprise and Assets growth Programme - ICF,,,A,C241001,Bank KRN-UBL-Escrow NRSP (0239-256827718),-1.10E+07,0,0,-1.10E+07,Karandaaz PK,Karandaaz PK,Period to date balance type.,Jul-26,PKR,T,Total,,PKR,Natural Account and Additional Segment,Actual,,,,2026-08-20T10:18:09+00:00,Company,Programmes,Natural Account,N
Karandaaz PK,11,Karandaaz,221,Enterprise and Assets growth Programme - ICF,,,A,C241008,Bank KRN-SNBL-Escrow IHV KTZ (20009608298),-2.06E+06,0,0,-2.06E+06,Karandaaz PK,Karandaaz PK,Period to date balance type.,Jul-26,PKR,T,Total,,PKR,Natural Account and Additional Segment,Actual,,,,2026-08-20T10:18:09+00:00,Company,Programmes,Natural Account,N
Karandaaz PK,11,Karandaaz,221,Enterprise and Assets growth Programme - ICF,,,E,H101001,Bank Charges,0.00E+00,0,0,0.00E+00,Karandaaz PK,Karandaaz PK,Period to date balance type.,Jul-26,PKR,T,Total,,PKR,Natural Account and Additional Segment,Actual,,,,2026-08-20T10:18:09+00:00,Company,Programmes,Natural Account,N
Karandaaz PK,11,Karandaaz,221,Enterprise and Assets growth Programme - ICF,,,E,H104001,Travel,0.00E+00,0,0,0.00E+00,Karandaaz PK,Karandaaz PK,Period to date balance type.,Jul-26,PKR,T,Total,,PKR,Natural Account and Additional Segment,Actual,,,,2026-08-20T10:18:09+00:00,Company,Programmes,Natural Account,N
Karandaaz PK,11,Karandaaz,221,Enterprise and Assets growth Programme - ICF,,,E,H106003,Communication reimbursement,0,0,0,0,Karandaaz PK,Karandaaz PK,Period to date balance type.,Jul-26,PKR,T,Total,,PKR,Natural Account and Additional Segment,Actual,,,,2026-08-20T10:18:09+00:00,Company,Programmes,Natural Account,N
Karandaaz PK,11,Karandaaz,221,Enterprise and Assets growth Programme - ICF,,,E,H106007,Fuel reimbursement,0,0,0,0,Karandaaz PK,Karandaaz PK,Period to date balance type.,Jul-26,PKR,T,Total,,PKR,Natural Account and Additional Segment,Actual,,,,2026-08-20T10:18:09+00:00,Company,Programmes,Natural Account,N
Karandaaz PK,11,Karandaaz,221,Enterprise and Assets growth Programme - ICF,,,E,H116004,Office Supplies,0,0,0,0,Karandaaz PK,Karandaaz PK,Period to date balance type.,Jul-26,PKR,T,Total,,PKR,Natural Account and Additional Segment,Actual,,,,2026-08-20T10:18:09+00:00,Company,Programmes,Natural Account,N
Karandaaz PK,11,Karandaaz,221,Enterprise and Assets growth Programme - ICF,,,E,H119001,Boarding & Lodging,0,0,0,0,Karandaaz PK,Karandaaz PK,Period to date balance type.,Jul-26,PKR,T,Total,,PKR,Natural Account and Additional Segment,Actual,,,,2026-08-20T10:18:09+00:00,Company,Programmes,Natural Account,N
Karandaaz PK,11,Karandaaz,221,Enterprise and Assets growth Programme - ICF,,,E,H122002,External Audit,0.00E+00,0,0,0.00E+00,Karandaaz PK,Karandaaz PK,Period to date balance type.,Jul-26,PKR,T,Total,,PKR,Natural Account and Additional Segment,Actual,,,,2026-08-20T10:18:09+00:00,Company,Programmes,Natural Account,N
Karandaaz PK,11,Karandaaz,221,Enterprise and Assets growth Programme - ICF,,,E,H122005,Out of Pocket Ext-Audit,0.00E+00,0,0,0.00E+00,Karandaaz PK,Karandaaz PK,Period to date balance type.,Jul-26,PKR,T,Total,,PKR,Natural Account and Additional Segment,Actual,,,,2026-08-20T10:18:09+00:00,Company,Programmes,Natural Account,N
Karandaaz PK,11,Karandaaz,221,Enterprise and Assets growth Programme - ICF,,,E,H129033,Management fee expense PFSL,0,0,0,0,Karandaaz PK,Karandaaz PK,Period to date balance type.,Jul-26,PKR,T,Total,,PKR,Natural Account and Additional Segment,Actual,,,,2026-08-20T10:18:09+00:00,Company,Programmes,Natural Account,N
Karandaaz PK,11,Karandaaz,221,Enterprise and Assets growth Programme - ICF,,,L,H211002,Payable to vendors - Services,0,0,0,0,Karandaaz PK,Karandaaz PK,Period to date balance type.,Jul-26,PKR,T,Total,,PKR,Natural Account and Additional Segment,Actual,,,,2026-08-20T10:18:09+00:00,Company,Programmes,Natural Account,N
Karandaaz PK,11,Karandaaz,221,Enterprise and Assets growth Programme - ICF,,,L,H211006,Payable to PFSL,1149094,0,0,1149094,Karandaaz PK,Karandaaz PK,Period to date balance type.,Jul-26,PKR,T,Total,,PKR,Natural Account and Additional Segment,Actual,,,,2026-08-20T10:18:09+00:00,Company,Programmes,Natural Account,N
Karandaaz PK,11,Karandaaz,221,Enterprise and Assets growth Programme - ICF,,,A,H340001,Accrued Interest Income,-1140499,0,0,-1140499,Karandaaz PK,Karandaaz PK,Period to date balance type.,Jul-26,PKR,T,Total,,PKR,Natural Account and Additional Segment,Actual,,,,2026-08-20T10:18:09+00:00,Company,Programmes,Natural Account,N
Karandaaz PK,11,Karandaaz,221,Enterprise and Assets growth Programme - ICF,,,A,H370005,Post - Receivable from Parwaz Financial Services,-1.10E+07,0,0,-1.10E+07,Karandaaz PK,Karandaaz PK,Period to date balance type.,Jul-26,PKR,T,Total,,PKR,Natural Account and Additional Segment,Actual,,,,2026-08-20T10:18:09+00:00,Company,Programmes,Natural Account,N
Karandaaz PK,11,Karandaaz,221,Enterprise and Assets growth Programme - ICF,,,A,H370018,Finance provided to PFSL,-5.00E+08,0,0,-5.00E+08,Karandaaz PK,Karandaaz PK,Period to date balance type.,Jul-26,PKR,T,Total,,PKR,Natural Account and Additional Segment,Actual,,,,2026-08-20T10:18:09+00:00,Company,Programmes,Natural Account,N
Karandaaz PK,11,Karandaaz,221,Enterprise and Assets growth Programme - ICF,,,A,H380003,Health Insurance - Prepayment,14364935,0,0,14364935,Karandaaz PK,Karandaaz PK,Period to date balance type.,Jul-26,PKR,T,Total,,PKR,Natural Account and Additional Segment,Actual,,,,2026-08-20T10:18:09+00:00,Company,Programmes,Natural Account,N
Karandaaz PK,11,Karandaaz,221,Enterprise and Assets growth Programme - ICF,,,R,OI60121,Convertible Loans - Interest Income,0,0,0,0,Karandaaz PK,Karandaaz PK,Period to date balance type.,Jul-26,PKR,T,Total,,PKR,Natural Account and Additional Segment,Actual,,,,2026-08-20T10:18:09+00:00,Company,Programmes,Natural Account,N
Karandaaz PK,11,Karandaaz,221,Enterprise and Assets growth Programme - ICF,,,R,OI60136,Interest Income on GCF-WV Loans through PFSL,0,0,0,0,Karandaaz PK,Karandaaz PK,Period to date balance type.,Jul-26,PKR,T,Total,,PKR,Natural Account and Additional Segment,Actual,,,,2026-08-20T10:18:09+00:00,Company,Programmes,Natural Account,N
Karandaaz PK,11,Karandaaz,221,Enterprise and Assets growth Programme - ICF,,,R,OI80107,Interest Income Shareholders Load Wahdat Poultry,0.00E+00,0,0,0.00E+00,Karandaaz PK,Karandaaz PK,Period to date balance type.,Jul-26,PKR,T,Total,,PKR,Natural Account and Additional Segment,Actual,,,,2026-08-20T10:18:09+00:00,Company,Programmes,Natural Account,N
Karandaaz PK,11,Karandaaz,221,Enterprise and Assets growth Programme - ICF,,,E,SS5H100,Staff Salaries,0,0,0,0,Karandaaz PK,Karandaaz PK,Period to date balance type.,Jul-26,PKR,T,Total,,PKR,Natural Account and Additional Segment,Actual,,,,2026-08-20T10:18:09+00:00,Company,Programmes,Natural Account,N
Karandaaz PK,11,Karandaaz,221,Enterprise and Assets growth Programme - ICF,,,E,SS5H200,Staff Provident Fund,0.00E+00,0,0,0.00E+00,Karandaaz PK,Karandaaz PK,Period to date balance type.,Jul-26,PKR,T,Total,,PKR,Natural Account and Additional Segment,Actual,,,,2026-08-20T10:18:09+00:00,Company,Programmes,Natural Account,N
Karandaaz PK,11,Karandaaz,310,"Raast Governance, Adoption and Regional Connectivity with GCC countries",,,E,D107018,"W1: Technical Advisory, Industry/Int'l Expert Engagement, Learning/Networking Events",0,0,0,0,Karandaaz PK,Karandaaz PK,Period to date balance type.,Jul-26,PKR,T,Total,,PKR,Natural Account and Additional Segment,Actual,,,,2026-08-20T10:18:09+00:00,Company,Programmes,Natural Account,N
Karandaaz PK,11,Karandaaz,310,"Raast Governance, Adoption and Regional Connectivity with GCC countries",,,E,D107043,RAAST Implementation Phase,0,0,28801.55,-28801.6,Karandaaz PK,Karandaaz PK,Period to date balance type.,Jul-26,PKR,T,Total,,PKR,Natural Account and Additional Segment,Actual,,,,2026-08-20T10:18:09+00:00,Company,Programmes,Natural Account,N
Karandaaz PK,11,Karandaaz,310,"Raast Governance, Adoption and Regional Connectivity with GCC countries",,,E,D107046,RAAST Governance,0.00E+00,0,0,0.00E+00,Karandaaz PK,Karandaaz PK,Period to date balance type.,Jul-26,PKR,T,Total,,PKR,Natural Account and Additional Segment,Actual,,,,2026-08-20T10:18:09+00:00,Company,Programmes,Natural Account,N
Karandaaz PK,11,Karandaaz,310,"Raast Governance, Adoption and Regional Connectivity with GCC countries",,,E,D107055,Raast-BUNA: Implementation,0,23699302,10674.21,23688628,Karandaaz PK,Karandaaz PK,Period to date balance type.,Jul-26,PKR,T,Total,,PKR,Natural Account and Additional Segment,Actual,,,,2026-08-20T10:18:09+00:00,Company,Programmes,Natural Account,N
Karandaaz PK,11,Karandaaz,310,"Raast Governance, Adoption and Regional Connectivity with GCC countries",,,E,H106002,Telephone & Internet,0,57170.5,0,57170.5,Karandaaz PK,Karandaaz PK,Period to date balance type.,Jul-26,PKR,T,Total,,PKR,Natural Account and Additional Segment,Actual,,,,2026-08-20T10:18:09+00:00,Company,Programmes,Natural Account,N
Karandaaz PK,11,Karandaaz,310,"Raast Governance, Adoption and Regional Connectivity with GCC countries",,,E,H106003,Communication reimbursement,0,14838,0,14838,Karandaaz PK,Karandaaz PK,Period to date balance type.,Jul-26,PKR,T,Total,,PKR,Natural Account and Additional Segment,Actual,,,,2026-08-20T10:18:09+00:00,Company,Programmes,Natural Account,N
Karandaaz PK,11,Karandaaz,310,"Raast Governance, Adoption and Regional Connectivity with GCC countries",,,E,H106006,Generator Expenses,0,66246,0,66246,Karandaaz PK,Karandaaz PK,Period to date balance type.,Jul-26,PKR,T,Total,,PKR,Natural Account and Additional Segment,Actual,,,,2026-08-20T10:18:09+00:00,Company,Programmes,Natural Account,N
Karandaaz PK,11,Karandaaz,310,"Raast Governance, Adoption and Regional Connectivity with GCC countries",,,E,H106007,Fuel reimbursement,0,2420903,0,2420903,Karandaaz PK,Karandaaz PK,Period to date balance type.,Jul-26,PKR,T,Total,,PKR,Natural Account and Additional Segment,Actual,,,,2026-08-20T10:18:09+00:00,Company,Programmes,Natural Account,N
Karandaaz PK,11,Karandaaz,310,"Raast Governance, Adoption and Regional Connectivity with GCC countries",,,E,H108002,Vehicle Operations,0,350,0,350,Karandaaz PK,Karandaaz PK,Period to date balance type.,Jul-26,PKR,T,Total,,PKR,Natural Account and Additional Segment,Actual,,,,2026-08-20T10:18:09+00:00,Company,Programmes,Natural Account,N
Karandaaz PK,11,Karandaaz,310,"Raast Governance, Adoption and Regional Connectivity with GCC countries",,,E,H108003,Vehicle Maintenance,0,100,0,100,Karandaaz PK,Karandaaz PK,Period to date balance type.,Jul-26,PKR,T,Total,,PKR,Natural Account and Additional Segment,Actual,,,,2026-08-20T10:18:09+00:00,Company,Programmes,Natural Account,N
Karandaaz PK,11,Karandaaz,310,"Raast Governance, Adoption and Regional Connectivity with GCC countries",,,E,H110002,Health Insurance - Amortization,0,611237,0,611237,Karandaaz PK,Karandaaz PK,Period to date balance type.,Jul-26,PKR,T,Total,,PKR,Natural Account and Additional Segment,Actual,,,,2026-08-20T10:18:09+00:00,Company,Programmes,Natural Account,N
Karandaaz PK,11,Karandaaz,310,"Raast Governance, Adoption and Regional Connectivity with GCC countries",,,E,H115001,Meeting & Conferences,0,59740.5,0,59740.5,Karandaaz PK,Karandaaz PK,Period to date balance type.,Jul-26,PKR,T,Total,,PKR,Natural Account and Additional Segment,Actual,,,,2026-08-20T10:18:09+00:00,Company,Programmes,Natural Account,N
Karandaaz PK,11,Karandaaz,310,"Raast Governance, Adoption and Regional Connectivity with GCC countries",,,E,H116001,Kitchen Supplies,0,1835.5,0,1835.5,Karandaaz PK,Karandaaz PK,Period to date balance type.,Jul-26,PKR,T,Total,,PKR,Natural Account and Additional Segment,Actual,,,,2026-08-20T10:18:09+00:00,Company,Programmes,Natural Account,N
Karandaaz PK,11,Karandaaz,310,"Raast Governance, Adoption and Regional Connectivity with GCC countries",,,E,H116004,Office Supplies,0,27001,0,27001,Karandaaz PK,Karandaaz PK,Period to date balance type.,Jul-26,PKR,T,Total,,PKR,Natural Account and Additional Segment,Actual,,,,2026-08-20T10:18:09+00:00,Company,Programmes,Natural Account,N
Karandaaz PK,11,Karandaaz,310,"Raast Governance, Adoption and Regional Connectivity with GCC countries",,,E,H116006,IT Supplies,0,16250,0,16250,Karandaaz PK,Karandaaz PK,Period to date balance type.,Jul-26,PKR,T,Total,,PKR,Natural Account and Additional Segment,Actual,,,,2026-08-20T10:18:09+00:00,Company,Programmes,Natural Account,N
Karandaaz PK,11,Karandaaz,310,"Raast Governance, Adoption and Regional Connectivity with GCC countries",,,E,H119001,Boarding & Lodging,0,0,0,0,Karandaaz PK,Karandaaz PK,Period to date balance type.,Jul-26,PKR,T,Total,,PKR,Natural Account and Additional Segment,Actual,,,,2026-08-20T10:18:09+00:00,Company,Programmes,Natural Account,N
Karandaaz PK,11,Karandaaz,310,"Raast Governance, Adoption and Regional Connectivity with GCC countries",,,E,H123006,EOBI Expense,0,40737,0,40737,Karandaaz PK,Karandaaz PK,Period to date balance type.,Jul-26,PKR,T,Total,,PKR,Natural Account and Additional Segment,Actual,,,,2026-08-20T10:18:09+00:00,Company,Programmes,Natural Account,N
Karandaaz PK,11,Karandaaz,310,"Raast Governance, Adoption and Regional Connectivity with GCC countries",,,E,H124001,Office Repair & Maintenance,0,180,0,180,Karandaaz PK,Karandaaz PK,Period to date balance type.,Jul-26,PKR,T,Total,,PKR,Natural Account and Additional Segment,Actual,,,,2026-08-20T10:18:09+00:00,Company,Programmes,Natural Account,N
Karandaaz PK,11,Karandaaz,310,"Raast Governance, Adoption and Regional Connectivity with GCC countries",,,E,H125001,Software Annual Support Services,0,132653.9,0,132653.9,Karandaaz PK,Karandaaz PK,Period to date balance type.,Jul-26,PKR,T,Total,,PKR,Natural Account and Additional Segment,Actual,,,,2026-08-20T10:18:09+00:00,Company,Programmes,Natural Account,N
Karandaaz PK,11,Karandaaz,310,"Raast Governance, Adoption and Regional Connectivity with GCC countries",,,E,H126001,Fee & Subscription,0,500,0,500,Karandaaz PK,Karandaaz PK,Period to date balance type.,Jul-26,PKR,T,Total,,PKR,Natural Account and Additional Segment,Actual,,,,2026-08-20T10:18:09+00:00,Company,Programmes,Natural Account,N
Karandaaz PK,11,Karandaaz,310,"Raast Governance, Adoption and Regional Connectivity with GCC countries",,,E,H126002,Employee Engagement,0,10048.5,0,10048.5,Karandaaz PK,Karandaaz PK,Period to date balance type.,Jul-26,PKR,T,Total,,PKR,Natural Account and Additional Segment,Actual,,,,2026-08-20T10:18:09+00:00,Company,Programmes,Natural Account,N
Karandaaz PK,11,Karandaaz,310,"Raast Governance, Adoption and Regional Connectivity with GCC countries",,,E,H129021,Life Insurance - Amortization,0,39991,0,39991,Karandaaz PK,Karandaaz PK,Period to date balance type.,Jul-26,PKR,T,Total,,PKR,Natural Account and Additional Segment,Actual,,,,2026-08-20T10:18:09+00:00,Company,Programmes,Natural Account,N
Karandaaz PK,11,Karandaaz,310,"Raast Governance, Adoption and Regional Connectivity with GCC countries",,,L,H211002,Payable to vendors - Services,0,2854590,23700583,-2.10E+07,Karandaaz PK,Karandaaz PK,Period to date balance type.,Jul-26,PKR,T,Total,,PKR,Natural Account and Additional Segment,Actual,,,,2026-08-20T10:18:09+00:00,Company,Programmes,Natural Account,N
Karandaaz PK,11,Karandaaz,310,"Raast Governance, Adoption and Regional Connectivity with GCC countries",,,E,SS5H100,Staff Salaries,0,8066751,0,8066751,Karandaaz PK,Karandaaz PK,Period to date balance type.,Jul-26,PKR,T,Total,,PKR,Natural Account and Additional Segment,Actual,,,,2026-08-20T10:18:09+00:00,Company,Programmes,Natural Account,N
Karandaaz PK,11,Karandaaz,310,"Raast Governance, Adoption and Regional Connectivity with GCC countries",,,E,SS5H200,Staff Provident Fund,0,807356,0,807356,Karandaaz PK,Karandaaz PK,Period to date balance type.,Jul-26,PKR,T,Total,,PKR,Natural Account and Additional Segment,Actual,,,,2026-08-20T10:18:09+00:00,Company,Programmes,Natural Account,N
Karandaaz PK,11,Karandaaz,310,"Raast Governance, Adoption and Regional Connectivity with GCC countries",,,E,SS5H300,Staff Over time,0,183466,0,183466,Karandaaz PK,Karandaaz PK,Period to date balance type.,Jul-26,PKR,T,Total,,PKR,Natural Account and Additional Segment,Actual,,,,2026-08-20T10:18:09+00:00,Company,Programmes,Natural Account,N
Karandaaz PK,11,Karandaaz,310,"Raast Governance, Adoption and Regional Connectivity with GCC countries",,,E,SS5H400,Staff Car Monetization,0,954316,0,954316,Karandaaz PK,Karandaaz PK,Period to date balance type.,Jul-26,PKR,T,Total,,PKR,Natural Account and Additional Segment,Actual,,,,2026-08-20T10:18:09+00:00,Company,Programmes,Natural Account,N
Karandaaz PK,11,Karandaaz,310,"Raast Governance, Adoption and Regional Connectivity with GCC countries",,,E,SS5H500,Staff Child care assistance,0,61000,0,61000,Karandaaz PK,Karandaaz PK,Period to date balance type.,Jul-26,PKR,T,Total,,PKR,Natural Account and Additional Segment,Actual,,,,2026-08-20T10:18:09+00:00,Company,Programmes,Natural Account,N
Karandaaz PK,11,Karandaaz,310,"Raast Governance, Adoption and Regional Connectivity with GCC countries",,,E,SS5H700,Staff Arrears,0,135814,0,135814,Karandaaz PK,Karandaaz PK,Period to date balance type.,Jul-26,PKR,T,Total,,PKR,Natural Account and Additional Segment,Actual,,,,2026-08-20T10:18:09+00:00,Company,Programmes,Natural Account,N
Karandaaz PK,11,Karandaaz,310,"Raast Governance, Adoption and Regional Connectivity with GCC countries",,,E,SS5H800,Other Deductions,0,63000,0,63000,Karandaaz PK,Karandaaz PK,Period to date balance type.,Jul-26,PKR,T,Total,,PKR,Natural Account and Additional Segment,Actual,,,,2026-08-20T10:18:09+00:00,Company,Programmes,Natural Account,N
Karandaaz PK,11,Karandaaz,310,"Raast Governance, Adoption and Regional Connectivity with GCC countries",,,E,SS5H900,Other Reimbursement Expenses,0,0,0,0,Karandaaz PK,Karandaaz PK,Period to date balance type.,Jul-26,PKR,T,Total,,PKR,Natural Account and Additional Segment,Actual,,,,2026-08-20T10:18:09+00:00,Company,Programmes,Natural Account,N
Karandaaz PK,11,Karandaaz,311,Pakistan Centre for Digital Financial Inclusion,,,A,B121006,Karandaaz Pakistan BMGF - UBL (231422152),2835226,0,0,2835226,Karandaaz PK,Karandaaz PK,Period to date balance type.,Jul-26,PKR,T,Total,,PKR,Natural Account and Additional Segment,Actual,,,,2026-08-20T10:18:09+00:00,Company,Programmes,Natural Account,N
Karandaaz PK,11,Karandaaz,311,Pakistan Centre for Digital Financial Inclusion,,,A,B121012,Bank KRN Pakistan - BAFL (0035-1006023474),2.13E+08,0,0,2.13E+08,Karandaaz PK,Karandaaz PK,Period to date balance type.,Jul-26,PKR,T,Total,,PKR,Natural Account and Additional Segment,Actual,,,,2026-08-20T10:18:09+00:00,Company,Programmes,Natural Account,N
Karandaaz PK,11,Karandaaz,311,Pakistan Centre for Digital Financial Inclusion,,,A,B121013,Bank KRN Pakistan - BAFL BMGF (0035-1006155298),2.99E+09,0,0,2.99E+09,Karandaaz PK,Karandaaz PK,Period to date balance type.,Jul-26,PKR,T,Total,,PKR,Natural Account and Additional Segment,Actual,,,,2026-08-20T10:18:09+00:00,Company,Programmes,Natural Account,N
Karandaaz PK,11,Karandaaz,311,Pakistan Centre for Digital Financial Inclusion,,,A,B121015,Bank KRN Pakistan - BAFL EPF (0035-1006155299),0,0,0,0,Karandaaz PK,Karandaaz PK,Period to date balance type.,Jul-26,PKR,T,Total,,PKR,Natural Account and Additional Segment,Actual,,,,2026-08-20T10:18:09+00:00,Company,Programmes,Natural Account,N
Karandaaz PK,11,Karandaaz,311,Pakistan Centre for Digital Financial Inclusion,,,A,B121023,Bank KRN Pakistan - UBL FIP (262115182),3.15E+08,0,0,3.15E+08,Karandaaz PK,Karandaaz PK,Period to date balance type.,Jul-26,PKR,T,Total,,PKR,Natural Account and Additional Segment,Actual,,,,2026-08-20T10:18:09+00:00,Company,Programmes,Natural Account,N
Karandaaz PK,11,Karandaaz,311,Pakistan Centre for Digital Financial Inclusion,,,A,B121031,Karandaaz Pakistan BAFL FCY (1008260733),5.71E+09,0,0,5.71E+09,Karandaaz PK,Karandaaz PK,Period to date balance type.,Jul-26,PKR,T,Total,,PKR,Natural Account and Additional Segment,Actual,,,,2026-08-20T10:18:09+00:00,Company,Programmes,Natural Account,N
Karandaaz PK,11,Karandaaz,311,Pakistan Centre for Digital Financial Inclusion,,,A,B121032,Karandaaz Pakistan HMB CSR (623720614714153601),0,0,0,0,Karandaaz PK,Karandaaz PK,Period to date balance type.,Jul-26,PKR,T,Total,,PKR,Natural Account and Additional Segment,Actual,,,,2026-08-20T10:18:09+00:00,Company,Programmes,Natural Account,N
Karandaaz PK,11,Karandaaz,311,Pakistan Centre for Digital Financial Inclusion,,,A,B121037,Karandaaz Pakistan FIP - BAFL (0035-1008986958),-3.40E+08,0,0,-3.40E+08,Karandaaz PK,Karandaaz PK,Period to date balance type.,Jul-26,PKR,T,Total,,PKR,Natural Account and Additional Segment,Actual,,,,2026-08-20T10:18:09+00:00,Company,Programmes,Natural Account,N
Karandaaz PK,11,Karandaaz,311,Pakistan Centre for Digital Financial Inclusion,,,A,B121038,Karandaaz Pakistan - BMGF CT (0035-1009045134),43579116,0,0,43579116,Karandaaz PK,Karandaaz PK,Period to date balance type.,Jul-26,PKR,T,Total,,PKR,Natural Account and Additional Segment,Actual,,,,2026-08-20T10:18:09+00:00,Company,Programmes,Natural Account,N
Karandaaz PK,11,Karandaaz,311,Pakistan Centre for Digital Financial Inclusion,,,A,B121039,Karandaaz Pakistan - BMGF-EHSAAS (0035-1009045100),84795658,0,0,84795658,Karandaaz PK,Karandaaz PK,Period to date balance type.,Jul-26,PKR,T,Total,,PKR,Natural Account and Additional Segment,Actual,,,,2026-08-20T10:18:09+00:00,Company,Programmes,Natural Account,N
Karandaaz PK,11,Karandaaz,311,Pakistan Centre for Digital Financial Inclusion,,,A,B121051,KARANDAAZ PAKISTAN (Raast) - GF -(1010801269) - BAFL,1.83E+08,0,0,1.83E+08,Karandaaz PK,Karandaaz PK,Period to date balance type.,Jul-26,PKR,T,Total,,PKR,Natural Account and Additional Segment,Actual,,,,2026-08-20T10:18:09+00:00,Company,Programmes,Natural Account,N
Karandaaz PK,11,Karandaaz,311,Pakistan Centre for Digital Financial Inclusion,,,A,B122006,Karandaaz Pakistan BMGF - UBL (231422152) - Clearing,0,0,0,0,Karandaaz PK,Karandaaz PK,Period to date balance type.,Jul-26,PKR,T,Total,,PKR,Natural Account and Additional Segment,Actual,,,,2026-08-20T10:18:09+00:00,Company,Programmes,Natural Account,N
Karandaaz PK,11,Karandaaz,311,Pakistan Centre for Digital Financial Inclusion,,,A,B122029,Bank KRN Pakistan - HMB KRN EPF (6-2-37-20614-714-146842) - Clearing,0,0,0,0,Karandaaz PK,Karandaaz PK,Period to date balance type.,Jul-26,PKR,T,Total,,PKR,Natural Account and Additional Segment,Actual,,,,2026-08-20T10:18:09+00:00,Company,Programmes,Natural Account,N
Karandaaz PK,11,Karandaaz,311,Pakistan Centre for Digital Financial Inclusion,,,A,B142002,Pay Order,0,0,0,0,Karandaaz PK,Karandaaz PK,Period to date balance type.,Jul-26,PKR,T,Total,,PKR,Natural Account and Additional Segment,Actual,,,,2026-08-20T10:18:09+00:00,Company,Programmes,Natural Account,N
Karandaaz PK,11,Karandaaz,311,Pakistan Centre for Digital Financial Inclusion,,,E,D103004,DFS - Digital Financial Inclusion for Women,0,0,0,0,Karandaaz PK,Karandaaz PK,Period to date balance type.,Jul-26,PKR,T,Total,,PKR,Natural Account and Additional Segment,Actual,,,,2026-08-20T10:18:09+00:00,Company,Programmes,Natural Account,N
Karandaaz PK,11,Karandaaz,311,Pakistan Centre for Digital Financial Inclusion,,,E,D103011,Digital Experiment 4,0,0,0,0,Karandaaz PK,Karandaaz PK,Period to date balance type.,Jul-26,PKR,T,Total,,PKR,Natural Account and Additional Segment,Actual,,,,2026-08-20T10:18:09+00:00,Company,Programmes,Natural Account,N
Karandaaz PK,11,Karandaaz,311,Pakistan Centre for Digital Financial Inclusion,,,E,D103014,Community of Fintechs,0,0,0,0,Karandaaz PK,Karandaaz PK,Period to date balance type.,Jul-26,PKR,T,Total,,PKR,Natural Account and Additional Segment,Actual,,,,2026-08-20T10:18:09+00:00,Company,Programmes,Natural Account,N
Karandaaz PK,11,Karandaaz,311,Pakistan Centre for Digital Financial Inclusion,,,E,D103015,UI/UX based support for market players,0,0,0,0,Karandaaz PK,Karandaaz PK,Period to date balance type.,Jul-26,PKR,T,Total,,PKR,Natural Account and Additional Segment,Actual,,,,2026-08-20T10:18:09+00:00,Company,Programmes,Natural Account,N
Karandaaz PK,11,Karandaaz,311,Pakistan Centre for Digital Financial Inclusion,,,E,D103016,Fintech Disrupt Challenge,0,0,0,0,Karandaaz PK,Karandaaz PK,Period to date balance type.,Jul-26,PKR,T,Total,,PKR,Natural Account and Additional Segment,Actual,,,,2026-08-20T10:18:09+00:00,Company,Programmes,Natural Account,N
Karandaaz PK,11,Karandaaz,311,Pakistan Centre for Digital Financial Inclusion,,,E,D103018,Digital Experiment 3,0,0,0,0,Karandaaz PK,Karandaaz PK,Period to date balance type.,Jul-26,PKR,T,Total,,PKR,Natural Account and Additional Segment,Actual,,,,2026-08-20T10:18:09+00:00,Company,Programmes,Natural Account,N
Karandaaz PK,11,Karandaaz,311,Pakistan Centre for Digital Financial Inclusion,,,E,D103020,FIWC - 2,0,0,0,0,Karandaaz PK,Karandaaz PK,Period to date balance type.,Jul-26,PKR,T,Total,,PKR,Natural Account and Additional Segment,Actual,,,,2026-08-20T10:18:09+00:00,Company,Programmes,Natural Account,N
Karandaaz PK,11,Karandaaz,311,Pakistan Centre for Digital Financial Inclusion,,,E,D103021,Digital Payments,0,0,0,0,Karandaaz PK,Karandaaz PK,Period to date balance type.,Jul-26,PKR,T,Total,,PKR,Natural Account and Additional Segment,Actual,,,,2026-08-20T10:18:09+00:00,Company,Programmes,Natural Account,N
Karandaaz PK,11,Karandaaz,311,Pakistan Centre for Digital Financial Inclusion,,,E,D103022,Sectoral Projects - Value chain,0,0,0,0,Karandaaz PK,Karandaaz PK,Period to date balance type.,Jul-26,PKR,T,Total,,PKR,Natural Account and Additional Segment,Actual,,,,2026-08-20T10:18:09+00:00,Company,Programmes,Natural Account,N
Karandaaz PK,11,Karandaaz,311,Pakistan Centre for Digital Financial Inclusion,,,E,D103025,FIWC - 3,0,0,0,0,Karandaaz PK,Karandaaz PK,Period to date balance type.,Jul-26,PKR,T,Total,,PKR,Natural Account and Additional Segment,Actual,,,,2026-08-20T10:18:09+00:00,Company,Programmes,Natural Account,N
Karandaaz PK,11,Karandaaz,311,Pakistan Centre for Digital Financial Inclusion,,,E,D105002,DFS - Innov. & Incb.. - Agri Program Development,0,0,0,0,Karandaaz PK,Karandaaz PK,Period to date balance type.,Jul-26,PKR,T,Total,,PKR,Natural Account and Additional Segment,Actual,,,,2026-08-20T10:18:09+00:00,Company,Programmes,Natural Account,N
Karandaaz PK,11,Karandaaz,311,Pakistan Centre for Digital Financial Inclusion,,,E,D105011,BISP Financial Literacy,0,0,0,0,Karandaaz PK,Karandaaz PK,Period to date balance type.,Jul-26,PKR,T,Total,,PKR,Natural Account and Additional Segment,Actual,,,,2026-08-20T10:18:09+00:00,Company,Programmes,Natural Account,N
Karandaaz PK,11,Karandaaz,311,Pakistan Centre for Digital Financial Inclusion,,,E,D105015,Pilot to scale,0,0,0,0,Karandaaz PK,Karandaaz PK,Period to date balance type.,Jul-26,PKR,T,Total,,PKR,Natural Account and Additional Segment,Actual,,,,2026-08-20T10:18:09+00:00,Company,Programmes,Natural Account,N
Karandaaz PK,11,Karandaaz,311,Pakistan Centre for Digital Financial Inclusion,,,E,D106008,"W3: Technical Advisory, Industry/International Expert Engagement, Learning/Networking Events",0,0,0,0,Karandaaz PK,Karandaaz PK,Period to date balance type.,Jul-26,PKR,T,Total,,PKR,Natural Account and Additional Segment,Actual,,,,2026-08-20T10:18:09+00:00,Company,Programmes,Natural Account,N
Karandaaz PK,11,Karandaaz,311,Pakistan Centre for Digital Financial Inclusion,,,E,D107002,MPG - Infrastructure,0,0,0,0,Karandaaz PK,Karandaaz PK,Period to date balance type.,Jul-26,PKR,T,Total,,PKR,Natural Account and Additional Segment,Actual,,,,2026-08-20T10:18:09+00:00,Company,Programmes,Natural Account,N
Karandaaz PK,11,Karandaaz,311,Pakistan Centre for Digital Financial Inclusion,,,E,D107003,MPG - Consultant (Mckinsey),0,0,0,0,Karandaaz PK,Karandaaz PK,Period to date balance type.,Jul-26,PKR,T,Total,,PKR,Natural Account and Additional Segment,Actual,,,,2026-08-20T10:18:09+00:00,Company,Programmes,Natural Account,N
Karandaaz PK,11,Karandaaz,311,Pakistan Centre for Digital Financial Inclusion,,,E,D107005,Pilot MPG Linked Projects,0,0,0,0,Karandaaz PK,Karandaaz PK,Period to date balance type.,Jul-26,PKR,T,Total,,PKR,Natural Account and Additional Segment,Actual,,,,2026-08-20T10:18:09+00:00,Company,Programmes,Natural Account,N
Karandaaz PK,11,Karandaaz,311,Pakistan Centre for Digital Financial Inclusion,,,E,D107006,MPG - Mosc Expenses,0,0,0,0,Karandaaz PK,Karandaaz PK,Period to date balance type.,Jul-26,PKR,T,Total,,PKR,Natural Account and Additional Segment,Actual,,,,2026-08-20T10:18:09+00:00,Company,Programmes,Natural Account,N
Karandaaz PK,11,Karandaaz,311,Pakistan Centre for Digital Financial Inclusion,,,E,D107007,MPG Operations,0,0,0,0,Karandaaz PK,Karandaaz PK,Period to date balance type.,Jul-26,PKR,T,Total,,PKR,Natural Account and Additional Segment,Actual,,,,2026-08-20T10:18:09+00:00,Company,Programmes,Natural Account,N
Karandaaz PK,11,Karandaaz,311,Pakistan Centre for Digital Financial Inclusion,,,E,D107009,Engagement with Fintech Practitioners,0,0,0,0,Karandaaz PK,Karandaaz PK,Period to date balance type.,Jul-26,PKR,T,Total,,PKR,Natural Account and Additional Segment,Actual,,,,2026-08-20T10:18:09+00:00,Company,Programmes,Natural Account,N
Karandaaz PK,11,Karandaaz,311,Pakistan Centre for Digital Financial Inclusion,,,E,D107012,Ecommerce,0,0,0,0,Karandaaz PK,Karandaaz PK,Period to date balance type.,Jul-26,PKR,T,Total,,PKR,Natural Account and Additional Segment,Actual,,,,2026-08-20T10:18:09+00:00,Company,Programmes,Natural Account,N
Karandaaz PK,11,Karandaaz,311,Pakistan Centre for Digital Financial Inclusion,,,E,D107013,CDNS Phase-2 Development,0,0,0,0,Karandaaz PK,Karandaaz PK,Period to date balance type.,Jul-26,PKR,T,Total,,PKR,Natural Account and Additional Segment,Actual,,,,2026-08-20T10:18:09+00:00,Company,Programmes,Natural Account,N
Karandaaz PK,11,Karandaaz,311,Pakistan Centre for Digital Financial Inclusion,,,E,D107015,New Accounts Acquisition,0,0,0,0,Karandaaz PK,Karandaaz PK,Period to date balance type.,Jul-26,PKR,T,Total,,PKR,Natural Account and Additional Segment,Actual,,,,2026-08-20T10:18:09+00:00,Company,Programmes,Natural Account,N
Karandaaz PK,11,Karandaaz,311,Pakistan Centre for Digital Financial Inclusion,,,E,D107016,MOPASS,0,0,0,0,Karandaaz PK,Karandaaz PK,Period to date balance type.,Jul-26,PKR,T,Total,,PKR,Natural Account and Additional Segment,Actual,,,,2026-08-20T10:18:09+00:00,Company,Programmes,Natural Account,N
Karandaaz PK,11,Karandaaz,311,Pakistan Centre for Digital Financial Inclusion,,,E,D107017,RAAST Adoption,0,0,0,0,Karandaaz PK,Karandaaz PK,Period to date balance type.,Jul-26,PKR,T,Total,,PKR,Natural Account and Additional Segment,Actual,,,,2026-08-20T10:18:09+00:00,Company,Programmes,Natural Account,N
Karandaaz PK,11,Karandaaz,311,Pakistan Centre for Digital Financial Inclusion,,,E,D107018,"W1: Technical Advisory, Industry/Int'l Expert Engagement, Learning/Networking Events",0,198486.7,0,198486.7,Karandaaz PK,Karandaaz PK,Period to date balance type.,Jul-26,PKR,T,Total,,PKR,Natural Account and Additional Segment,Actual,,,,2026-08-20T10:18:09+00:00,Company,Programmes,Natural Account,N
Karandaaz PK,11,Karandaaz,311,Pakistan Centre for Digital Financial Inclusion,,,E,D107020,Pakistan Stack,0,0,0,0,Karandaaz PK,Karandaaz PK,Period to date balance type.,Jul-26,PKR,T,Total,,PKR,Natural Account and Additional Segment,Actual,,,,2026-08-20T10:18:09+00:00,Company,Programmes,Natural Account,N
Karandaaz PK,11,Karandaaz,311,Pakistan Centre for Digital Financial Inclusion,,,E,D107025,"W4: Technical Advisory, Industry/Int'l Expert Engagement, Learning/Networking Events",0,73414.56,0,73414.56,Karandaaz PK,Karandaaz PK,Period to date balance type.,Jul-26,PKR,T,Total,,PKR,Natural Account and Additional Segment,Actual,,,,2026-08-20T10:18:09+00:00,Company,Programmes,Natural Account,N
Karandaaz PK,11,Karandaaz,311,Pakistan Centre for Digital Financial Inclusion,,,E,D107026,FIWC - 4 (Account or channel specifIc),0,0,0,0,Karandaaz PK,Karandaaz PK,Period to date balance type.,Jul-26,PKR,T,Total,,PKR,Natural Account and Additional Segment,Actual,,,,2026-08-20T10:18:09+00:00,Company,Programmes,Natural Account,N
Karandaaz PK,11,Karandaaz,311,Pakistan Centre for Digital Financial Inclusion,,,E,D107028,E-commerce Value Chain Interventions,0,0,0,0,Karandaaz PK,Karandaaz PK,Period to date balance type.,Jul-26,PKR,T,Total,,PKR,Natural Account and Additional Segment,Actual,,,,2026-08-20T10:18:09+00:00,Company,Programmes,Natural Account,N
Karandaaz PK,11,Karandaaz,311,Pakistan Centre for Digital Financial Inclusion,,,E,D107029,Sector Transformation - Agri Value Chain Transformation,0,4219078,0,4219078,Karandaaz PK,Karandaaz PK,Period to date balance type.,Jul-26,PKR,T,Total,,PKR,Natural Account and Additional Segment,Actual,,,,2026-08-20T10:18:09+00:00,Company,Programmes,Natural Account,N
Karandaaz PK,11,Karandaaz,311,Pakistan Centre for Digital Financial Inclusion,,,E,D107030,Adoption Projects,0,0,0,0,Karandaaz PK,Karandaaz PK,Period to date balance type.,Jul-26,PKR,T,Total,,PKR,Natural Account and Additional Segment,Actual,,,,2026-08-20T10:18:09+00:00,Company,Programmes,Natural Account,N
Karandaaz PK,11,Karandaaz,311,Pakistan Centre for Digital Financial Inclusion,,,E,D107034,Channel Development (Agents/Digital Onboarding),0,0,0,0,Karandaaz PK,Karandaaz PK,Period to date balance type.,Jul-26,PKR,T,Total,,PKR,Natural Account and Additional Segment,Actual,,,,2026-08-20T10:18:09+00:00,Company,Programmes,Natural Account,N
Karandaaz PK,11,Karandaaz,311,Pakistan Centre for Digital Financial Inclusion,,,E,D107038,DFA-C,0,2550257,0,2550257,Karandaaz PK,Karandaaz PK,Period to date balance type.,Jul-26,PKR,T,Total,,PKR,Natural Account and Additional Segment,Actual,,,,2026-08-20T10:18:09+00:00,Company,Programmes,Natural Account,N
Karandaaz PK,11,Karandaaz,311,Pakistan Centre for Digital Financial Inclusion,,,E,D107039,RAAST S&M,0,0,0,0,Karandaaz PK,Karandaaz PK,Period to date balance type.,Jul-26,PKR,T,Total,,PKR,Natural Account and Additional Segment,Actual,,,,2026-08-20T10:18:09+00:00,Company,Programmes,Natural Account,N
Karandaaz PK,11,Karandaaz,311,Pakistan Centre for Digital Financial Inclusion,,,E,D107043,RAAST Implementation Phase,0,0,0,0,Karandaaz PK,Karandaaz PK,Period to date balance type.,Jul-26,PKR,T,Total,,PKR,Natural Account and Additional Segment,Actual,,,,2026-08-20T10:18:09+00:00,Company,Programmes,Natural Account,N
Karandaaz PK,11,Karandaaz,311,Pakistan Centre for Digital Financial Inclusion,,,E,D107044,Buna-RAAST Connectivity,0,0,0,0,Karandaaz PK,Karandaaz PK,Period to date balance type.,Jul-26,PKR,T,Total,,PKR,Natural Account and Additional Segment,Actual,,,,2026-08-20T10:18:09+00:00,Company,Programmes,Natural Account,N
Karandaaz PK,11,Karandaaz,311,Pakistan Centre for Digital Financial Inclusion,,,E,D107046,RAAST Governance,0,0,0,0,Karandaaz PK,Karandaaz PK,Period to date balance type.,Jul-26,PKR,T,Total,,PKR,Natural Account and Additional Segment,Actual,,,,2026-08-20T10:18:09+00:00,Company,Programmes,Natural Account,N
Karandaaz PK,11,Karandaaz,311,Pakistan Centre for Digital Financial Inclusion,,,E,D107047,FIWC - 5 (Launch),0,0,0,0,Karandaaz PK,Karandaaz PK,Period to date balance type.,Jul-26,PKR,T,Total,,PKR,Natural Account and Additional Segment,Actual,,,,2026-08-20T10:18:09+00:00,Company,Programmes,Natural Account,N
Karandaaz PK,11,Karandaaz,311,Pakistan Centre for Digital Financial Inclusion,,,E,D107048,New Project - Innovation Challenge Round,0.00E+00,0,0,0.00E+00,Karandaaz PK,Karandaaz PK,Period to date balance type.,Jul-26,PKR,T,Total,,PKR,Natural Account and Additional Segment,Actual,,,,2026-08-20T10:18:09+00:00,Company,Programmes,Natural Account,N
Karandaaz PK,11,Karandaaz,311,Pakistan Centre for Digital Financial Inclusion,,,E,D107049,Cashless Ecosystem,0,0,0,0,Karandaaz PK,Karandaaz PK,Period to date balance type.,Jul-26,PKR,T,Total,,PKR,Natural Account and Additional Segment,Actual,,,,2026-08-20T10:18:09+00:00,Company,Programmes,Natural Account,N
Karandaaz PK,11,Karandaaz,311,Pakistan Centre for Digital Financial Inclusion,,,E,D107051,"W2: Technical Advisory, Industry/Int'l Expert Engagement, Learning/Networking Events",0,0,0,0,Karandaaz PK,Karandaaz PK,Period to date balance type.,Jul-26,PKR,T,Total,,PKR,Natural Account and Additional Segment,Actual,,,,2026-08-20T10:18:09+00:00,Company,Programmes,Natural Account,N
Karandaaz PK,11,Karandaaz,311,Pakistan Centre for Digital Financial Inclusion,,,E,D107052,FBR - Digitization for Tax System (Stage 2: Project & Change Management ),0.00E+00,0,0,0.00E+00,Karandaaz PK,Karandaaz PK,Period to date balance type.,Jul-26,PKR,T,Total,,PKR,Natural Account and Additional Segment,Actual,,,,2026-08-20T10:18:09+00:00,Company,Programmes,Natural Account,N
Karandaaz PK,11,Karandaaz,311,Pakistan Centre for Digital Financial Inclusion,,,E,D108001,Technical assistance for social protection program,0.00E+00,0,0,0.00E+00,Karandaaz PK,Karandaaz PK,Period to date balance type.,Jul-26,PKR,T,Total,,PKR,Natural Account and Additional Segment,Actual,,,,2026-08-20T10:18:09+00:00,Company,Programmes,Natural Account,N
Karandaaz PK,11,Karandaaz,311,Pakistan Centre for Digital Financial Inclusion,,,E,D108002,CCT Program to eradicate Polio,0,0,0,0,Karandaaz PK,Karandaaz PK,Period to date balance type.,Jul-26,PKR,T,Total,,PKR,Natural Account and Additional Segment,Actual,,,,2026-08-20T10:18:09+00:00,Company,Programmes,Natural Account,N
Karandaaz PK,11,Karandaaz,311,Pakistan Centre for Digital Financial Inclusion,,,E,D108003,Termination Cost - Grant Audit,0,0,0,0,Karandaaz PK,Karandaaz PK,Period to date balance type.,Jul-26,PKR,T,Total,,PKR,Natural Account and Additional Segment,Actual,,,,2026-08-20T10:18:09+00:00,Company,Programmes,Natural Account,N
Karandaaz PK,11,Karandaaz,311,Pakistan Centre for Digital Financial Inclusion,,,E,D108005,Mainstreaming,0.00E+00,0,0,0.00E+00,Karandaaz PK,Karandaaz PK,Period to date balance type.,Jul-26,PKR,T,Total,,PKR,Natural Account and Additional Segment,Actual,,,,2026-08-20T10:18:09+00:00,Company,Programmes,Natural Account,N
Karandaaz PK,11,Karandaaz,311,Pakistan Centre for Digital Financial Inclusion,,,E,D108006,Disruption and Experimentation: Innovative Solutions for Women's Inclusion,0,0,0,0,Karandaaz PK,Karandaaz PK,Period to date balance type.,Jul-26,PKR,T,Total,,PKR,Natural Account and Additional Segment,Actual,,,,2026-08-20T10:18:09+00:00,Company,Programmes,Natural Account,N
Karandaaz PK,11,Karandaaz,311,Pakistan Centre for Digital Financial Inclusion,,,E,D108008,"W5: Technical Advisory, Industry/International Expert Engagement, Learning/Networking Events",0.00E+00,1531480,0,1.53E+06,Karandaaz PK,Karandaaz PK,Period to date balance type.,Jul-26,PKR,T,Total,,PKR,Natural Account and Additional Segment,Actual,,,,2026-08-20T10:18:09+00:00,Company,Programmes,Natural Account,N
Karandaaz PK,11,Karandaaz,311,Pakistan Centre for Digital Financial Inclusion,,,A,F151002,Fixed Assets - Equipments,1.08E+05,0,0,1.08E+05,Karandaaz PK,Karandaaz PK,Period to date balance type.,Jul-26,PKR,T,Total,,PKR,Natural Account and Additional Segment,Actual,,,,2026-08-20T10:18:09+00:00,Company,Programmes,Natural Account,N
Karandaaz PK,11,Karandaaz,311,Pakistan Centre for Digital Financial Inclusion,,,A,F151003,Computers & Printers,4027992,0,0,4027992,Karandaaz PK,Karandaaz PK,Period to date balance type.,Jul-26,PKR,T,Total,,PKR,Natural Account and Additional Segment,Actual,,,,2026-08-20T10:18:09+00:00,Company,Programmes,Natural Account,N
Karandaaz PK,11,Karandaaz,311,Pakistan Centre for Digital Financial Inclusion,,,A,F151004,Furniture & Fixtures,336584,0,0,336584,Karandaaz PK,Karandaaz PK,Period to date balance type.,Jul-26,PKR,T,Total,,PKR,Natural Account and Additional Segment,Actual,,,,2026-08-20T10:18:09+00:00,Company,Programmes,Natural Account,N
Karandaaz PK,11,Karandaaz,311,Pakistan Centre for Digital Financial Inclusion,,,A,F152001,Furniture and Fixtures - Clearing Account,4.25E+05,0,0,4.25E+05,Karandaaz PK,Karandaaz PK,Period to date balance type.,Jul-26,PKR,T,Total,,PKR,Natural Account and Additional Segment,Actual,,,,2026-08-20T10:18:09+00:00,Company,Programmes,Natural Account,N
Karandaaz PK,11,Karandaaz,311,Pakistan Centre for Digital Financial Inclusion,,,A,F152002,Vehicles - Clearing Account,11595360,0,0,11595360,Karandaaz PK,Karandaaz PK,Period to date balance type.,Jul-26,PKR,T,Total,,PKR,Natural Account and Additional Segment,Actual,,,,2026-08-20T10:18:09+00:00,Company,Programmes,Natural Account,N
Karandaaz PK,11,Karandaaz,311,Pakistan Centre for Digital Financial Inclusion,,,A,F152003,Office Equipment - Clearing Account,1814695,114991,114991,1814695,Karandaaz PK,Karandaaz PK,Period to date balance type.,Jul-26,PKR,T,Total,,PKR,Natural Account and Additional Segment,Actual,,,,2026-08-20T10:18:09+00:00,Company,Programmes,Natural Account,N
Karandaaz PK,11,Karandaaz,311,Pakistan Centre for Digital Financial Inclusion,,,A,F152004,Computers - Clearing Account,1110850,0,0,1110850,Karandaaz PK,Karandaaz PK,Period to date balance type.,Jul-26,PKR,T,Total,,PKR,Natural Account and Additional Segment,Actual,,,,2026-08-20T10:18:09+00:00,Company,Programmes,Natural Account,N
Karandaaz PK,11,Karandaaz,311,Pakistan Centre for Digital Financial Inclusion,,,E,H101001,Bank Charges,0.00E+00,0,0,0.00E+00,Karandaaz PK,Karandaaz PK,Period to date balance type.,Jul-26,PKR,T,Total,,PKR,Natural Account and Additional Segment,Actual,,,,2026-08-20T10:18:09+00:00,Company,Programmes,Natural Account,N
Karandaaz PK,11,Karandaaz,311,Pakistan Centre for Digital Financial Inclusion,,,E,H103002,Capacity Building,0,86697,0,86697,Karandaaz PK,Karandaaz PK,Period to date balance type.,Jul-26,PKR,T,Total,,PKR,Natural Account and Additional Segment,Actual,,,,2026-08-20T10:18:09+00:00,Company,Programmes,Natural Account,N
Karandaaz PK,11,Karandaaz,311,Pakistan Centre for Digital Financial Inclusion,,,E,H104001,Travel,0.00E+00,0,0,0.00E+00,Karandaaz PK,Karandaaz PK,Period to date balance type.,Jul-26,PKR,T,Total,,PKR,Natural Account and Additional Segment,Actual,,,,2026-08-20T10:18:09+00:00,Company,Programmes,Natural Account,N
Karandaaz PK,11,Karandaaz,311,Pakistan Centre for Digital Financial Inclusion,,,E,H104002,BoD-Travel,0.00E+00,0,0,0.00E+00,Karandaaz PK,Karandaaz PK,Period to date balance type.,Jul-26,PKR,T,Total,,PKR,Natural Account and Additional Segment,Actual,,,,2026-08-20T10:18:09+00:00,Company,Programmes,Natural Account,N
Karandaaz PK,11,Karandaaz,311,Pakistan Centre for Digital Financial Inclusion,,,E,H104003,International Travel,0.00E+00,0,0,0.00E+00,Karandaaz PK,Karandaaz PK,Period to date balance type.,Jul-26,PKR,T,Total,,PKR,Natural Account and Additional Segment,Actual,,,,2026-08-20T10:18:09+00:00,Company,Programmes,Natural Account,N
Karandaaz PK,11,Karandaaz,311,Pakistan Centre for Digital Financial Inclusion,,,E,H105001,HR Consultancies & Internships,0,296542.5,0,296542.5,Karandaaz PK,Karandaaz PK,Period to date balance type.,Jul-26,PKR,T,Total,,PKR,Natural Account and Additional Segment,Actual,,,,2026-08-20T10:18:09+00:00,Company,Programmes,Natural Account,N
Karandaaz PK,11,Karandaaz,311,Pakistan Centre for Digital Financial Inclusion,,,E,H106001,Electricity,0.00E+00,165832,0,1.66E+05,Karandaaz PK,Karandaaz PK,Period to date balance type.,Jul-26,PKR,T,Total,,PKR,Natural Account and Additional Segment,Actual,,,,2026-08-20T10:18:09+00:00,Company,Programmes,Natural Account,N
Karandaaz PK,11,Karandaaz,311,Pakistan Centre for Digital Financial Inclusion,,,E,H106002,Telephone & Internet,0,0,0,0,Karandaaz PK,Karandaaz PK,Period to date balance type.,Jul-26,PKR,T,Total,,PKR,Natural Account and Additional Segment,Actual,,,,2026-08-20T10:18:09+00:00,Company,Programmes,Natural Account,N
Karandaaz PK,11,Karandaaz,311,Pakistan Centre for Digital Financial Inclusion,,,E,H106003,Communication reimbursement,0,0,0,0,Karandaaz PK,Karandaaz PK,Period to date balance type.,Jul-26,PKR,T,Total,,PKR,Natural Account and Additional Segment,Actual,,,,2026-08-20T10:18:09+00:00,Company,Programmes,Natural Account,N
Karandaaz PK,11,Karandaaz,311,Pakistan Centre for Digital Financial Inclusion,,,E,H106006,Generator Expenses,0.00E+00,44164,44164,0.00E+00,Karandaaz PK,Karandaaz PK,Period to date balance type.,Jul-26,PKR,T,Total,,PKR,Natural Account and Additional Segment,Actual,,,,2026-08-20T10:18:09+00:00,Company,Programmes,Natural Account,N
Karandaaz PK,11,Karandaaz,311,Pakistan Centre for Digital Financial Inclusion,,,E,H106007,Fuel reimbursement,0.00E+00,0,0,0.00E+00,Karandaaz PK,Karandaaz PK,Period to date balance type.,Jul-26,PKR,T,Total,,PKR,Natural Account and Additional Segment,Actual,,,,2026-08-20T10:18:09+00:00,Company,Programmes,Natural Account,N
Karandaaz PK,11,Karandaaz,311,Pakistan Centre for Digital Financial Inclusion,,,E,H107001,Depreciation Expense - Furnitures and Fixtures,0,0,0,0,Karandaaz PK,Karandaaz PK,Period to date balance type.,Jul-26,PKR,T,Total,,PKR,Natural Account and Additional Segment,Actual,,,,2026-08-20T10:18:09+00:00,Company,Programmes,Natural Account,N
Karandaaz PK,11,Karandaaz,311,Pakistan Centre for Digital Financial Inclusion,,,E,H107002,Depreciation Expense - Office Equipment,0,0,0,0,Karandaaz PK,Karandaaz PK,Period to date balance type.,Jul-26,PKR,T,Total,,PKR,Natural Account and Additional Segment,Actual,,,,2026-08-20T10:18:09+00:00,Company,Programmes,Natural Account,N
Karandaaz PK,11,Karandaaz,311,Pakistan Centre for Digital Financial Inclusion,,,E,H107004,Depreciation Expense - Computers,0,0,0,0,Karandaaz PK,Karandaaz PK,Period to date balance type.,Jul-26,PKR,T,Total,,PKR,Natural Account and Additional Segment,Actual,,,,2026-08-20T10:18:09+00:00,Company,Programmes,Natural Account,N
Karandaaz PK,11,Karandaaz,311,Pakistan Centre for Digital Financial Inclusion,,,E,H108001,Road Transportation,0,0,0,0,Karandaaz PK,Karandaaz PK,Period to date balance type.,Jul-26,PKR,T,Total,,PKR,Natural Account and Additional Segment,Actual,,,,2026-08-20T10:18:09+00:00,Company,Programmes,Natural Account,N
Karandaaz PK,11,Karandaaz,311,Pakistan Centre for Digital Financial Inclusion,,,E,H108002,Vehicle Operations,0,0,0,0,Karandaaz PK,Karandaaz PK,Period to date balance type.,Jul-26,PKR,T,Total,,PKR,Natural Account and Additional Segment,Actual,,,,2026-08-20T10:18:09+00:00,Company,Programmes,Natural Account,N
Karandaaz PK,11,Karandaaz,311,Pakistan Centre for Digital Financial Inclusion,,,E,H108003,Vehicle Maintenance,0,0,0,0,Karandaaz PK,Karandaaz PK,Period to date balance type.,Jul-26,PKR,T,Total,,PKR,Natural Account and Additional Segment,Actual,,,,2026-08-20T10:18:09+00:00,Company,Programmes,Natural Account,N
Karandaaz PK,11,Karandaaz,311,Pakistan Centre for Digital Financial Inclusion,,,E,H108004,Vehicle Insurance - Amortization,0,5062.5,0,5.06E+03,Karandaaz PK,Karandaaz PK,Period to date balance type.,Jul-26,PKR,T,Total,,PKR,Natural Account and Additional Segment,Actual,,,,2026-08-20T10:18:09+00:00,Company,Programmes,Natural Account,N
Karandaaz PK,11,Karandaaz,311,Pakistan Centre for Digital Financial Inclusion,,,E,H109001,Directors - Trainings & Workshops,0,0,0,0,Karandaaz PK,Karandaaz PK,Period to date balance type.,Jul-26,PKR,T,Total,,PKR,Natural Account and Additional Segment,Actual,,,,2026-08-20T10:18:09+00:00,Company,Programmes,Natural Account,N
Karandaaz PK,11,Karandaaz,311,Pakistan Centre for Digital Financial Inclusion,,,E,H110002,Health Insurance - Amortization,0,732819,0,732819,Karandaaz PK,Karandaaz PK,Period to date balance type.,Jul-26,PKR,T,Total,,PKR,Natural Account and Additional Segment,Actual,,,,2026-08-20T10:18:09+00:00,Company,Programmes,Natural Account,N
Karandaaz PK,11,Karandaaz,311,Pakistan Centre for Digital Financial Inclusion,,,E,H111001,BMGF Grant,0,0,0,0,Karandaaz PK,Karandaaz PK,Period to date balance type.,Jul-26,PKR,T,Total,,PKR,Natural Account and Additional Segment,Actual,,,,2026-08-20T10:18:09+00:00,Company,Programmes,Natural Account,N
Karandaaz PK,11,Karandaaz,311,Pakistan Centre for Digital Financial Inclusion,,,E,H113001,Exchange Gain,0,0,0,0,Karandaaz PK,Karandaaz PK,Period to date balance type.,Jul-26,PKR,T,Total,,PKR,Natural Account and Additional Segment,Actual,,,,2026-08-20T10:18:09+00:00,Company,Programmes,Natural Account,N
Karandaaz PK,11,Karandaaz,311,Pakistan Centre for Digital Financial Inclusion,,,E,H113002,Exchange Loss,0,0,0,0,Karandaaz PK,Karandaaz PK,Period to date balance type.,Jul-26,PKR,T,Total,,PKR,Natural Account and Additional Segment,Actual,,,,2026-08-20T10:18:09+00:00,Company,Programmes,Natural Account,N
Karandaaz PK,11,Karandaaz,311,Pakistan Centre for Digital Financial Inclusion,,,E,H115001,Meeting & Conferences,0,4438.5,0,4438.5,Karandaaz PK,Karandaaz PK,Period to date balance type.,Jul-26,PKR,T,Total,,PKR,Natural Account and Additional Segment,Actual,,,,2026-08-20T10:18:09+00:00,Company,Programmes,Natural Account,N
Karandaaz PK,11,Karandaaz,311,Pakistan Centre for Digital Financial Inclusion,,,E,H116001,Kitchen Supplies,0.00E+00,0,0,0.00E+00,Karandaaz PK,Karandaaz PK,Period to date balance type.,Jul-26,PKR,T,Total,,PKR,Natural Account and Additional Segment,Actual,,,,2026-08-20T10:18:09+00:00,Company,Programmes,Natural Account,N
Karandaaz PK,11,Karandaaz,311,Pakistan Centre for Digital Financial Inclusion,,,E,H116002,Cleaning Material,0,0,0,0,Karandaaz PK,Karandaaz PK,Period to date balance type.,Jul-26,PKR,T,Total,,PKR,Natural Account and Additional Segment,Actual,,,,2026-08-20T10:18:09+00:00,Company,Programmes,Natural Account,N
Karandaaz PK,11,Karandaaz,311,Pakistan Centre for Digital Financial Inclusion,,,E,H116003,Postage & Courier,0,1,0,1,Karandaaz PK,Karandaaz PK,Period to date balance type.,Jul-26,PKR,T,Total,,PKR,Natural Account and Additional Segment,Actual,,,,2026-08-20T10:18:09+00:00,Company,Programmes,Natural Account,N
Karandaaz PK,11,Karandaaz,311,Pakistan Centre for Digital Financial Inclusion,,,E,H116004,Office Supplies,0,0,0,0,Karandaaz PK,Karandaaz PK,Period to date balance type.,Jul-26,PKR,T,Total,,PKR,Natural Account and Additional Segment,Actual,,,,2026-08-20T10:18:09+00:00,Company,Programmes,Natural Account,N
Karandaaz PK,11,Karandaaz,311,Pakistan Centre for Digital Financial Inclusion,,,E,H116006,IT Supplies,0.00E+00,0,0,0.00E+00,Karandaaz PK,Karandaaz PK,Period to date balance type.,Jul-26,PKR,T,Total,,PKR,Natural Account and Additional Segment,Actual,,,,2026-08-20T10:18:09+00:00,Company,Programmes,Natural Account,N
Karandaaz PK,11,Karandaaz,311,Pakistan Centre for Digital Financial Inclusion,,,E,H116007,IT - Repair and Maintenance,0.00E+00,0,0,0.00E+00,Karandaaz PK,Karandaaz PK,Period to date balance type.,Jul-26,PKR,T,Total,,PKR,Natural Account and Additional Segment,Actual,,,,2026-08-20T10:18:09+00:00,Company,Programmes,Natural Account,N
Karandaaz PK,11,Karandaaz,311,Pakistan Centre for Digital Financial Inclusion,,,E,H116008,Printer Monthly Rental and Usage,0,0,0,0,Karandaaz PK,Karandaaz PK,Period to date balance type.,Jul-26,PKR,T,Total,,PKR,Natural Account and Additional Segment,Actual,,,,2026-08-20T10:18:09+00:00,Company,Programmes,Natural Account,N
Karandaaz PK,11,Karandaaz,311,Pakistan Centre for Digital Financial Inclusion,,,E,H117001,Office Rent- Islamabad,0,1582801,0,1582801,Karandaaz PK,Karandaaz PK,Period to date balance type.,Jul-26,PKR,T,Total,,PKR,Natural Account and Additional Segment,Actual,,,,2026-08-20T10:18:09+00:00,Company,Programmes,Natural Account,N
Karandaaz PK,11,Karandaaz,311,Pakistan Centre for Digital Financial Inclusion,,,E,H118001,Amortization - Asset and Vehicles Insurance,0,19069.13,0,19069.13,Karandaaz PK,Karandaaz PK,Period to date balance type.,Jul-26,PKR,T,Total,,PKR,Natural Account and Additional Segment,Actual,,,,2026-08-20T10:18:09+00:00,Company,Programmes,Natural Account,N
Karandaaz PK,11,Karandaaz,311,Pakistan Centre for Digital Financial Inclusion,,,E,H119001,Boarding & Lodging,0,0,0,0,Karandaaz PK,Karandaaz PK,Period to date balance type.,Jul-26,PKR,T,Total,,PKR,Natural Account and Additional Segment,Actual,,,,2026-08-20T10:18:09+00:00,Company,Programmes,Natural Account,N
Karandaaz PK,11,Karandaaz,311,Pakistan Centre for Digital Financial Inclusion,,,E,H119002,BoD-Boarding & Lodging,0,0,0,0,Karandaaz PK,Karandaaz PK,Period to date balance type.,Jul-26,PKR,T,Total,,PKR,Natural Account and Additional Segment,Actual,,,,2026-08-20T10:18:09+00:00,Company,Programmes,Natural Account,N
Karandaaz PK,11,Karandaaz,311,Pakistan Centre for Digital Financial Inclusion,,,E,H119003,Perdiem,0,0,0,0,Karandaaz PK,Karandaaz PK,Period to date balance type.,Jul-26,PKR,T,Total,,PKR,Natural Account and Additional Segment,Actual,,,,2026-08-20T10:18:09+00:00,Company,Programmes,Natural Account,N
Karandaaz PK,11,Karandaaz,311,Pakistan Centre for Digital Financial Inclusion,,,E,H121001,Office Stationery,0,0,0,0,Karandaaz PK,Karandaaz PK,Period to date balance type.,Jul-26,PKR,T,Total,,PKR,Natural Account and Additional Segment,Actual,,,,2026-08-20T10:18:09+00:00,Company,Programmes,Natural Account,N
Karandaaz PK,11,Karandaaz,311,Pakistan Centre for Digital Financial Inclusion,,,E,H121002,Stationery Printing,0,0,0,0,Karandaaz PK,Karandaaz PK,Period to date balance type.,Jul-26,PKR,T,Total,,PKR,Natural Account and Additional Segment,Actual,,,,2026-08-20T10:18:09+00:00,Company,Programmes,Natural Account,N
Karandaaz PK,11,Karandaaz,311,Pakistan Centre for Digital Financial Inclusion,,,E,H122001,IT Consultancy,0,0,0,0,Karandaaz PK,Karandaaz PK,Period to date balance type.,Jul-26,PKR,T,Total,,PKR,Natural Account and Additional Segment,Actual,,,,2026-08-20T10:18:09+00:00,Company,Programmes,Natural Account,N
Karandaaz PK,11,Karandaaz,311,Pakistan Centre for Digital Financial Inclusion,,,E,H122002,External Audit,0,0,0,0,Karandaaz PK,Karandaaz PK,Period to date balance type.,Jul-26,PKR,T,Total,,PKR,Natural Account and Additional Segment,Actual,,,,2026-08-20T10:18:09+00:00,Company,Programmes,Natural Account,N
Karandaaz PK,11,Karandaaz,311,Pakistan Centre for Digital Financial Inclusion,,,E,H122003,Internal Audit,0,0,0,0,Karandaaz PK,Karandaaz PK,Period to date balance type.,Jul-26,PKR,T,Total,,PKR,Natural Account and Additional Segment,Actual,,,,2026-08-20T10:18:09+00:00,Company,Programmes,Natural Account,N
Karandaaz PK,11,Karandaaz,311,Pakistan Centre for Digital Financial Inclusion,,,E,H122004,Legal Charges,0,302082,0,302082,Karandaaz PK,Karandaaz PK,Period to date balance type.,Jul-26,PKR,T,Total,,PKR,Natural Account and Additional Segment,Actual,,,,2026-08-20T10:18:09+00:00,Company,Programmes,Natural Account,N
Karandaaz PK,11,Karandaaz,311,Pakistan Centre for Digital Financial Inclusion,,,E,H122005,Out of Pocket Ext-Audit,0.00E+00,0,0,0.00E+00,Karandaaz PK,Karandaaz PK,Period to date balance type.,Jul-26,PKR,T,Total,,PKR,Natural Account and Additional Segment,Actual,,,,2026-08-20T10:18:09+00:00,Company,Programmes,Natural Account,N
Karandaaz PK,11,Karandaaz,311,Pakistan Centre for Digital Financial Inclusion,,,E,H122007,Tax Consultancy,0.00E+00,28750,0,2.88E+04,Karandaaz PK,Karandaaz PK,Period to date balance type.,Jul-26,PKR,T,Total,,PKR,Natural Account and Additional Segment,Actual,,,,2026-08-20T10:18:09+00:00,Company,Programmes,Natural Account,N
Karandaaz PK,11,Karandaaz,311,Pakistan Centre for Digital Financial Inclusion,,,E,H122010,External Audit Fee - Group Audits,0.00E+00,0,0,0.00E+00,Karandaaz PK,Karandaaz PK,Period to date balance type.,Jul-26,PKR,T,Total,,PKR,Natural Account and Additional Segment,Actual,,,,2026-08-20T10:18:09+00:00,Company,Programmes,Natural Account,N
Karandaaz PK,11,Karandaaz,311,Pakistan Centre for Digital Financial Inclusion,,,E,H123003,Daily Wages,0.00E+00,0,0,0.00E+00,Karandaaz PK,Karandaaz PK,Period to date balance type.,Jul-26,PKR,T,Total,,PKR,Natural Account and Additional Segment,Actual,,,,2026-08-20T10:18:09+00:00,Company,Programmes,Natural Account,N
Karandaaz PK,11,Karandaaz,311,Pakistan Centre for Digital Financial Inclusion,,,E,H123005,Staff Training,0.00E+00,0,0,0.00E+00,Karandaaz PK,Karandaaz PK,Period to date balance type.,Jul-26,PKR,T,Total,,PKR,Natural Account and Additional Segment,Actual,,,,2026-08-20T10:18:09+00:00,Company,Programmes,Natural Account,N
Karandaaz PK,11,Karandaaz,311,Pakistan Centre for Digital Financial Inclusion,,,E,H123006,EOBI Expense,0.00E+00,48840,0,4.88E+04,Karandaaz PK,Karandaaz PK,Period to date balance type.,Jul-26,PKR,T,Total,,PKR,Natural Account and Additional Segment,Actual,,,,2026-08-20T10:18:09+00:00,Company,Programmes,Natural Account,N
Karandaaz PK,11,Karandaaz,311,Pakistan Centre for Digital Financial Inclusion,,,E,H123007,Advertisement Expenses,0.00E+00,0,0,0.00E+00,Karandaaz PK,Karandaaz PK,Period to date balance type.,Jul-26,PKR,T,Total,,PKR,Natural Account and Additional Segment,Actual,,,,2026-08-20T10:18:09+00:00,Company,Programmes,Natural Account,N
Karandaaz PK,11,Karandaaz,311,Pakistan Centre for Digital Financial Inclusion,,,E,H124001,Office Repair & Maintenance,0,0,0,0,Karandaaz PK,Karandaaz PK,Period to date balance type.,Jul-26,PKR,T,Total,,PKR,Natural Account and Additional Segment,Actual,,,,2026-08-20T10:18:09+00:00,Company,Programmes,Natural Account,N
Karandaaz PK,11,Karandaaz,311,Pakistan Centre for Digital Financial Inclusion,,,E,H124002,Equipment Repair & Maintenance,0.00E+00,0,0,0.00E+00,Karandaaz PK,Karandaaz PK,Period to date balance type.,Jul-26,PKR,T,Total,,PKR,Natural Account and Additional Segment,Actual,,,,2026-08-20T10:18:09+00:00,Company,Programmes,Natural Account,N
Karandaaz PK,11,Karandaaz,311,Pakistan Centre for Digital Financial Inclusion,,,E,H125001,Software Annual Support Services,0.00E+00,0,0,0.00E+00,Karandaaz PK,Karandaaz PK,Period to date balance type.,Jul-26,PKR,T,Total,,PKR,Natural Account and Additional Segment,Actual,,,,2026-08-20T10:18:09+00:00,Company,Programmes,Natural Account,N
Karandaaz PK,11,Karandaaz,311,Pakistan Centre for Digital Financial Inclusion,,,E,H125002,Annual License fee - Amortization,0,0,0,0,Karandaaz PK,Karandaaz PK,Period to date balance type.,Jul-26,PKR,T,Total,,PKR,Natural Account and Additional Segment,Actual,,,,2026-08-20T10:18:09+00:00,Company,Programmes,Natural Account,N
Karandaaz PK,11,Karandaaz,311,Pakistan Centre for Digital Financial Inclusion,,,E,H125003,ERP support and maintenance cost,0.00E+00,0,0,0.00E+00,Karandaaz PK,Karandaaz PK,Period to date balance type.,Jul-26,PKR,T,Total,,PKR,Natural Account and Additional Segment,Actual,,,,2026-08-20T10:18:09+00:00,Company,Programmes,Natural Account,N
Karandaaz PK,11,Karandaaz,311,Pakistan Centre for Digital Financial Inclusion,,,E,H126001,Fee & Subscription,0,500,0,500,Karandaaz PK,Karandaaz PK,Period to date balance type.,Jul-26,PKR,T,Total,,PKR,Natural Account and Additional Segment,Actual,,,,2026-08-20T10:18:09+00:00,Company,Programmes,Natural Account,N
Karandaaz PK,11,Karandaaz,311,Pakistan Centre for Digital Financial Inclusion,,,E,H126002,Employee Engagement,0,10582,0,10582,Karandaaz PK,Karandaaz PK,Period to date balance type.,Jul-26,PKR,T,Total,,PKR,Natural Account and Additional Segment,Actual,,,,2026-08-20T10:18:09+00:00,Company,Programmes,Natural Account,N
Karandaaz PK,11,Karandaaz,311,Pakistan Centre for Digital Financial Inclusion,,,E,H126003,Rewards & Compensation Survey,0.00E+00,0,0,0.00E+00,Karandaaz PK,Karandaaz PK,Period to date balance type.,Jul-26,PKR,T,Total,,PKR,Natural Account and Additional Segment,Actual,,,,2026-08-20T10:18:09+00:00,Company,Programmes,Natural Account,N
Karandaaz PK,11,Karandaaz,311,Pakistan Centre for Digital Financial Inclusion,,,E,H126004,Corporate Social Responsibility,0.00E+00,0,0,0.00E+00,Karandaaz PK,Karandaaz PK,Period to date balance type.,Jul-26,PKR,T,Total,,PKR,Natural Account and Additional Segment,Actual,,,,2026-08-20T10:18:09+00:00,Company,Programmes,Natural Account,N
Karandaaz PK,11,Karandaaz,311,Pakistan Centre for Digital Financial Inclusion,,,E,H126005,SPOT recognition,0.00E+00,59500,0,5.95E+04,Karandaaz PK,Karandaaz PK,Period to date balance type.,Jul-26,PKR,T,Total,,PKR,Natural Account and Additional Segment,Actual,,,,2026-08-20T10:18:09+00:00,Company,Programmes,Natural Account,N
Karandaaz PK,11,Karandaaz,311,Pakistan Centre for Digital Financial Inclusion,,,E,H128001,Guards & Janitorial Services,0.00E+00,333368,0,3.33E+05,Karandaaz PK,Karandaaz PK,Period to date balance type.,Jul-26,PKR,T,Total,,PKR,Natural Account and Additional Segment,Actual,,,,2026-08-20T10:18:09+00:00,Company,Programmes,Natural Account,N
Karandaaz PK,11,Karandaaz,311,Pakistan Centre for Digital Financial Inclusion,,,E,H128002,Corporate and Social Responsibility,0.00E+00,0,0,0.00E+00,Karandaaz PK,Karandaaz PK,Period to date balance type.,Jul-26,PKR,T,Total,,PKR,Natural Account and Additional Segment,Actual,,,,2026-08-20T10:18:09+00:00,Company,Programmes,Natural Account,N
Karandaaz PK,11,Karandaaz,311,Pakistan Centre for Digital Financial Inclusion,,,E,H129006,Directors & officers liability insurance,0.00E+00,135595.8,0,1.36E+05,Karandaaz PK,Karandaaz PK,Period to date balance type.,Jul-26,PKR,T,Total,,PKR,Natural Account and Additional Segment,Actual,,,,2026-08-20T10:18:09+00:00,Company,Programmes,Natural Account,N
Karandaaz PK,11,Karandaaz,311,Pakistan Centre for Digital Financial Inclusion,,,E,H129021,Life Insurance - Amortization,0.00E+00,47945,0,4.79E+04,Karandaaz PK,Karandaaz PK,Period to date balance type.,Jul-26,PKR,T,Total,,PKR,Natural Account and Additional Segment,Actual,,,,2026-08-20T10:18:09+00:00,Company,Programmes,Natural Account,N
Karandaaz PK,11,Karandaaz,311,Pakistan Centre for Digital Financial Inclusion,,,E,H129031,LT Gov Framework Exercise/Study,0.00E+00,0,0,0.00E+00,Karandaaz PK,Karandaaz PK,Period to date balance type.,Jul-26,PKR,T,Total,,PKR,Natural Account and Additional Segment,Actual,,,,2026-08-20T10:18:09+00:00,Company,Programmes,Natural Account,N
Karandaaz PK,11,Karandaaz,311,Pakistan Centre for Digital Financial Inclusion,,,E,H130003,Board and Committee Meetings,0.00E+00,0,0,0.00E+00,Karandaaz PK,Karandaaz PK,Period to date balance type.,Jul-26,PKR,T,Total,,PKR,Natural Account and Additional Segment,Actual,,,,2026-08-20T10:18:09+00:00,Company,Programmes,Natural Account,N
Karandaaz PK,11,Karandaaz,311,Pakistan Centre for Digital Financial Inclusion,,,E,H13003D,Dummy account as of June-22,0,0,0,0,Karandaaz PK,Karandaaz PK,Period to date balance type.,Jul-26,PKR,T,Total,,PKR,Natural Account and Additional Segment,Actual,,,,2026-08-20T10:18:09+00:00,Company,Programmes,Natural Account,N
Karandaaz PK,11,Karandaaz,311,Pakistan Centre for Digital Financial Inclusion,,,A,H171002,Income Tax Refundable on Bank Profits,-2.11E+03,0,0,-2.11E+03,Karandaaz PK,Karandaaz PK,Period to date balance type.,Jul-26,PKR,T,Total,,PKR,Natural Account and Additional Segment,Actual,,,,2026-08-20T10:18:09+00:00,Company,Programmes,Natural Account,N
Karandaaz PK,11,Karandaaz,311,Pakistan Centre for Digital Financial Inclusion,,,A,H171006,Advance Tax on Events,9.20E+03,0,0,9.20E+03,Karandaaz PK,Karandaaz PK,Period to date balance type.,Jul-26,PKR,T,Total,,PKR,Natural Account and Additional Segment,Actual,,,,2026-08-20T10:18:09+00:00,Company,Programmes,Natural Account,N
Karandaaz PK,11,Karandaaz,311,Pakistan Centre for Digital Financial Inclusion,,,L,H211001,Payable to vendors - Goods,-108085,145582.3,0,37497,Karandaaz PK,Karandaaz PK,Period to date balance type.,Jul-26,PKR,T,Total,,PKR,Natural Account and Additional Segment,Actual,,,,2026-08-20T10:18:09+00:00,Company,Programmes,Natural Account,N
Karandaaz PK,11,Karandaaz,311,Pakistan Centre for Digital Financial Inclusion,,,L,H211002,Payable to vendors - Services,-4.40E+06,36398209,19492656,1.25E+07,Karandaaz PK,Karandaaz PK,Period to date balance type.,Jul-26,PKR,T,Total,,PKR,Natural Account and Additional Segment,Actual,,,,2026-08-20T10:18:09+00:00,Company,Programmes,Natural Account,N
Karandaaz PK,11,Karandaaz,311,Pakistan Centre for Digital Financial Inclusion,,,L,H211003,Payable to vendors - Grants,-3.90E+07,49991393,0,1.07E+07,Karandaaz PK,Karandaaz PK,Period to date balance type.,Jul-26,PKR,T,Total,,PKR,Natural Account and Additional Segment,Actual,,,,2026-08-20T10:18:09+00:00,Company,Programmes,Natural Account,N
Karandaaz PK,11,Karandaaz,311,Pakistan Centre for Digital Financial Inclusion,,,L,H211004,Expense AP clearing Account,46049241,0,0,46049241,Karandaaz PK,Karandaaz PK,Period to date balance type.,Jul-26,PKR,T,Total,,PKR,Natural Account and Additional Segment,Actual,,,,2026-08-20T10:18:09+00:00,Company,Programmes,Natural Account,N
Karandaaz PK,11,Karandaaz,311,Pakistan Centre for Digital Financial Inclusion,,,L,H211007,Creditors,1355563,0,0,1355563,Karandaaz PK,Karandaaz PK,Period to date balance type.,Jul-26,PKR,T,Total,,PKR,Natural Account and Additional Segment,Actual,,,,2026-08-20T10:18:09+00:00,Company,Programmes,Natural Account,N
Karandaaz PK,11,Karandaaz,311,Pakistan Centre for Digital Financial Inclusion,,,L,H212001,Payable to Employees,90000,0,0,90000,Karandaaz PK,Karandaaz PK,Period to date balance type.,Jul-26,PKR,T,Total,,PKR,Natural Account and Additional Segment,Actual,,,,2026-08-20T10:18:09+00:00,Company,Programmes,Natural Account,N
Karandaaz PK,11,Karandaaz,311,Pakistan Centre for Digital Financial Inclusion,,,L,H215001,Provident Fund Payable,-2.32E+04,0,0,-2.32E+04,Karandaaz PK,Karandaaz PK,Period to date balance type.,Jul-26,PKR,T,Total,,PKR,Natural Account and Additional Segment,Actual,,,,2026-08-20T10:18:09+00:00,Company,Programmes,Natural Account,N
Karandaaz PK,11,Karandaaz,311,Pakistan Centre for Digital Financial Inclusion,,,L,H215003,Staff training - Payable,2658796,0,0,2658796,Karandaaz PK,Karandaaz PK,Period to date balance type.,Jul-26,PKR,T,Total,,PKR,Natural Account and Additional Segment,Actual,,,,2026-08-20T10:18:09+00:00,Company,Programmes,Natural Account,N
Karandaaz PK,11,Karandaaz,311,Pakistan Centre for Digital Financial Inclusion,,,L,H216001,Withhoding Income Tax Payable,-3.15E+02,0,0,-3.15E+02,Karandaaz PK,Karandaaz PK,Period to date balance type.,Jul-26,PKR,T,Total,,PKR,Natural Account and Additional Segment,Actual,,,,2026-08-20T10:18:09+00:00,Company,Programmes,Natural Account,N
Karandaaz PK,11,Karandaaz,311,Pakistan Centre for Digital Financial Inclusion,,,L,H216002,Withhoding Income Tax Payable - Clearing account,2.64E+07,0,0,2.64E+07,Karandaaz PK,Karandaaz PK,Period to date balance type.,Jul-26,PKR,T,Total,,PKR,Natural Account and Additional Segment,Actual,,,,2026-08-20T10:18:09+00:00,Company,Programmes,Natural Account,N
Karandaaz PK,11,Karandaaz,311,Pakistan Centre for Digital Financial Inclusion,,,O,H291001,Restricted Grants (BMGF),-4.40E+09,0,0,-4.40E+09,Karandaaz PK,Karandaaz PK,Period to date balance type.,Jul-26,PKR,T,Total,,PKR,Natural Account and Additional Segment,Actual,,,,2026-08-20T10:18:09+00:00,Company,Programmes,Natural Account,N
Karandaaz PK,11,Karandaaz,311,Pakistan Centre for Digital Financial Inclusion,,,A,H340001,Accrued Interest Income,4.64E+06,0,0,4.64E+06,Karandaaz PK,Karandaaz PK,Period to date balance type.,Jul-26,PKR,T,Total,,PKR,Natural Account and Additional Segment,Actual,,,,2026-08-20T10:18:09+00:00,Company,Programmes,Natural Account,N
Karandaaz PK,11,Karandaaz,311,Pakistan Centre for Digital Financial Inclusion,,,A,H351001,Advances to Employees,-3.65E+04,0,0,-3.65E+04,Karandaaz PK,Karandaaz PK,Period to date balance type.,Jul-26,PKR,T,Total,,PKR,Natural Account and Additional Segment,Actual,,,,2026-08-20T10:18:09+00:00,Company,Programmes,Natural Account,N
Karandaaz PK,11,Karandaaz,311,Pakistan Centre for Digital Financial Inclusion,,,A,H361001,Advances to Vendors - Services,4.13E+06,0,0,4.13E+06,Karandaaz PK,Karandaaz PK,Period to date balance type.,Jul-26,PKR,T,Total,,PKR,Natural Account and Additional Segment,Actual,,,,2026-08-20T10:18:09+00:00,Company,Programmes,Natural Account,N
Karandaaz PK,11,Karandaaz,311,Pakistan Centre for Digital Financial Inclusion,,,A,H370102,Receivable from vendors,9.23E+03,0,0,9.23E+03,Karandaaz PK,Karandaaz PK,Period to date balance type.,Jul-26,PKR,T,Total,,PKR,Natural Account and Additional Segment,Actual,,,,2026-08-20T10:18:09+00:00,Company,Programmes,Natural Account,N
Karandaaz PK,11,Karandaaz,311,Pakistan Centre for Digital Financial Inclusion,,,A,H371001,Cash Advance - Clearing account,1.55E+05,0,0,1.55E+05,Karandaaz PK,Karandaaz PK,Period to date balance type.,Jul-26,PKR,T,Total,,PKR,Natural Account and Additional Segment,Actual,,,,2026-08-20T10:18:09+00:00,Company,Programmes,Natural Account,N
Karandaaz PK,11,Karandaaz,311,Pakistan Centre for Digital Financial Inclusion,,,A,H380002,Assets Insurance - Prepayment,6.15E+05,0,0,6.15E+05,Karandaaz PK,Karandaaz PK,Period to date balance type.,Jul-26,PKR,T,Total,,PKR,Natural Account and Additional Segment,Actual,,,,2026-08-20T10:18:09+00:00,Company,Programmes,Natural Account,N
Karandaaz PK,11,Karandaaz,311,Pakistan Centre for Digital Financial Inclusion,,,A,H380003,Health Insurance - Prepayment,3.78E+07,596072.5,0,3.84E+07,Karandaaz PK,Karandaaz PK,Period to date balance type.,Jul-26,PKR,T,Total,,PKR,Natural Account and Additional Segment,Actual,,,,2026-08-20T10:18:09+00:00,Company,Programmes,Natural Account,N
Karandaaz PK,11,Karandaaz,311,Pakistan Centre for Digital Financial Inclusion,,,A,H380004,Vehicle Insurance - Prepayment,5.45E+05,0,0,5.45E+05,Karandaaz PK,Karandaaz PK,Period to date balance type.,Jul-26,PKR,T,Total,,PKR,Natural Account and Additional Segment,Actual,,,,2026-08-20T10:18:09+00:00,Company,Programmes,Natural Account,N
Karandaaz PK,11,Karandaaz,311,Pakistan Centre for Digital Financial Inclusion,,,A,H380006,Life Insurance - Prepayment,2.47E+06,0,0,2.47E+06,Karandaaz PK,Karandaaz PK,Period to date balance type.,Jul-26,PKR,T,Total,,PKR,Natural Account and Additional Segment,Actual,,,,2026-08-20T10:18:09+00:00,Company,Programmes,Natural Account,N
Karandaaz PK,11,Karandaaz,311,Pakistan Centre for Digital Financial Inclusion,,,A,H390002,PSO Fuel Card Security,8.08E+05,0,0,8.08E+05,Karandaaz PK,Karandaaz PK,Period to date balance type.,Jul-26,PKR,T,Total,,PKR,Natural Account and Additional Segment,Actual,,,,2026-08-20T10:18:09+00:00,Company,Programmes,Natural Account,N
Karandaaz PK,11,Karandaaz,311,Pakistan Centre for Digital Financial Inclusion,,,A,H400008,Investment in TDR- BAFL FCY in PKR,-2.60E+09,0,0,-2.60E+09,Karandaaz PK,Karandaaz PK,Period to date balance type.,Jul-26,PKR,T,Total,,PKR,Natural Account and Additional Segment,Actual,,,,2026-08-20T10:18:09+00:00,Company,Programmes,Natural Account,N
Karandaaz PK,11,Karandaaz,311,Pakistan Centre for Digital Financial Inclusion,,,E,I109003,ICF-7,0.00E+00,0,0,0.00E+00,Karandaaz PK,Karandaaz PK,Period to date balance type.,Jul-26,PKR,T,Total,,PKR,Natural Account and Additional Segment,Actual,,,,2026-08-20T10:18:09+00:00,Company,Programmes,Natural Account,N
Karandaaz PK,11,Karandaaz,311,Pakistan Centre for Digital Financial Inclusion,,,A,I171001,Software License Fee - Prepayment,1.16E+04,0,0,1.16E+04,Karandaaz PK,Karandaaz PK,Period to date balance type.,Jul-26,PKR,T,Total,,PKR,Natural Account and Additional Segment,Actual,,,,2026-08-20T10:18:09+00:00,Company,Programmes,Natural Account,N
Karandaaz PK,11,Karandaaz,311,Pakistan Centre for Digital Financial Inclusion,,,E,K102001,KFIS 2026,0.00E+00,0,0,0.00E+00,Karandaaz PK,Karandaaz PK,Period to date balance type.,Jul-26,PKR,T,Total,,PKR,Natural Account and Additional Segment,Actual,,,,2026-08-20T10:18:09+00:00,Company,Programmes,Natural Account,N
Karandaaz PK,11,Karandaaz,311,Pakistan Centre for Digital Financial Inclusion,,,E,K102002,Landscape Study of Digital Lending for Small and Medium-Sized Merchants in Urban Pakistan,0.00E+00,0,0,0.00E+00,Karandaaz PK,Karandaaz PK,Period to date balance type.,Jul-26,PKR,T,Total,,PKR,Natural Account and Additional Segment,Actual,,,,2026-08-20T10:18:09+00:00,Company,Programmes,Natural Account,N
Karandaaz PK,11,Karandaaz,311,Pakistan Centre for Digital Financial Inclusion,,,E,K102003,Alternate Revenue Models for National Payment System,0,0,0,0,Karandaaz PK,Karandaaz PK,Period to date balance type.,Jul-26,PKR,T,Total,,PKR,Natural Account and Additional Segment,Actual,,,,2026-08-20T10:18:09+00:00,Company,Programmes,Natural Account,N
Karandaaz PK,11,Karandaaz,311,Pakistan Centre for Digital Financial Inclusion,,,E,K102004,Collateral Regime required to optimize EWRF in Pakistan,0,0,0,0,Karandaaz PK,Karandaaz PK,Period to date balance type.,Jul-26,PKR,T,Total,,PKR,Natural Account and Additional Segment,Actual,,,,2026-08-20T10:18:09+00:00,Company,Programmes,Natural Account,N
Karandaaz PK,11,Karandaaz,311,Pakistan Centre for Digital Financial Inclusion,,,E,K102006,PR Services,0,210900.8,0,210900.8,Karandaaz PK,Karandaaz PK,Period to date balance type.,Jul-26,PKR,T,Total,,PKR,Natural Account and Additional Segment,Actual,,,,2026-08-20T10:18:09+00:00,Company,Programmes,Natural Account,N
Karandaaz PK,11,Karandaaz,311,Pakistan Centre for Digital Financial Inclusion,,,E,K102008,Product-Oriented Research on Select Agri Value Chains,0,0,0,0,Karandaaz PK,Karandaaz PK,Period to date balance type.,Jul-26,PKR,T,Total,,PKR,Natural Account and Additional Segment,Actual,,,,2026-08-20T10:18:09+00:00,Company,Programmes,Natural Account,N
Karandaaz PK,11,Karandaaz,311,Pakistan Centre for Digital Financial Inclusion,,,E,K102014,Website Maintenance+SEO,0,76647.06,0,76647.06,Karandaaz PK,Karandaaz PK,Period to date balance type.,Jul-26,PKR,T,Total,,PKR,Natural Account and Additional Segment,Actual,,,,2026-08-20T10:18:09+00:00,Company,Programmes,Natural Account,N
Karandaaz PK,11,Karandaaz,311,Pakistan Centre for Digital Financial Inclusion,,,E,K102015,Digital and Social Media,0.00E+00,241258.2,0,2.41E+05,Karandaaz PK,Karandaaz PK,Period to date balance type.,Jul-26,PKR,T,Total,,PKR,Natural Account and Additional Segment,Actual,,,,2026-08-20T10:18:09+00:00,Company,Programmes,Natural Account,N
Karandaaz PK,11,Karandaaz,311,Pakistan Centre for Digital Financial Inclusion,,,E,K102016,Marketing Collateral,0,0,374.5,-374.5,Karandaaz PK,Karandaaz PK,Period to date balance type.,Jul-26,PKR,T,Total,,PKR,Natural Account and Additional Segment,Actual,,,,2026-08-20T10:18:09+00:00,Company,Programmes,Natural Account,N
Karandaaz PK,11,Karandaaz,311,Pakistan Centre for Digital Financial Inclusion,,,E,K102017,SME/CIC Market Visibility and Outreach,0,0,0,0,Karandaaz PK,Karandaaz PK,Period to date balance type.,Jul-26,PKR,T,Total,,PKR,Natural Account and Additional Segment,Actual,,,,2026-08-20T10:18:09+00:00,Company,Programmes,Natural Account,N
Karandaaz PK,11,Karandaaz,311,Pakistan Centre for Digital Financial Inclusion,,,E,K102028,CDNS ATM Card Launch,0,0,0,0,Karandaaz PK,Karandaaz PK,Period to date balance type.,Jul-26,PKR,T,Total,,PKR,Natural Account and Additional Segment,Actual,,,,2026-08-20T10:18:09+00:00,Company,Programmes,Natural Account,N
Karandaaz PK,11,Karandaaz,311,Pakistan Centre for Digital Financial Inclusion,,,E,K102036,Production equipment,0,0,0,0,Karandaaz PK,Karandaaz PK,Period to date balance type.,Jul-26,PKR,T,Total,,PKR,Natural Account and Additional Segment,Actual,,,,2026-08-20T10:18:09+00:00,Company,Programmes,Natural Account,N
Karandaaz PK,11,Karandaaz,311,Pakistan Centre for Digital Financial Inclusion,,,E,K103001,W2 - Data Portal (BMGF),0,0,0,0,Karandaaz PK,Karandaaz PK,Period to date balance type.,Jul-26,PKR,T,Total,,PKR,Natural Account and Additional Segment,Actual,,,,2026-08-20T10:18:09+00:00,Company,Programmes,Natural Account,N
Karandaaz PK,11,Karandaaz,311,Pakistan Centre for Digital Financial Inclusion,,,E,K103010,Regulatory Researches and Policy Notes,0,0,0,0,Karandaaz PK,Karandaaz PK,Period to date balance type.,Jul-26,PKR,T,Total,,PKR,Natural Account and Additional Segment,Actual,,,,2026-08-20T10:18:09+00:00,Company,Programmes,Natural Account,N
Karandaaz PK,11,Karandaaz,311,Pakistan Centre for Digital Financial Inclusion,,,E,K103021,Data Portal 2.0 (BMGF),0,0,0,0,Karandaaz PK,Karandaaz PK,Period to date balance type.,Jul-26,PKR,T,Total,,PKR,Natural Account and Additional Segment,Actual,,,,2026-08-20T10:18:09+00:00,Company,Programmes,Natural Account,N
Karandaaz PK,11,Karandaaz,311,Pakistan Centre for Digital Financial Inclusion,,,E,K103023,Market Assessment - Geographical Eco System,0,0,0,0,Karandaaz PK,Karandaaz PK,Period to date balance type.,Jul-26,PKR,T,Total,,PKR,Natural Account and Additional Segment,Actual,,,,2026-08-20T10:18:09+00:00,Company,Programmes,Natural Account,N
Karandaaz PK,11,Karandaaz,311,Pakistan Centre for Digital Financial Inclusion,,,E,K103025,FII Survey Wave VII,0,0,0,0,Karandaaz PK,Karandaaz PK,Period to date balance type.,Jul-26,PKR,T,Total,,PKR,Natural Account and Additional Segment,Actual,,,,2026-08-20T10:18:09+00:00,Company,Programmes,Natural Account,N
Karandaaz PK,11,Karandaaz,311,Pakistan Centre for Digital Financial Inclusion,,,E,K103033,Regulatory Framework for Digital Assets,0,0,0,0,Karandaaz PK,Karandaaz PK,Period to date balance type.,Jul-26,PKR,T,Total,,PKR,Natural Account and Additional Segment,Actual,,,,2026-08-20T10:18:09+00:00,Company,Programmes,Natural Account,N
Karandaaz PK,11,Karandaaz,311,Pakistan Centre for Digital Financial Inclusion,,,E,K103035,Constant Contact,0,0,0,0,Karandaaz PK,Karandaaz PK,Period to date balance type.,Jul-26,PKR,T,Total,,PKR,Natural Account and Additional Segment,Actual,,,,2026-08-20T10:18:09+00:00,Company,Programmes,Natural Account,N
Karandaaz PK,11,Karandaaz,311,Pakistan Centre for Digital Financial Inclusion,,,E,K103036,Graphic Design Services,0,0,0,0,Karandaaz PK,Karandaaz PK,Period to date balance type.,Jul-26,PKR,T,Total,,PKR,Natural Account and Additional Segment,Actual,,,,2026-08-20T10:18:09+00:00,Company,Programmes,Natural Account,N
Karandaaz PK,11,Karandaaz,311,Pakistan Centre for Digital Financial Inclusion,,,E,K103039,FII Survey Wave VII (in-Field Data Collection - Feb/Mar 2022),0,0,0,0,Karandaaz PK,Karandaaz PK,Period to date balance type.,Jul-26,PKR,T,Total,,PKR,Natural Account and Additional Segment,Actual,,,,2026-08-20T10:18:09+00:00,Company,Programmes,Natural Account,N
Karandaaz PK,11,Karandaaz,311,Pakistan Centre for Digital Financial Inclusion,,,E,K103043,Digital Pakistan Conference and Workships/Events/Industry Consultations/Round Tables,0,0,0,0,Karandaaz PK,Karandaaz PK,Period to date balance type.,Jul-26,PKR,T,Total,,PKR,Natural Account and Additional Segment,Actual,,,,2026-08-20T10:18:09+00:00,Company,Programmes,Natural Account,N
Karandaaz PK,11,Karandaaz,311,Pakistan Centre for Digital Financial Inclusion,,,E,K103044,"DFS Outreach (videos, publications, photo collections)",0,0,0,0,Karandaaz PK,Karandaaz PK,Period to date balance type.,Jul-26,PKR,T,Total,,PKR,Natural Account and Additional Segment,Actual,,,,2026-08-20T10:18:09+00:00,Company,Programmes,Natural Account,N
Karandaaz PK,11,Karandaaz,311,Pakistan Centre for Digital Financial Inclusion,,,E,K103046,Zoom Webinar,0,0,0,0,Karandaaz PK,Karandaaz PK,Period to date balance type.,Jul-26,PKR,T,Total,,PKR,Natural Account and Additional Segment,Actual,,,,2026-08-20T10:18:09+00:00,Company,Programmes,Natural Account,N
Karandaaz PK,11,Karandaaz,311,Pakistan Centre for Digital Financial Inclusion,,,E,K103047,SEO for Website,0,0,0,0,Karandaaz PK,Karandaaz PK,Period to date balance type.,Jul-26,PKR,T,Total,,PKR,Natural Account and Additional Segment,Actual,,,,2026-08-20T10:18:09+00:00,Company,Programmes,Natural Account,N
Karandaaz PK,11,Karandaaz,311,Pakistan Centre for Digital Financial Inclusion,,,E,K103052,"Engagement with Influencer Platforms/Podcasts (Pakistonomy, Tabadlab, etc.)",0,0,0,0,Karandaaz PK,Karandaaz PK,Period to date balance type.,Jul-26,PKR,T,Total,,PKR,Natural Account and Additional Segment,Actual,,,,2026-08-20T10:18:09+00:00,Company,Programmes,Natural Account,N
Karandaaz PK,11,Karandaaz,311,Pakistan Centre for Digital Financial Inclusion,,,E,K103053,SBP Campaign - Digital Fraud,0,0,0,0,Karandaaz PK,Karandaaz PK,Period to date balance type.,Jul-26,PKR,T,Total,,PKR,Natural Account and Additional Segment,Actual,,,,2026-08-20T10:18:09+00:00,Company,Programmes,Natural Account,N
Karandaaz PK,11,Karandaaz,311,Pakistan Centre for Digital Financial Inclusion,,,E,K103058,KFIS 2024,0,0,0,0,Karandaaz PK,Karandaaz PK,Period to date balance type.,Jul-26,PKR,T,Total,,PKR,Natural Account and Additional Segment,Actual,,,,2026-08-20T10:18:09+00:00,Company,Programmes,Natural Account,N
Karandaaz PK,11,Karandaaz,311,Pakistan Centre for Digital Financial Inclusion,,,E,K103059,Digital Fraud,0,0,0,0,Karandaaz PK,Karandaaz PK,Period to date balance type.,Jul-26,PKR,T,Total,,PKR,Natural Account and Additional Segment,Actual,,,,2026-08-20T10:18:09+00:00,Company,Programmes,Natural Account,N
Karandaaz PK,11,Karandaaz,311,Pakistan Centre for Digital Financial Inclusion,,,E,K103061,Improving DFS Adoption Among Women,0,0,0,0,Karandaaz PK,Karandaaz PK,Period to date balance type.,Jul-26,PKR,T,Total,,PKR,Natural Account and Additional Segment,Actual,,,,2026-08-20T10:18:09+00:00,Company,Programmes,Natural Account,N
Karandaaz PK,11,Karandaaz,311,Pakistan Centre for Digital Financial Inclusion,,,E,K103062,"Editing and Printing of Internal Notes (e.g. Budget, Import Substitution of Agri Commodities, Digitization of Argi Cooperatives)",0,0,0,0,Karandaaz PK,Karandaaz PK,Period to date balance type.,Jul-26,PKR,T,Total,,PKR,Natural Account and Additional Segment,Actual,,,,2026-08-20T10:18:09+00:00,Company,Programmes,Natural Account,N
Karandaaz PK,11,Karandaaz,311,Pakistan Centre for Digital Financial Inclusion,,,E,K103064,"Research Partnerships (e.g. Collboration wtih Research Experts, Decodis)",0,0,0,0,Karandaaz PK,Karandaaz PK,Period to date balance type.,Jul-26,PKR,T,Total,,PKR,Natural Account and Additional Segment,Actual,,,,2026-08-20T10:18:09+00:00,Company,Programmes,Natural Account,N
Karandaaz PK,11,Karandaaz,311,Pakistan Centre for Digital Financial Inclusion,,,E,K103065,Knowledge Partnerships BMGF (FAW),0.00E+00,0,0,0.00E+00,Karandaaz PK,Karandaaz PK,Period to date balance type.,Jul-26,PKR,T,Total,,PKR,Natural Account and Additional Segment,Actual,,,,2026-08-20T10:18:09+00:00,Company,Programmes,Natural Account,N
Karandaaz PK,11,Karandaaz,311,Pakistan Centre for Digital Financial Inclusion,,,E,K103066,Corporate Governance in SMEs (on-going),0,0,0,0,Karandaaz PK,Karandaaz PK,Period to date balance type.,Jul-26,PKR,T,Total,,PKR,Natural Account and Additional Segment,Actual,,,,2026-08-20T10:18:09+00:00,Company,Programmes,Natural Account,N
Karandaaz PK,11,Karandaaz,311,Pakistan Centre for Digital Financial Inclusion,,,E,K103068,Payment Digitization Index,0,0,0,0,Karandaaz PK,Karandaaz PK,Period to date balance type.,Jul-26,PKR,T,Total,,PKR,Natural Account and Additional Segment,Actual,,,,2026-08-20T10:18:09+00:00,Company,Programmes,Natural Account,N
Karandaaz PK,11,Karandaaz,311,Pakistan Centre for Digital Financial Inclusion,,,E,K103070,Feasibility Study for an E-invoicing platform in Pakistan,0,0,0,0,Karandaaz PK,Karandaaz PK,Period to date balance type.,Jul-26,PKR,T,Total,,PKR,Natural Account and Additional Segment,Actual,,,,2026-08-20T10:18:09+00:00,Company,Programmes,Natural Account,N
Karandaaz PK,11,Karandaaz,311,Pakistan Centre for Digital Financial Inclusion,,,E,K103072,RAAST Awareness Campaign,0,191690.7,0,191690.7,Karandaaz PK,Karandaaz PK,Period to date balance type.,Jul-26,PKR,T,Total,,PKR,Natural Account and Additional Segment,Actual,,,,2026-08-20T10:18:09+00:00,Company,Programmes,Natural Account,N
Karandaaz PK,11,Karandaaz,311,Pakistan Centre for Digital Financial Inclusion,,,E,M102001,Third Party Monitoring of Karandaaz Projects,0,0,0,0,Karandaaz PK,Karandaaz PK,Period to date balance type.,Jul-26,PKR,T,Total,,PKR,Natural Account and Additional Segment,Actual,,,,2026-08-20T10:18:09+00:00,Company,Programmes,Natural Account,N
Karandaaz PK,11,Karandaaz,311,Pakistan Centre for Digital Financial Inclusion,,,E,M103001,Assessment of SCF market adoption,0.00E+00,0,0,0.00E+00,Karandaaz PK,Karandaaz PK,Period to date balance type.,Jul-26,PKR,T,Total,,PKR,Natural Account and Additional Segment,Actual,,,,2026-08-20T10:18:09+00:00,Company,Programmes,Natural Account,N
Karandaaz PK,11,Karandaaz,311,Pakistan Centre for Digital Financial Inclusion,,,E,M103003,Mid-cycle assessmentof Raast merchant onboarding,0.00E+00,0,0,0.00E+00,Karandaaz PK,Karandaaz PK,Period to date balance type.,Jul-26,PKR,T,Total,,PKR,Natural Account and Additional Segment,Actual,,,,2026-08-20T10:18:09+00:00,Company,Programmes,Natural Account,N
Karandaaz PK,11,Karandaaz,311,Pakistan Centre for Digital Financial Inclusion,,,E,M104004,GrowTech Assessment,0,0,0,0,Karandaaz PK,Karandaaz PK,Period to date balance type.,Jul-26,PKR,T,Total,,PKR,Natural Account and Additional Segment,Actual,,,,2026-08-20T10:18:09+00:00,Company,Programmes,Natural Account,N
Karandaaz PK,11,Karandaaz,311,Pakistan Centre for Digital Financial Inclusion,,,E,M112001,Assessment of Incentive Scheme Projects,0,0,0,0,Karandaaz PK,Karandaaz PK,Period to date balance type.,Jul-26,PKR,T,Total,,PKR,Natural Account and Additional Segment,Actual,,,,2026-08-20T10:18:09+00:00,Company,Programmes,Natural Account,N
Karandaaz PK,11,Karandaaz,311,Pakistan Centre for Digital Financial Inclusion,,,E,M113001,"CDNS - Assessment of Digitization Impact (Total Budgeted PKR 20.0M, spread over 2 years)",0,0,0,0,Karandaaz PK,Karandaaz PK,Period to date balance type.,Jul-26,PKR,T,Total,,PKR,Natural Account and Additional Segment,Actual,,,,2026-08-20T10:18:09+00:00,Company,Programmes,Natural Account,N
Karandaaz PK,11,Karandaaz,311,Pakistan Centre for Digital Financial Inclusion,,,E,M116001,Assessment of DFS Gender Portfolio,0,0,0,0,Karandaaz PK,Karandaaz PK,Period to date balance type.,Jul-26,PKR,T,Total,,PKR,Natural Account and Additional Segment,Actual,,,,2026-08-20T10:18:09+00:00,Company,Programmes,Natural Account,N
Karandaaz PK,11,Karandaaz,311,Pakistan Centre for Digital Financial Inclusion,,,R,OI70101,Profit on PLS Bank Account,0,0,0,0,Karandaaz PK,Karandaaz PK,Period to date balance type.,Jul-26,PKR,T,Total,,PKR,Natural Account and Additional Segment,Actual,,,,2026-08-20T10:18:09+00:00,Company,Programmes,Natural Account,N
Karandaaz PK,11,Karandaaz,311,Pakistan Centre for Digital Financial Inclusion,,,R,OI70109,Profit on FCY TDRs in PKR,0,0,0,0,Karandaaz PK,Karandaaz PK,Period to date balance type.,Jul-26,PKR,T,Total,,PKR,Natural Account and Additional Segment,Actual,,,,2026-08-20T10:18:09+00:00,Company,Programmes,Natural Account,N
Karandaaz PK,11,Karandaaz,311,Pakistan Centre for Digital Financial Inclusion,,,R,OI80122,Gain on disposal of Fixed Assets,0,0,0,0,Karandaaz PK,Karandaaz PK,Period to date balance type.,Jul-26,PKR,T,Total,,PKR,Natural Account and Additional Segment,Actual,,,,2026-08-20T10:18:09+00:00,Company,Programmes,Natural Account,N
Karandaaz PK,11,Karandaaz,311,Pakistan Centre for Digital Financial Inclusion,,,R,OI80123,Revenue,0,0,0,0,Karandaaz PK,Karandaaz PK,Period to date balance type.,Jul-26,PKR,T,Total,,PKR,Natural Account and Additional Segment,Actual,,,,2026-08-20T10:18:09+00:00,Company,Programmes,Natural Account,N
Karandaaz PK,11,Karandaaz,311,Pakistan Centre for Digital Financial Inclusion,,,E,SS5H100,Staff Salaries,0,13841876,0,13841876,Karandaaz PK,Karandaaz PK,Period to date balance type.,Jul-26,PKR,T,Total,,PKR,Natural Account and Additional Segment,Actual,,,,2026-08-20T10:18:09+00:00,Company,Programmes,Natural Account,N
Karandaaz PK,11,Karandaaz,311,Pakistan Centre for Digital Financial Inclusion,,,E,SS5H200,Staff Provident Fund,0,1368325,0,1368325,Karandaaz PK,Karandaaz PK,Period to date balance type.,Jul-26,PKR,T,Total,,PKR,Natural Account and Additional Segment,Actual,,,,2026-08-20T10:18:09+00:00,Company,Programmes,Natural Account,N
Karandaaz PK,11,Karandaaz,311,Pakistan Centre for Digital Financial Inclusion,,,E,SS5H201,Gratuity expense (Staff Salaries),0,0,0,0,Karandaaz PK,Karandaaz PK,Period to date balance type.,Jul-26,PKR,T,Total,,PKR,Natural Account and Additional Segment,Actual,,,,2026-08-20T10:18:09+00:00,Company,Programmes,Natural Account,N
Karandaaz PK,11,Karandaaz,311,Pakistan Centre for Digital Financial Inclusion,,,E,SS5H300,Staff Over time,0,0,0,0,Karandaaz PK,Karandaaz PK,Period to date balance type.,Jul-26,PKR,T,Total,,PKR,Natural Account and Additional Segment,Actual,,,,2026-08-20T10:18:09+00:00,Company,Programmes,Natural Account,N
Karandaaz PK,11,Karandaaz,311,Pakistan Centre for Digital Financial Inclusion,,,E,SS5H400,Staff Car Monetization,0,1628000,0,1628000,Karandaaz PK,Karandaaz PK,Period to date balance type.,Jul-26,PKR,T,Total,,PKR,Natural Account and Additional Segment,Actual,,,,2026-08-20T10:18:09+00:00,Company,Programmes,Natural Account,N
Karandaaz PK,11,Karandaaz,311,Pakistan Centre for Digital Financial Inclusion,,,E,SS5H500,Staff Child care assistance,0,75000,0,75000,Karandaaz PK,Karandaaz PK,Period to date balance type.,Jul-26,PKR,T,Total,,PKR,Natural Account and Additional Segment,Actual,,,,2026-08-20T10:18:09+00:00,Company,Programmes,Natural Account,N
Karandaaz PK,11,Karandaaz,311,Pakistan Centre for Digital Financial Inclusion,,,E,SS5H600,Performance payout,0,0,0,0,Karandaaz PK,Karandaaz PK,Period to date balance type.,Jul-26,PKR,T,Total,,PKR,Natural Account and Additional Segment,Actual,,,,2026-08-20T10:18:09+00:00,Company,Programmes,Natural Account,N
Karandaaz PK,11,Karandaaz,311,Pakistan Centre for Digital Financial Inclusion,,,E,SS5H700,Staff Arrears,0,-166774,0,-166774,Karandaaz PK,Karandaaz PK,Period to date balance type.,Jul-26,PKR,T,Total,,PKR,Natural Account and Additional Segment,Actual,,,,2026-08-20T10:18:09+00:00,Company,Programmes,Natural Account,N
Karandaaz PK,11,Karandaaz,311,Pakistan Centre for Digital Financial Inclusion,,,E,SS5H800,Other Deductions,0,55000,0,55000,Karandaaz PK,Karandaaz PK,Period to date balance type.,Jul-26,PKR,T,Total,,PKR,Natural Account and Additional Segment,Actual,,,,2026-08-20T10:18:09+00:00,Company,Programmes,Natural Account,N
Karandaaz PK,11,Karandaaz,311,Pakistan Centre for Digital Financial Inclusion,,,E,SS5H900,Other Reimbursement Expenses,0,1638824,0,1638824,Karandaaz PK,Karandaaz PK,Period to date balance type.,Jul-26,PKR,T,Total,,PKR,Natural Account and Additional Segment,Actual,,,,2026-08-20T10:18:09+00:00,Company,Programmes,Natural Account,N
Karandaaz PK,11,Karandaaz,312,Data & Visibility: CICO dashboard for Regulators in Pakistan,,,A,B121031,Karandaaz Pakistan BAFL FCY (1008260733),2.28E+08,0,0,2.28E+08,Karandaaz PK,Karandaaz PK,Period to date balance type.,Jul-26,PKR,T,Total,,PKR,Natural Account and Additional Segment,Actual,,,,2026-08-20T10:18:09+00:00,Company,Programmes,Natural Account,N
Karandaaz PK,11,Karandaaz,312,Data & Visibility: CICO dashboard for Regulators in Pakistan,,,O,H291001,Restricted Grants (BMGF),-2.30E+08,0,0,-2.30E+08,Karandaaz PK,Karandaaz PK,Period to date balance type.,Jul-26,PKR,T,Total,,PKR,Natural Account and Additional Segment,Actual,,,,2026-08-20T10:18:09+00:00,Company,Programmes,Natural Account,N
Karandaaz PK,11,Karandaaz,313,Supporting G2P digitization in Pakistan,,,A,B121031,Karandaaz Pakistan BAFL FCY (1008260733),3.86E+08,0,0,3.86E+08,Karandaaz PK,Karandaaz PK,Period to date balance type.,Jul-26,PKR,T,Total,,PKR,Natural Account and Additional Segment,Actual,,,,2026-08-20T10:18:09+00:00,Company,Programmes,Natural Account,N
Karandaaz PK,11,Karandaaz,313,Supporting G2P digitization in Pakistan,,,E,D107054,BISP - BISP and RAAST integration,0,0,0,0,Karandaaz PK,Karandaaz PK,Period to date balance type.,Jul-26,PKR,T,Total,,PKR,Natural Account and Additional Segment,Actual,,,,2026-08-20T10:18:09+00:00,Company,Programmes,Natural Account,N
Karandaaz PK,11,Karandaaz,313,Supporting G2P digitization in Pakistan,,,O,H291001,Restricted Grants (BMGF),-3.90E+08,0,0,-3.90E+08,Karandaaz PK,Karandaaz PK,Period to date balance type.,Jul-26,PKR,T,Total,,PKR,Natural Account and Additional Segment,Actual,,,,2026-08-20T10:18:09+00:00,Company,Programmes,Natural Account,N
Karandaaz PK,11,Karandaaz,411,Financial Inclusion Program,,,A,B121002,Karandaaz Pakistan - UBL USD FCY (218293528),0,0,0,0,Karandaaz PK,Karandaaz PK,Period to date balance type.,Jul-26,PKR,T,Total,,PKR,Natural Account and Additional Segment,Actual,,,,2026-08-20T10:18:09+00:00,Company,Programmes,Natural Account,N
Karandaaz PK,11,Karandaaz,411,Financial Inclusion Program,,,A,B121006,Karandaaz Pakistan BMGF - UBL (231422152),-1296263,0,0,-1296263,Karandaaz PK,Karandaaz PK,Period to date balance type.,Jul-26,PKR,T,Total,,PKR,Natural Account and Additional Segment,Actual,,,,2026-08-20T10:18:09+00:00,Company,Programmes,Natural Account,N
Karandaaz PK,11,Karandaaz,411,Financial Inclusion Program,,,A,B121012,Bank KRN Pakistan - BAFL (0035-1006023474),29348743,0,0,29348743,Karandaaz PK,Karandaaz PK,Period to date balance type.,Jul-26,PKR,T,Total,,PKR,Natural Account and Additional Segment,Actual,,,,2026-08-20T10:18:09+00:00,Company,Programmes,Natural Account,N
Karandaaz PK,11,Karandaaz,411,Financial Inclusion Program,,,A,B121013,Bank KRN Pakistan - BAFL BMGF (0035-1006155298),-2.80E+09,0,77205257,-2.90E+09,Karandaaz PK,Karandaaz PK,Period to date balance type.,Jul-26,PKR,T,Total,,PKR,Natural Account and Additional Segment,Actual,,,,2026-08-20T10:18:09+00:00,Company,Programmes,Natural Account,N
Karandaaz PK,11,Karandaaz,411,Financial Inclusion Program,,,A,B121014,Bank KRN Pakistan - BAFL RDEL (0035-1006155290),0,0,0,0,Karandaaz PK,Karandaaz PK,Period to date balance type.,Jul-26,PKR,T,Total,,PKR,Natural Account and Additional Segment,Actual,,,,2026-08-20T10:18:09+00:00,Company,Programmes,Natural Account,N
Karandaaz PK,11,Karandaaz,411,Financial Inclusion Program,,,A,B121015,Bank KRN Pakistan - BAFL EPF (0035-1006155299),0,0,0,0,Karandaaz PK,Karandaaz PK,Period to date balance type.,Jul-26,PKR,T,Total,,PKR,Natural Account and Additional Segment,Actual,,,,2026-08-20T10:18:09+00:00,Company,Programmes,Natural Account,N
Karandaaz PK,11,Karandaaz,411,Financial Inclusion Program,,,A,B121016,Bank KRN Pakistan - BAFL OSR (0035-1006155288),0,0,0,0,Karandaaz PK,Karandaaz PK,Period to date balance type.,Jul-26,PKR,T,Total,,PKR,Natural Account and Additional Segment,Actual,,,,2026-08-20T10:18:09+00:00,Company,Programmes,Natural Account,N
Karandaaz PK,11,Karandaaz,411,Financial Inclusion Program,,,A,B121017,Bank KRN Pakistan - BAFL TPPL (0035-1006155289),0,0,0,0,Karandaaz PK,Karandaaz PK,Period to date balance type.,Jul-26,PKR,T,Total,,PKR,Natural Account and Additional Segment,Actual,,,,2026-08-20T10:18:09+00:00,Company,Programmes,Natural Account,N
Karandaaz PK,11,Karandaaz,411,Financial Inclusion Program,,,A,B121019,Bank KRN Pakistan - BAFL FCDO (0035-1006024272),0,0,0,0,Karandaaz PK,Karandaaz PK,Period to date balance type.,Jul-26,PKR,T,Total,,PKR,Natural Account and Additional Segment,Actual,,,,2026-08-20T10:18:09+00:00,Company,Programmes,Natural Account,N
Karandaaz PK,11,Karandaaz,411,Financial Inclusion Program,,,A,B121021,Bank KRN Pakistan - UBL SEED RDEL (259769965),0,0,0,0,Karandaaz PK,Karandaaz PK,Period to date balance type.,Jul-26,PKR,T,Total,,PKR,Natural Account and Additional Segment,Actual,,,,2026-08-20T10:18:09+00:00,Company,Programmes,Natural Account,N
Karandaaz PK,11,Karandaaz,411,Financial Inclusion Program,,,A,B121023,Bank KRN Pakistan - UBL FIP (262115182),61648144,0,0,61648144,Karandaaz PK,Karandaaz PK,Period to date balance type.,Jul-26,PKR,T,Total,,PKR,Natural Account and Additional Segment,Actual,,,,2026-08-20T10:18:09+00:00,Company,Programmes,Natural Account,N
Karandaaz PK,11,Karandaaz,411,Financial Inclusion Program,,,A,B121032,Karandaaz Pakistan HMB CSR (623720614714153601),0,0,0,0,Karandaaz PK,Karandaaz PK,Period to date balance type.,Jul-26,PKR,T,Total,,PKR,Natural Account and Additional Segment,Actual,,,,2026-08-20T10:18:09+00:00,Company,Programmes,Natural Account,N
Karandaaz PK,11,Karandaaz,411,Financial Inclusion Program,,,A,B121033,Karandaaz Pakistan HMB FIP (623720614714153581),-4.90E+08,0,0,-4.90E+08,Karandaaz PK,Karandaaz PK,Period to date balance type.,Jul-26,PKR,T,Total,,PKR,Natural Account and Additional Segment,Actual,,,,2026-08-20T10:18:09+00:00,Company,Programmes,Natural Account,N
Karandaaz PK,11,Karandaaz,411,Financial Inclusion Program,,,A,B121037,Karandaaz Pakistan FIP - BAFL (0035-1008986958),1.33E+09,0,0,1.33E+09,Karandaaz PK,Karandaaz PK,Period to date balance type.,Jul-26,PKR,T,Total,,PKR,Natural Account and Additional Segment,Actual,,,,2026-08-20T10:18:09+00:00,Company,Programmes,Natural Account,N
Karandaaz PK,11,Karandaaz,411,Financial Inclusion Program,,,A,B121041,Karandaaz Pakistan WV GreenFin - Faysal (32383900000003722),8279985,0,0,8279985,Karandaaz PK,Karandaaz PK,Period to date balance type.,Jul-26,PKR,T,Total,,PKR,Natural Account and Additional Segment,Actual,,,,2026-08-20T10:18:09+00:00,Company,Programmes,Natural Account,N
Karandaaz PK,11,Karandaaz,411,Financial Inclusion Program,,,A,B122006,Karandaaz Pakistan BMGF - UBL (231422152) - Clearing,0,0,0,0,Karandaaz PK,Karandaaz PK,Period to date balance type.,Jul-26,PKR,T,Total,,PKR,Natural Account and Additional Segment,Actual,,,,2026-08-20T10:18:09+00:00,Company,Programmes,Natural Account,N
Karandaaz PK,11,Karandaaz,411,Financial Inclusion Program,,,A,B122012,Bank KRN Pakistan - BAFL (0035-1006023474) - Clearing,0,0,0,0,Karandaaz PK,Karandaaz PK,Period to date balance type.,Jul-26,PKR,T,Total,,PKR,Natural Account and Additional Segment,Actual,,,,2026-08-20T10:18:09+00:00,Company,Programmes,Natural Account,N
Karandaaz PK,11,Karandaaz,411,Financial Inclusion Program,,,A,B122013,Bank KRN Pakistan - BAFL BMGF (0035-1006155298) - Clearing,-9811694,77205257,1.01E+08,-3.40E+07,Karandaaz PK,Karandaaz PK,Period to date balance type.,Jul-26,PKR,T,Total,,PKR,Natural Account and Additional Segment,Actual,,,,2026-08-20T10:18:09+00:00,Company,Programmes,Natural Account,N
Karandaaz PK,11,Karandaaz,411,Financial Inclusion Program,,,A,B122018,Bank KRN Pakistan - BAFL ORIX C (0035-1006155292) - Clearing,0,0,0,0,Karandaaz PK,Karandaaz PK,Period to date balance type.,Jul-26,PKR,T,Total,,PKR,Natural Account and Additional Segment,Actual,,,,2026-08-20T10:18:09+00:00,Company,Programmes,Natural Account,N
Karandaaz PK,11,Karandaaz,411,Financial Inclusion Program,,,A,B122022,Bank KRN Pakistan - UBL SEED CDEL (259768948) - Clearing,0,0,0,0,Karandaaz PK,Karandaaz PK,Period to date balance type.,Jul-26,PKR,T,Total,,PKR,Natural Account and Additional Segment,Actual,,,,2026-08-20T10:18:09+00:00,Company,Programmes,Natural Account,N
Karandaaz PK,11,Karandaaz,411,Financial Inclusion Program,,,A,B122023,Bank KRN Pakistan - UBL FIP (262115182) - Clearing,0,0,0,0,Karandaaz PK,Karandaaz PK,Period to date balance type.,Jul-26,PKR,T,Total,,PKR,Natural Account and Additional Segment,Actual,,,,2026-08-20T10:18:09+00:00,Company,Programmes,Natural Account,N
Karandaaz PK,11,Karandaaz,411,Financial Inclusion Program,,,A,B122029,Bank KRN Pakistan - HMB KRN EPF (6-2-37-20614-714-146842) - Clearing,0,0,0,0,Karandaaz PK,Karandaaz PK,Period to date balance type.,Jul-26,PKR,T,Total,,PKR,Natural Account and Additional Segment,Actual,,,,2026-08-20T10:18:09+00:00,Company,Programmes,Natural Account,N
Karandaaz PK,11,Karandaaz,411,Financial Inclusion Program,,,A,B122030,Bank KRN Pakistan - HMB KRN OSR (6-2-37-20614-714-146790) - Clearing,0,0,0,0,Karandaaz PK,Karandaaz PK,Period to date balance type.,Jul-26,PKR,T,Total,,PKR,Natural Account and Additional Segment,Actual,,,,2026-08-20T10:18:09+00:00,Company,Programmes,Natural Account,N
Karandaaz PK,11,Karandaaz,411,Financial Inclusion Program,,,A,B122037,Karandaaz Pakistan FIP - BAFL (0035-1008986958) - Clearing,0,0,0,0,Karandaaz PK,Karandaaz PK,Period to date balance type.,Jul-26,PKR,T,Total,,PKR,Natural Account and Additional Segment,Actual,,,,2026-08-20T10:18:09+00:00,Company,Programmes,Natural Account,N
Karandaaz PK,11,Karandaaz,411,Financial Inclusion Program,,,A,B142002,Pay Order,0,0,0,0,Karandaaz PK,Karandaaz PK,Period to date balance type.,Jul-26,PKR,T,Total,,PKR,Natural Account and Additional Segment,Actual,,,,2026-08-20T10:18:09+00:00,Company,Programmes,Natural Account,N
Karandaaz PK,11,Karandaaz,411,Financial Inclusion Program,,,E,D105012,Secured Transaction Registry (STR),0,0,0,0,Karandaaz PK,Karandaaz PK,Period to date balance type.,Jul-26,PKR,T,Total,,PKR,Natural Account and Additional Segment,Actual,,,,2026-08-20T10:18:09+00:00,Company,Programmes,Natural Account,N
Karandaaz PK,11,Karandaaz,411,Financial Inclusion Program,,,E,D105013,SECP Overhead,0,0,0,0,Karandaaz PK,Karandaaz PK,Period to date balance type.,Jul-26,PKR,T,Total,,PKR,Natural Account and Additional Segment,Actual,,,,2026-08-20T10:18:09+00:00,Company,Programmes,Natural Account,N
Karandaaz PK,11,Karandaaz,411,Financial Inclusion Program,,,E,D107010,LEAP Consultancy,0,0,0,0,Karandaaz PK,Karandaaz PK,Period to date balance type.,Jul-26,PKR,T,Total,,PKR,Natural Account and Additional Segment,Actual,,,,2026-08-20T10:18:09+00:00,Company,Programmes,Natural Account,N
Karandaaz PK,11,Karandaaz,411,Financial Inclusion Program,,,E,D107011,Company Registry,0,0,0,0,Karandaaz PK,Karandaaz PK,Period to date balance type.,Jul-26,PKR,T,Total,,PKR,Natural Account and Additional Segment,Actual,,,,2026-08-20T10:18:09+00:00,Company,Programmes,Natural Account,N
Karandaaz PK,11,Karandaaz,411,Financial Inclusion Program,,,E,D107021,LEAP PMO,0,0,0,0,Karandaaz PK,Karandaaz PK,Period to date balance type.,Jul-26,PKR,T,Total,,PKR,Natural Account and Additional Segment,Actual,,,,2026-08-20T10:18:09+00:00,Company,Programmes,Natural Account,N
Karandaaz PK,11,Karandaaz,411,Financial Inclusion Program,,,E,D107022,SOC Implementation,0,0,0,0,Karandaaz PK,Karandaaz PK,Period to date balance type.,Jul-26,PKR,T,Total,,PKR,Natural Account and Additional Segment,Actual,,,,2026-08-20T10:18:09+00:00,Company,Programmes,Natural Account,N
Karandaaz PK,11,Karandaaz,411,Financial Inclusion Program,,,E,D107023,XBRL Implementation,0,0,0,0,Karandaaz PK,Karandaaz PK,Period to date balance type.,Jul-26,PKR,T,Total,,PKR,Natural Account and Additional Segment,Actual,,,,2026-08-20T10:18:09+00:00,Company,Programmes,Natural Account,N
Karandaaz PK,11,Karandaaz,411,Financial Inclusion Program,,,E,D107025,"W4: Technical Advisory, Industry/Int'l Expert Engagement, Learning/Networking Events",0,0,0,0,Karandaaz PK,Karandaaz PK,Period to date balance type.,Jul-26,PKR,T,Total,,PKR,Natural Account and Additional Segment,Actual,,,,2026-08-20T10:18:09+00:00,Company,Programmes,Natural Account,N
Karandaaz PK,11,Karandaaz,411,Financial Inclusion Program,,,E,D107051,"W2: Technical Advisory, Industry/Int'l Expert Engagement, Learning/Networking Events",0,0,0,0,Karandaaz PK,Karandaaz PK,Period to date balance type.,Jul-26,PKR,T,Total,,PKR,Natural Account and Additional Segment,Actual,,,,2026-08-20T10:18:09+00:00,Company,Programmes,Natural Account,N
Karandaaz PK,11,Karandaaz,411,Financial Inclusion Program,,,E,H101001,Bank Charges,0,0,0,0,Karandaaz PK,Karandaaz PK,Period to date balance type.,Jul-26,PKR,T,Total,,PKR,Natural Account and Additional Segment,Actual,,,,2026-08-20T10:18:09+00:00,Company,Programmes,Natural Account,N
Karandaaz PK,11,Karandaaz,411,Financial Inclusion Program,,,E,H104001,Travel,0,0,0,0,Karandaaz PK,Karandaaz PK,Period to date balance type.,Jul-26,PKR,T,Total,,PKR,Natural Account and Additional Segment,Actual,,,,2026-08-20T10:18:09+00:00,Company,Programmes,Natural Account,N
Karandaaz PK,11,Karandaaz,411,Financial Inclusion Program,,,E,H106003,Communication reimbursement,0,0,0,0,Karandaaz PK,Karandaaz PK,Period to date balance type.,Jul-26,PKR,T,Total,,PKR,Natural Account and Additional Segment,Actual,,,,2026-08-20T10:18:09+00:00,Company,Programmes,Natural Account,N
Karandaaz PK,11,Karandaaz,411,Financial Inclusion Program,,,E,H106007,Fuel reimbursement,0,0,0,0,Karandaaz PK,Karandaaz PK,Period to date balance type.,Jul-26,PKR,T,Total,,PKR,Natural Account and Additional Segment,Actual,,,,2026-08-20T10:18:09+00:00,Company,Programmes,Natural Account,N
Karandaaz PK,11,Karandaaz,411,Financial Inclusion Program,,,E,H108002,Vehicle Operations,0,0,0,0,Karandaaz PK,Karandaaz PK,Period to date balance type.,Jul-26,PKR,T,Total,,PKR,Natural Account and Additional Segment,Actual,,,,2026-08-20T10:18:09+00:00,Company,Programmes,Natural Account,N
Karandaaz PK,11,Karandaaz,411,Financial Inclusion Program,,,E,H110002,Health Insurance - Amortization,0,66620,0,66620,Karandaaz PK,Karandaaz PK,Period to date balance type.,Jul-26,PKR,T,Total,,PKR,Natural Account and Additional Segment,Actual,,,,2026-08-20T10:18:09+00:00,Company,Programmes,Natural Account,N
Karandaaz PK,11,Karandaaz,411,Financial Inclusion Program,,,E,H113001,Exchange Gain,0,0,0,0,Karandaaz PK,Karandaaz PK,Period to date balance type.,Jul-26,PKR,T,Total,,PKR,Natural Account and Additional Segment,Actual,,,,2026-08-20T10:18:09+00:00,Company,Programmes,Natural Account,N
Karandaaz PK,11,Karandaaz,411,Financial Inclusion Program,,,E,H115001,Meeting & Conferences,0,0,0,0,Karandaaz PK,Karandaaz PK,Period to date balance type.,Jul-26,PKR,T,Total,,PKR,Natural Account and Additional Segment,Actual,,,,2026-08-20T10:18:09+00:00,Company,Programmes,Natural Account,N
Karandaaz PK,11,Karandaaz,411,Financial Inclusion Program,,,E,H116004,Office Supplies,0,0,0,0,Karandaaz PK,Karandaaz PK,Period to date balance type.,Jul-26,PKR,T,Total,,PKR,Natural Account and Additional Segment,Actual,,,,2026-08-20T10:18:09+00:00,Company,Programmes,Natural Account,N
Karandaaz PK,11,Karandaaz,411,Financial Inclusion Program,,,E,H119001,Boarding & Lodging,0,0,0,0,Karandaaz PK,Karandaaz PK,Period to date balance type.,Jul-26,PKR,T,Total,,PKR,Natural Account and Additional Segment,Actual,,,,2026-08-20T10:18:09+00:00,Company,Programmes,Natural Account,N
Karandaaz PK,11,Karandaaz,411,Financial Inclusion Program,,,E,H119003,Perdiem,0,0,0,0,Karandaaz PK,Karandaaz PK,Period to date balance type.,Jul-26,PKR,T,Total,,PKR,Natural Account and Additional Segment,Actual,,,,2026-08-20T10:18:09+00:00,Company,Programmes,Natural Account,N
Karandaaz PK,11,Karandaaz,411,Financial Inclusion Program,,,E,H123005,Staff Training,0,0,0,0,Karandaaz PK,Karandaaz PK,Period to date balance type.,Jul-26,PKR,T,Total,,PKR,Natural Account and Additional Segment,Actual,,,,2026-08-20T10:18:09+00:00,Company,Programmes,Natural Account,N
Karandaaz PK,11,Karandaaz,411,Financial Inclusion Program,,,E,H123006,EOBI Expense,0,4440,0,4440,Karandaaz PK,Karandaaz PK,Period to date balance type.,Jul-26,PKR,T,Total,,PKR,Natural Account and Additional Segment,Actual,,,,2026-08-20T10:18:09+00:00,Company,Programmes,Natural Account,N
Karandaaz PK,11,Karandaaz,411,Financial Inclusion Program,,,E,H129021,Life Insurance - Amortization,0,4359,0,4359,Karandaaz PK,Karandaaz PK,Period to date balance type.,Jul-26,PKR,T,Total,,PKR,Natural Account and Additional Segment,Actual,,,,2026-08-20T10:18:09+00:00,Company,Programmes,Natural Account,N
Karandaaz PK,11,Karandaaz,411,Financial Inclusion Program,,,A,H171002,Income Tax Refundable on Bank Profits,-5370201,0,0,-5370201,Karandaaz PK,Karandaaz PK,Period to date balance type.,Jul-26,PKR,T,Total,,PKR,Natural Account and Additional Segment,Actual,,,,2026-08-20T10:18:09+00:00,Company,Programmes,Natural Account,N
Karandaaz PK,11,Karandaaz,411,Financial Inclusion Program,,,L,H211002,Payable to vendors - Services,0,0,0,0,Karandaaz PK,Karandaaz PK,Period to date balance type.,Jul-26,PKR,T,Total,,PKR,Natural Account and Additional Segment,Actual,,,,2026-08-20T10:18:09+00:00,Company,Programmes,Natural Account,N
Karandaaz PK,11,Karandaaz,411,Financial Inclusion Program,,,L,H215003,Staff training - Payable,25188,0,0,25188,Karandaaz PK,Karandaaz PK,Period to date balance type.,Jul-26,PKR,T,Total,,PKR,Natural Account and Additional Segment,Actual,,,,2026-08-20T10:18:09+00:00,Company,Programmes,Natural Account,N
Karandaaz PK,11,Karandaaz,411,Financial Inclusion Program,,,L,H216001,Withhoding Income Tax Payable,6708601,0,0,6708601,Karandaaz PK,Karandaaz PK,Period to date balance type.,Jul-26,PKR,T,Total,,PKR,Natural Account and Additional Segment,Actual,,,,2026-08-20T10:18:09+00:00,Company,Programmes,Natural Account,N
Karandaaz PK,11,Karandaaz,411,Financial Inclusion Program,,,A,H340001,Accrued Interest Income,154679.5,0,0,154679.5,Karandaaz PK,Karandaaz PK,Period to date balance type.,Jul-26,PKR,T,Total,,PKR,Natural Account and Additional Segment,Actual,,,,2026-08-20T10:18:09+00:00,Company,Programmes,Natural Account,N
Karandaaz PK,11,Karandaaz,411,Financial Inclusion Program,,,A,H340003,Accrued Interest - Treasury Income,-34411.3,0,0,-34411.3,Karandaaz PK,Karandaaz PK,Period to date balance type.,Jul-26,PKR,T,Total,,PKR,Natural Account and Additional Segment,Actual,,,,2026-08-20T10:18:09+00:00,Company,Programmes,Natural Account,N
Karandaaz PK,11,Karandaaz,411,Financial Inclusion Program,,,A,H371001,Cash Advance - Clearing account,0.00E+00,0,0,0.00E+00,Karandaaz PK,Karandaaz PK,Period to date balance type.,Jul-26,PKR,T,Total,,PKR,Natural Account and Additional Segment,Actual,,,,2026-08-20T10:18:09+00:00,Company,Programmes,Natural Account,N
Karandaaz PK,11,Karandaaz,411,Financial Inclusion Program,,,A,H400004,Investment in T-Bill - Karandaaz Pakistan FIP,0,0,0,0,Karandaaz PK,Karandaaz PK,Period to date balance type.,Jul-26,PKR,T,Total,,PKR,Natural Account and Additional Segment,Actual,,,,2026-08-20T10:18:09+00:00,Company,Programmes,Natural Account,N
Karandaaz PK,11,Karandaaz,411,Financial Inclusion Program,,,A,H400007,Investment in TDR- HMBL FIP,0.00E+00,0,0,0.00E+00,Karandaaz PK,Karandaaz PK,Period to date balance type.,Jul-26,PKR,T,Total,,PKR,Natural Account and Additional Segment,Actual,,,,2026-08-20T10:18:09+00:00,Company,Programmes,Natural Account,N
Karandaaz PK,11,Karandaaz,411,Financial Inclusion Program,,,E,K102018,FII Survey Wave VI,0,0,0,0,Karandaaz PK,Karandaaz PK,Period to date balance type.,Jul-26,PKR,T,Total,,PKR,Natural Account and Additional Segment,Actual,,,,2026-08-20T10:18:09+00:00,Company,Programmes,Natural Account,N
Karandaaz PK,11,Karandaaz,411,Financial Inclusion Program,,,E,K102034,"SECP Outreach Activity - STR, LEAP",0,0,0,0,Karandaaz PK,Karandaaz PK,Period to date balance type.,Jul-26,PKR,T,Total,,PKR,Natural Account and Additional Segment,Actual,,,,2026-08-20T10:18:09+00:00,Company,Programmes,Natural Account,N
Karandaaz PK,11,Karandaaz,411,Financial Inclusion Program,,,E,M104012,Assessment of STR (SECP) - DFS,0.00E+00,0,0,0.00E+00,Karandaaz PK,Karandaaz PK,Period to date balance type.,Jul-26,PKR,T,Total,,PKR,Natural Account and Additional Segment,Actual,,,,2026-08-20T10:18:09+00:00,Company,Programmes,Natural Account,N
Karandaaz PK,11,Karandaaz,411,Financial Inclusion Program,,,R,OI70101,Profit on PLS Bank Account,0,0,0,0,Karandaaz PK,Karandaaz PK,Period to date balance type.,Jul-26,PKR,T,Total,,PKR,Natural Account and Additional Segment,Actual,,,,2026-08-20T10:18:09+00:00,Company,Programmes,Natural Account,N
Karandaaz PK,11,Karandaaz,411,Financial Inclusion Program,,,R,OI70107,Profit on TDRs,0,0,0,0,Karandaaz PK,Karandaaz PK,Period to date balance type.,Jul-26,PKR,T,Total,,PKR,Natural Account and Additional Segment,Actual,,,,2026-08-20T10:18:09+00:00,Company,Programmes,Natural Account,N
Karandaaz PK,11,Karandaaz,411,Financial Inclusion Program,,,R,OI70108,Profit on T-Bills,0,0,0,0,Karandaaz PK,Karandaaz PK,Period to date balance type.,Jul-26,PKR,T,Total,,PKR,Natural Account and Additional Segment,Actual,,,,2026-08-20T10:18:09+00:00,Company,Programmes,Natural Account,N
Karandaaz PK,11,Karandaaz,411,Financial Inclusion Program,,,E,SS5H100,Staff Salaries,0,1474637,0,1474637,Karandaaz PK,Karandaaz PK,Period to date balance type.,Jul-26,PKR,T,Total,,PKR,Natural Account and Additional Segment,Actual,,,,2026-08-20T10:18:09+00:00,Company,Programmes,Natural Account,N
Karandaaz PK,11,Karandaaz,411,Financial Inclusion Program,,,E,SS5H200,Staff Provident Fund,0,147538,0,147538,Karandaaz PK,Karandaaz PK,Period to date balance type.,Jul-26,PKR,T,Total,,PKR,Natural Account and Additional Segment,Actual,,,,2026-08-20T10:18:09+00:00,Company,Programmes,Natural Account,N
Karandaaz PK,11,Karandaaz,411,Financial Inclusion Program,,,E,SS5H201,Gratuity expense (Staff Salaries),0,0,0,0,Karandaaz PK,Karandaaz PK,Period to date balance type.,Jul-26,PKR,T,Total,,PKR,Natural Account and Additional Segment,Actual,,,,2026-08-20T10:18:09+00:00,Company,Programmes,Natural Account,N
Karandaaz PK,11,Karandaaz,411,Financial Inclusion Program,,,E,SS5H300,Staff Over time,0,0,0,0,Karandaaz PK,Karandaaz PK,Period to date balance type.,Jul-26,PKR,T,Total,,PKR,Natural Account and Additional Segment,Actual,,,,2026-08-20T10:18:09+00:00,Company,Programmes,Natural Account,N
Karandaaz PK,11,Karandaaz,411,Financial Inclusion Program,,,E,SS5H400,Staff Car Monetization,0,244000,0,244000,Karandaaz PK,Karandaaz PK,Period to date balance type.,Jul-26,PKR,T,Total,,PKR,Natural Account and Additional Segment,Actual,,,,2026-08-20T10:18:09+00:00,Company,Programmes,Natural Account,N
Karandaaz PK,11,Karandaaz,411,Financial Inclusion Program,,,E,SS5H500,Staff Child care assistance,0,0,0,0,Karandaaz PK,Karandaaz PK,Period to date balance type.,Jul-26,PKR,T,Total,,PKR,Natural Account and Additional Segment,Actual,,,,2026-08-20T10:18:09+00:00,Company,Programmes,Natural Account,N
Karandaaz PK,11,Karandaaz,411,Financial Inclusion Program,,,E,SS5H600,Performance payout,0,0,0,0,Karandaaz PK,Karandaaz PK,Period to date balance type.,Jul-26,PKR,T,Total,,PKR,Natural Account and Additional Segment,Actual,,,,2026-08-20T10:18:09+00:00,Company,Programmes,Natural Account,N
Karandaaz PK,11,Karandaaz,411,Financial Inclusion Program,,,E,SS5H700,Staff Arrears,0,0,0,0,Karandaaz PK,Karandaaz PK,Period to date balance type.,Jul-26,PKR,T,Total,,PKR,Natural Account and Additional Segment,Actual,,,,2026-08-20T10:18:09+00:00,Company,Programmes,Natural Account,N
Karandaaz PK,11,Karandaaz,411,Financial Inclusion Program,,,E,SS5H800,Other Deductions,0,0,0,0,Karandaaz PK,Karandaaz PK,Period to date balance type.,Jul-26,PKR,T,Total,,PKR,Natural Account and Additional Segment,Actual,,,,2026-08-20T10:18:09+00:00,Company,Programmes,Natural Account,N
Karandaaz PK,11,Karandaaz,411,Financial Inclusion Program,,,E,SS5H900,Other Reimbursement Expenses,0,240196,0,240196,Karandaaz PK,Karandaaz PK,Period to date balance type.,Jul-26,PKR,T,Total,,PKR,Natural Account and Additional Segment,Actual,,,,2026-08-20T10:18:09+00:00,Company,Programmes,Natural Account,N
Karandaaz PK,11,Karandaaz,511,Own Source Revenue,,,A,B121005,Karandaaz Pakistan DFID - UBL (231422923),4.84E+08,0,0,4.84E+08,Karandaaz PK,Karandaaz PK,Period to date balance type.,Jul-26,PKR,T,Total,,PKR,Natural Account and Additional Segment,Actual,,,,2026-08-20T10:18:09+00:00,Company,Programmes,Natural Account,N
Karandaaz PK,11,Karandaaz,511,Own Source Revenue,,,A,B121006,Karandaaz Pakistan BMGF - UBL (231422152),156675.3,0,0,156675.3,Karandaaz PK,Karandaaz PK,Period to date balance type.,Jul-26,PKR,T,Total,,PKR,Natural Account and Additional Segment,Actual,,,,2026-08-20T10:18:09+00:00,Company,Programmes,Natural Account,N
Karandaaz PK,11,Karandaaz,511,Own Source Revenue,,,A,B121007,Karandaaz Pakistan OSR - UBL (231422602),0,0,0,0,Karandaaz PK,Karandaaz PK,Period to date balance type.,Jul-26,PKR,T,Total,,PKR,Natural Account and Additional Segment,Actual,,,,2026-08-20T10:18:09+00:00,Company,Programmes,Natural Account,N
Karandaaz PK,11,Karandaaz,511,Own Source Revenue,,,A,B121009,Karandaaz Pakistan DFID RDEL - UBL (234512979),-97350.3,0,0,-97350.3,Karandaaz PK,Karandaaz PK,Period to date balance type.,Jul-26,PKR,T,Total,,PKR,Natural Account and Additional Segment,Actual,,,,2026-08-20T10:18:09+00:00,Company,Programmes,Natural Account,N
Karandaaz PK,11,Karandaaz,511,Own Source Revenue,,,A,B121012,Bank KRN Pakistan - BAFL (0035-1006023474),1.77E+09,0,0,1.77E+09,Karandaaz PK,Karandaaz PK,Period to date balance type.,Jul-26,PKR,T,Total,,PKR,Natural Account and Additional Segment,Actual,,,,2026-08-20T10:18:09+00:00,Company,Programmes,Natural Account,N
Karandaaz PK,11,Karandaaz,511,Own Source Revenue,,,A,B121013,Bank KRN Pakistan - BAFL BMGF (0035-1006155298),-1.50E+08,0,0,-1.50E+08,Karandaaz PK,Karandaaz PK,Period to date balance type.,Jul-26,PKR,T,Total,,PKR,Natural Account and Additional Segment,Actual,,,,2026-08-20T10:18:09+00:00,Company,Programmes,Natural Account,N
Karandaaz PK,11,Karandaaz,511,Own Source Revenue,,,A,B121014,Bank KRN Pakistan - BAFL RDEL (0035-1006155290),-4.89E+02,0,0,-4.89E+02,Karandaaz PK,Karandaaz PK,Period to date balance type.,Jul-26,PKR,T,Total,,PKR,Natural Account and Additional Segment,Actual,,,,2026-08-20T10:18:09+00:00,Company,Programmes,Natural Account,N
Karandaaz PK,11,Karandaaz,511,Own Source Revenue,,,A,B121015,Bank KRN Pakistan - BAFL EPF (0035-1006155299),245654.9,0,0,245654.9,Karandaaz PK,Karandaaz PK,Period to date balance type.,Jul-26,PKR,T,Total,,PKR,Natural Account and Additional Segment,Actual,,,,2026-08-20T10:18:09+00:00,Company,Programmes,Natural Account,N
Karandaaz PK,11,Karandaaz,511,Own Source Revenue,,,A,B121016,Bank KRN Pakistan - BAFL OSR (0035-1006155288),8.03E+08,0.00E+00,6.38E+06,7.97E+08,Karandaaz PK,Karandaaz PK,Period to date balance type.,Jul-26,PKR,T,Total,,PKR,Natural Account and Additional Segment,Actual,,,,2026-08-20T10:18:09+00:00,Company,Programmes,Natural Account,N
Karandaaz PK,11,Karandaaz,511,Own Source Revenue,,,A,B121017,Bank KRN Pakistan - BAFL TPPL (0035-1006155289),-1.10E+07,0,0,-1.10E+07,Karandaaz PK,Karandaaz PK,Period to date balance type.,Jul-26,PKR,T,Total,,PKR,Natural Account and Additional Segment,Actual,,,,2026-08-20T10:18:09+00:00,Company,Programmes,Natural Account,N
Karandaaz PK,11,Karandaaz,511,Own Source Revenue,,,A,B121018,Bank KRN Pakistan - BAFL ORIX C (0035-1006155292),-2.80E+08,0,0,-2.80E+08,Karandaaz PK,Karandaaz PK,Period to date balance type.,Jul-26,PKR,T,Total,,PKR,Natural Account and Additional Segment,Actual,,,,2026-08-20T10:18:09+00:00,Company,Programmes,Natural Account,N
Karandaaz PK,11,Karandaaz,511,Own Source Revenue,,,A,B121019,Bank KRN Pakistan - BAFL FCDO (0035-1006024272),-3.60E+09,0,0,-3.60E+09,Karandaaz PK,Karandaaz PK,Period to date balance type.,Jul-26,PKR,T,Total,,PKR,Natural Account and Additional Segment,Actual,,,,2026-08-20T10:18:09+00:00,Company,Programmes,Natural Account,N
Karandaaz PK,11,Karandaaz,511,Own Source Revenue,,,A,B121020,Bank KRN Pakistan - MIB (0061002792880001),-6.80E+07,0,0,-6.80E+07,Karandaaz PK,Karandaaz PK,Period to date balance type.,Jul-26,PKR,T,Total,,PKR,Natural Account and Additional Segment,Actual,,,,2026-08-20T10:18:09+00:00,Company,Programmes,Natural Account,N
Karandaaz PK,11,Karandaaz,511,Own Source Revenue,,,A,B121021,Bank KRN Pakistan - UBL SEED RDEL (259769965),-425070,0,0,-425070,Karandaaz PK,Karandaaz PK,Period to date balance type.,Jul-26,PKR,T,Total,,PKR,Natural Account and Additional Segment,Actual,,,,2026-08-20T10:18:09+00:00,Company,Programmes,Natural Account,N
Karandaaz PK,11,Karandaaz,511,Own Source Revenue,,,A,B121022,Bank KRN Pakistan - UBL SEED CDEL (259768948),-2.60E+07,0,0,-2.60E+07,Karandaaz PK,Karandaaz PK,Period to date balance type.,Jul-26,PKR,T,Total,,PKR,Natural Account and Additional Segment,Actual,,,,2026-08-20T10:18:09+00:00,Company,Programmes,Natural Account,N
Karandaaz PK,11,Karandaaz,511,Own Source Revenue,,,A,B121023,Bank KRN Pakistan - UBL FIP (262115182),-6.30E+07,0,0,-6.30E+07,Karandaaz PK,Karandaaz PK,Period to date balance type.,Jul-26,PKR,T,Total,,PKR,Natural Account and Additional Segment,Actual,,,,2026-08-20T10:18:09+00:00,Company,Programmes,Natural Account,N
Karandaaz PK,11,Karandaaz,511,Own Source Revenue,,,A,B121025,Karandaaz Pakistan Reserve - HBL (08747900996601),7.38E+04,0,0,7.38E+04,Karandaaz PK,Karandaaz PK,Period to date balance type.,Jul-26,PKR,T,Total,,PKR,Natural Account and Additional Segment,Actual,,,,2026-08-20T10:18:09+00:00,Company,Programmes,Natural Account,N
Karandaaz PK,11,Karandaaz,511,Own Source Revenue,,,A,B121026,Bank KRN Pakistan - Meezan Capital (239277356),92000000,0,0,9.20E+07,Karandaaz PK,Karandaaz PK,Period to date balance type.,Jul-26,PKR,T,Total,,PKR,Natural Account and Additional Segment,Actual,,,,2026-08-20T10:18:09+00:00,Company,Programmes,Natural Account,N
Karandaaz PK,11,Karandaaz,511,Own Source Revenue,,,A,B121030,Bank KRN Pakistan - HMB KRN OSR (6-2-37-20614-714-146790),-1.80E+09,0,0,-1.80E+09,Karandaaz PK,Karandaaz PK,Period to date balance type.,Jul-26,PKR,T,Total,,PKR,Natural Account and Additional Segment,Actual,,,,2026-08-20T10:18:09+00:00,Company,Programmes,Natural Account,N
Karandaaz PK,11,Karandaaz,511,Own Source Revenue,,,A,B121032,Karandaaz Pakistan HMB CSR (623720614714153601),-534.42,0,0,-534.42,Karandaaz PK,Karandaaz PK,Period to date balance type.,Jul-26,PKR,T,Total,,PKR,Natural Account and Additional Segment,Actual,,,,2026-08-20T10:18:09+00:00,Company,Programmes,Natural Account,N
Karandaaz PK,11,Karandaaz,511,Own Source Revenue,,,A,B121033,Karandaaz Pakistan HMB FIP (623720614714153581),-486180,0,0,-486180,Karandaaz PK,Karandaaz PK,Period to date balance type.,Jul-26,PKR,T,Total,,PKR,Natural Account and Additional Segment,Actual,,,,2026-08-20T10:18:09+00:00,Company,Programmes,Natural Account,N
Karandaaz PK,11,Karandaaz,511,Own Source Revenue,,,A,B121034,Karandaaz Pakistan-NCGC Grant (1008738355),0.00E+00,0,0,0.00E+00,Karandaaz PK,Karandaaz PK,Period to date balance type.,Jul-26,PKR,T,Total,,PKR,Natural Account and Additional Segment,Actual,,,,2026-08-20T10:18:09+00:00,Company,Programmes,Natural Account,N
Karandaaz PK,11,Karandaaz,511,Own Source Revenue,,,A,B121035,Karandaaz Pakistan Operational - JS (0002253139),4030782,0,0,4030782,Karandaaz PK,Karandaaz PK,Period to date balance type.,Jul-26,PKR,T,Total,,PKR,Natural Account and Additional Segment,Actual,,,,2026-08-20T10:18:09+00:00,Company,Programmes,Natural Account,N
Karandaaz PK,11,Karandaaz,511,Own Source Revenue,,,A,B121036,Karandaaz Pakistan Own Source Revenue - Faysal (3238390000003107),5.97E+09,0,0,5.97E+09,Karandaaz PK,Karandaaz PK,Period to date balance type.,Jul-26,PKR,T,Total,,PKR,Natural Account and Additional Segment,Actual,,,,2026-08-20T10:18:09+00:00,Company,Programmes,Natural Account,N
Karandaaz PK,11,Karandaaz,511,Own Source Revenue,,,A,B121037,Karandaaz Pakistan FIP - BAFL (0035-1008986958),-5645777,0,0,-5645777,Karandaaz PK,Karandaaz PK,Period to date balance type.,Jul-26,PKR,T,Total,,PKR,Natural Account and Additional Segment,Actual,,,,2026-08-20T10:18:09+00:00,Company,Programmes,Natural Account,N
Karandaaz PK,11,Karandaaz,511,Own Source Revenue,,,A,B121038,Karandaaz Pakistan - BMGF CT (0035-1009045134),2.03E+05,0,0,2.03E+05,Karandaaz PK,Karandaaz PK,Period to date balance type.,Jul-26,PKR,T,Total,,PKR,Natural Account and Additional Segment,Actual,,,,2026-08-20T10:18:09+00:00,Company,Programmes,Natural Account,N
Karandaaz PK,11,Karandaaz,511,Own Source Revenue,,,A,B121039,Karandaaz Pakistan - BMGF-EHSAAS (0035-1009045100),-9.11E+05,0,0,-9.11E+05,Karandaaz PK,Karandaaz PK,Period to date balance type.,Jul-26,PKR,T,Total,,PKR,Natural Account and Additional Segment,Actual,,,,2026-08-20T10:18:09+00:00,Company,Programmes,Natural Account,N
Karandaaz PK,11,Karandaaz,511,Own Source Revenue,,,A,B121040,Karandaaz Pakistan EPF - Faysal (3238390000003280),9.94E+06,0,0,9.94E+06,Karandaaz PK,Karandaaz PK,Period to date balance type.,Jul-26,PKR,T,Total,,PKR,Natural Account and Additional Segment,Actual,,,,2026-08-20T10:18:09+00:00,Company,Programmes,Natural Account,N
Karandaaz PK,11,Karandaaz,511,Own Source Revenue,,,A,B121041,Karandaaz Pakistan WV GreenFin - Faysal (32383900000003722),-1.60E+08,0,0,-1.60E+08,Karandaaz PK,Karandaaz PK,Period to date balance type.,Jul-26,PKR,T,Total,,PKR,Natural Account and Additional Segment,Actual,,,,2026-08-20T10:18:09+00:00,Company,Programmes,Natural Account,N
Karandaaz PK,11,Karandaaz,511,Own Source Revenue,,,A,B121042,Karandaaz Pakistan Own Source Revenue - ABL (0010137809770010),8.02E+04,0,0,8.02E+04,Karandaaz PK,Karandaaz PK,Period to date balance type.,Jul-26,PKR,T,Total,,PKR,Natural Account and Additional Segment,Actual,,,,2026-08-20T10:18:09+00:00,Company,Programmes,Natural Account,N
Karandaaz PK,11,Karandaaz,511,Own Source Revenue,,,A,B121043,Karandaaz Pakistan - Own Source Revenue - Samba (2001412216),1.08E+09,0,0,1.08E+09,Karandaaz PK,Karandaaz PK,Period to date balance type.,Jul-26,PKR,T,Total,,PKR,Natural Account and Additional Segment,Actual,,,,2026-08-20T10:18:09+00:00,Company,Programmes,Natural Account,N
Karandaaz PK,11,Karandaaz,511,Own Source Revenue,,,A,B121044,Karandaaz Pakistan - BAFL (CIC) (1009811698),5.24E+07,0,0,5.24E+07,Karandaaz PK,Karandaaz PK,Period to date balance type.,Jul-26,PKR,T,Total,,PKR,Natural Account and Additional Segment,Actual,,,,2026-08-20T10:18:09+00:00,Company,Programmes,Natural Account,N
Karandaaz PK,11,Karandaaz,511,Own Source Revenue,,,A,B121045,BoP/KRN Escrow - (6510357085300010),1.03E+08,0,0,1.03E+08,Karandaaz PK,Karandaaz PK,Period to date balance type.,Jul-26,PKR,T,Total,,PKR,Natural Account and Additional Segment,Actual,,,,2026-08-20T10:18:09+00:00,Company,Programmes,Natural Account,N
Karandaaz PK,11,Karandaaz,511,Own Source Revenue,,,A,B121046,Karandaaz Pakistan Investments (329529134),1.28E+06,0,0,1.28E+06,Karandaaz PK,Karandaaz PK,Period to date balance type.,Jul-26,PKR,T,Total,,PKR,Natural Account and Additional Segment,Actual,,,,2026-08-20T10:18:09+00:00,Company,Programmes,Natural Account,N
Karandaaz PK,11,Karandaaz,511,Own Source Revenue,,,A,B121047,Karandaaz Pakistan - Own Source Revenue - UBL (329529172),1.07E+07,0,0,1.07E+07,Karandaaz PK,Karandaaz PK,Period to date balance type.,Jul-26,PKR,T,Total,,PKR,Natural Account and Additional Segment,Actual,,,,2026-08-20T10:18:09+00:00,Company,Programmes,Natural Account,N
Karandaaz PK,11,Karandaaz,511,Own Source Revenue,,,A,B121048,Karandaaz Pakistan Investment - BAFL (1010522280),-7323799,0,0,-7323799,Karandaaz PK,Karandaaz PK,Period to date balance type.,Jul-26,PKR,T,Total,,PKR,Natural Account and Additional Segment,Actual,,,,2026-08-20T10:18:09+00:00,Company,Programmes,Natural Account,N
Karandaaz PK,11,Karandaaz,511,Own Source Revenue,,,A,B121049,Karandaaz Pakistan II - KCBL Samba (2001543507),1.04E+08,0,0,1.04E+08,Karandaaz PK,Karandaaz PK,Period to date balance type.,Jul-26,PKR,T,Total,,PKR,Natural Account and Additional Segment,Actual,,,,2026-08-20T10:18:09+00:00,Company,Programmes,Natural Account,N
Karandaaz PK,11,Karandaaz,511,Own Source Revenue,,,A,B121050,Karandaaz Pakistan Gratuity - (346999165) - UBL,1.47E+06,0,0,1.47E+06,Karandaaz PK,Karandaaz PK,Period to date balance type.,Jul-26,PKR,T,Total,,PKR,Natural Account and Additional Segment,Actual,,,,2026-08-20T10:18:09+00:00,Company,Programmes,Natural Account,N
Karandaaz PK,11,Karandaaz,511,Own Source Revenue,,,A,B121051,KARANDAAZ PAKISTAN (Raast) - GF -(1010801269) - BAFL,-7.80E+07,0,0,-7.80E+07,Karandaaz PK,Karandaaz PK,Period to date balance type.,Jul-26,PKR,T,Total,,PKR,Natural Account and Additional Segment,Actual,,,,2026-08-20T10:18:09+00:00,Company,Programmes,Natural Account,N
Karandaaz PK,11,Karandaaz,511,Own Source Revenue,,,A,B121052,Karandaaz Pakistan WV GreenFin - 328989399 - UBL,5045.98,0,0,5045.98,Karandaaz PK,Karandaaz PK,Period to date balance type.,Jul-26,PKR,T,Total,,PKR,Natural Account and Additional Segment,Actual,,,,2026-08-20T10:18:09+00:00,Company,Programmes,Natural Account,N
Karandaaz PK,11,Karandaaz,511,Own Source Revenue,,,A,B121053,Karandaaz Pakistan - Own Source Revenue - BIPL (305801011090136),2.31E+06,0,0,2.31E+06,Karandaaz PK,Karandaaz PK,Period to date balance type.,Jul-26,PKR,T,Total,,PKR,Natural Account and Additional Segment,Actual,,,,2026-08-20T10:18:09+00:00,Company,Programmes,Natural Account,N
Karandaaz PK,11,Karandaaz,511,Own Source Revenue,,,A,B122016,Bank KRN Pakistan - BAFL OSR (0035-1006155288) - Clearing,0,6380244,8449139,-2068895,Karandaaz PK,Karandaaz PK,Period to date balance type.,Jul-26,PKR,T,Total,,PKR,Natural Account and Additional Segment,Actual,,,,2026-08-20T10:18:09+00:00,Company,Programmes,Natural Account,N
Karandaaz PK,11,Karandaaz,511,Own Source Revenue,,,A,B122018,Bank KRN Pakistan - BAFL ORIX C (0035-1006155292) - Clearing,0,0,0,0,Karandaaz PK,Karandaaz PK,Period to date balance type.,Jul-26,PKR,T,Total,,PKR,Natural Account and Additional Segment,Actual,,,,2026-08-20T10:18:09+00:00,Company,Programmes,Natural Account,N
Karandaaz PK,11,Karandaaz,511,Own Source Revenue,,,A,B122051,KARANDAAZ PAKISTAN (Raast) - GF -(1010801269) - BAFL - Clearing,0,0,0,0,Karandaaz PK,Karandaaz PK,Period to date balance type.,Jul-26,PKR,T,Total,,PKR,Natural Account and Additional Segment,Actual,,,,2026-08-20T10:18:09+00:00,Company,Programmes,Natural Account,N
Karandaaz PK,11,Karandaaz,511,Own Source Revenue,,,A,B132005,Bank KRN Pakistan - JS BANK (0001268157) - Clearing,0.00E+00,0,0,0.00E+00,Karandaaz PK,Karandaaz PK,Period to date balance type.,Jul-26,PKR,T,Total,,PKR,Natural Account and Additional Segment,Actual,,,,2026-08-20T10:18:09+00:00,Company,Programmes,Natural Account,N
Karandaaz PK,11,Karandaaz,511,Own Source Revenue,,,A,B142002,Pay Order,1.51E+09,0,0,1.51E+09,Karandaaz PK,Karandaaz PK,Period to date balance type.,Jul-26,PKR,T,Total,,PKR,Natural Account and Additional Segment,Actual,,,,2026-08-20T10:18:09+00:00,Company,Programmes,Natural Account,N
Karandaaz PK,11,Karandaaz,511,Own Source Revenue,,,E,C103002,MBL-SME Loans-Variable Expenses,0,0,0,0,Karandaaz PK,Karandaaz PK,Period to date balance type.,Jul-26,PKR,T,Total,,PKR,Natural Account and Additional Segment,Actual,,,,2026-08-20T10:18:09+00:00,Company,Programmes,Natural Account,N
Karandaaz PK,11,Karandaaz,511,Own Source Revenue,,,E,C103005,MIB-SME Loans-Variable Expenses,0,0,0,0,Karandaaz PK,Karandaaz PK,Period to date balance type.,Jul-26,PKR,T,Total,,PKR,Natural Account and Additional Segment,Actual,,,,2026-08-20T10:18:09+00:00,Company,Programmes,Natural Account,N
Karandaaz PK,11,Karandaaz,511,Own Source Revenue,,,E,C103006,JSBL-SME Loans-Variable Expenses,0,0,0,0,Karandaaz PK,Karandaaz PK,Period to date balance type.,Jul-26,PKR,T,Total,,PKR,Natural Account and Additional Segment,Actual,,,,2026-08-20T10:18:09+00:00,Company,Programmes,Natural Account,N
Karandaaz PK,11,Karandaaz,511,Own Source Revenue,,,E,C103008,Soneri-SME Loans-Variable Expenses,0,0,0,0,Karandaaz PK,Karandaaz PK,Period to date balance type.,Jul-26,PKR,T,Total,,PKR,Natural Account and Additional Segment,Actual,,,,2026-08-20T10:18:09+00:00,Company,Programmes,Natural Account,N
Karandaaz PK,11,Karandaaz,511,Own Source Revenue,,,E,C108002,Credit - Pre & post investment cost,0,0.00E+00,0.00E+00,0,Karandaaz PK,Karandaaz PK,Period to date balance type.,Jul-26,PKR,T,Total,,PKR,Natural Account and Additional Segment,Actual,,,,2026-08-20T10:18:09+00:00,Company,Programmes,Natural Account,N
Karandaaz PK,11,Karandaaz,511,Own Source Revenue,,,E,C109002,Equity - Pre & post investment cost,0,0,0,0,Karandaaz PK,Karandaaz PK,Period to date balance type.,Jul-26,PKR,T,Total,,PKR,Natural Account and Additional Segment,Actual,,,,2026-08-20T10:18:09+00:00,Company,Programmes,Natural Account,N
Karandaaz PK,11,Karandaaz,511,Own Source Revenue,,,E,C110002,GREEN - Pre & post investment cost,0,0,0,0,Karandaaz PK,Karandaaz PK,Period to date balance type.,Jul-26,PKR,T,Total,,PKR,Natural Account and Additional Segment,Actual,,,,2026-08-20T10:18:09+00:00,Company,Programmes,Natural Account,N
Karandaaz PK,11,Karandaaz,511,Own Source Revenue,,,A,C131002,Bank KRN Pakistan-HMB (6-1-1-120614-714-570343),-2.90E+03,0,0,-2.90E+03,Karandaaz PK,Karandaaz PK,Period to date balance type.,Jul-26,PKR,T,Total,,PKR,Natural Account and Additional Segment,Actual,,,,2026-08-20T10:18:09+00:00,Company,Programmes,Natural Account,N
Karandaaz PK,11,Karandaaz,511,Own Source Revenue,,,A,C131003,Soneri Bank Account (20007488228),-2.70E+08,0,0,-2.70E+08,Karandaaz PK,Karandaaz PK,Period to date balance type.,Jul-26,PKR,T,Total,,PKR,Natural Account and Additional Segment,Actual,,,,2026-08-20T10:18:09+00:00,Company,Programmes,Natural Account,N
Karandaaz PK,11,Karandaaz,511,Own Source Revenue,,,A,C131004,Meezan Bank Ltd (0154-0101898629),-4.60E+07,0,0,-4.60E+07,Karandaaz PK,Karandaaz PK,Period to date balance type.,Jul-26,PKR,T,Total,,PKR,Natural Account and Additional Segment,Actual,,,,2026-08-20T10:18:09+00:00,Company,Programmes,Natural Account,N
Karandaaz PK,11,Karandaaz,511,Own Source Revenue,,,A,C131005,Bank KRN Pakistan- BAFL (1005639975),-7.30E+07,0,0,-7.30E+07,Karandaaz PK,Karandaaz PK,Period to date balance type.,Jul-26,PKR,T,Total,,PKR,Natural Account and Additional Segment,Actual,,,,2026-08-20T10:18:09+00:00,Company,Programmes,Natural Account,N
Karandaaz PK,11,Karandaaz,511,Own Source Revenue,,,A,C131006,Bank KRN Pakistan - JS BANK (0001268157),-5.00E+08,0,0,-5.00E+08,Karandaaz PK,Karandaaz PK,Period to date balance type.,Jul-26,PKR,T,Total,,PKR,Natural Account and Additional Segment,Actual,,,,2026-08-20T10:18:09+00:00,Company,Programmes,Natural Account,N
Karandaaz PK,11,Karandaaz,511,Own Source Revenue,,,A,C131007,JSBL Reon Bank (0001931470),-1.10E+08,0,0,-1.10E+08,Karandaaz PK,Karandaaz PK,Period to date balance type.,Jul-26,PKR,T,Total,,PKR,Natural Account and Additional Segment,Actual,,,,2026-08-20T10:18:09+00:00,Company,Programmes,Natural Account,N
Karandaaz PK,11,Karandaaz,511,Own Source Revenue,,,A,C161001,Impairment Provision under IFRS 9 -Other Loans,58875644,0,0,58875644,Karandaaz PK,Karandaaz PK,Period to date balance type.,Jul-26,PKR,T,Total,,PKR,Natural Account and Additional Segment,Actual,,,,2026-08-20T10:18:09+00:00,Company,Programmes,Natural Account,N
Karandaaz PK,11,Karandaaz,511,Own Source Revenue,,,A,C161004,MIB SME Loans - Principal Receivable,3.13E+06,0,0,3.13E+06,Karandaaz PK,Karandaaz PK,Period to date balance type.,Jul-26,PKR,T,Total,,PKR,Natural Account and Additional Segment,Actual,,,,2026-08-20T10:18:09+00:00,Company,Programmes,Natural Account,N
Karandaaz PK,11,Karandaaz,511,Own Source Revenue,,,A,C161008,MBL-SME Loans-Principle Receivable,2.90E+08,0,0,2.90E+08,Karandaaz PK,Karandaaz PK,Period to date balance type.,Jul-26,PKR,T,Total,,PKR,Natural Account and Additional Segment,Actual,,,,2026-08-20T10:18:09+00:00,Company,Programmes,Natural Account,N
Karandaaz PK,11,Karandaaz,511,Own Source Revenue,,,A,C161010,BAFL-SME Loans-Principal Receivable,1.68E+08,0,0,1.68E+08,Karandaaz PK,Karandaaz PK,Period to date balance type.,Jul-26,PKR,T,Total,,PKR,Natural Account and Additional Segment,Actual,,,,2026-08-20T10:18:09+00:00,Company,Programmes,Natural Account,N
Karandaaz PK,11,Karandaaz,511,Own Source Revenue,,,A,C161012,BAFL SME's - Variable Expenses,3946373,0,0,3946373,Karandaaz PK,Karandaaz PK,Period to date balance type.,Jul-26,PKR,T,Total,,PKR,Natural Account and Additional Segment,Actual,,,,2026-08-20T10:18:09+00:00,Company,Programmes,Natural Account,N
Karandaaz PK,11,Karandaaz,511,Own Source Revenue,,,A,C161013,JSBL-SME Loans-Principle Receivable,1.70E+08,0,0,1.70E+08,Karandaaz PK,Karandaaz PK,Period to date balance type.,Jul-26,PKR,T,Total,,PKR,Natural Account and Additional Segment,Actual,,,,2026-08-20T10:18:09+00:00,Company,Programmes,Natural Account,N
Karandaaz PK,11,Karandaaz,511,Own Source Revenue,,,A,C161014,JSBL - SME - Markup Receivable,-228544,0,0,-228544,Karandaaz PK,Karandaaz PK,Period to date balance type.,Jul-26,PKR,T,Total,,PKR,Natural Account and Additional Segment,Actual,,,,2026-08-20T10:18:09+00:00,Company,Programmes,Natural Account,N
Karandaaz PK,11,Karandaaz,511,Own Source Revenue,,,A,C161019,JSBL Principal Receivable,3866497,0,0,3866497,Karandaaz PK,Karandaaz PK,Period to date balance type.,Jul-26,PKR,T,Total,,PKR,Natural Account and Additional Segment,Actual,,,,2026-08-20T10:18:09+00:00,Company,Programmes,Natural Account,N
Karandaaz PK,11,Karandaaz,511,Own Source Revenue,,,A,C181002,Investment in PMIC,-3.30E+07,0,0,-3.30E+07,Karandaaz PK,Karandaaz PK,Period to date balance type.,Jul-26,PKR,T,Total,,PKR,Natural Account and Additional Segment,Actual,,,,2026-08-20T10:18:09+00:00,Company,Programmes,Natural Account,N
Karandaaz PK,11,Karandaaz,511,Own Source Revenue,,,A,C181004,Investment in Wahdat Poultry Farms,0,0,0,0,Karandaaz PK,Karandaaz PK,Period to date balance type.,Jul-26,PKR,T,Total,,PKR,Natural Account and Additional Segment,Actual,,,,2026-08-20T10:18:09+00:00,Company,Programmes,Natural Account,N
Karandaaz PK,11,Karandaaz,511,Own Source Revenue,,,A,C181008,Advance for share deposit money,2.64E+09,0,0,2.64E+09,Karandaaz PK,Karandaaz PK,Period to date balance type.,Jul-26,PKR,T,Total,,PKR,Natural Account and Additional Segment,Actual,,,,2026-08-20T10:18:09+00:00,Company,Programmes,Natural Account,N
Karandaaz PK,11,Karandaaz,511,Own Source Revenue,,,A,C211001,Investment in SLG,-2.20E+08,0,0,-2.20E+08,Karandaaz PK,Karandaaz PK,Period to date balance type.,Jul-26,PKR,T,Total,,PKR,Natural Account and Additional Segment,Actual,,,,2026-08-20T10:18:09+00:00,Company,Programmes,Natural Account,N
Karandaaz PK,11,Karandaaz,511,Own Source Revenue,,,A,C211002,Investment in Excel Labs Pvt Ltd,-1.50E+08,0,0,-1.50E+08,Karandaaz PK,Karandaaz PK,Period to date balance type.,Jul-26,PKR,T,Total,,PKR,Natural Account and Additional Segment,Actual,,,,2026-08-20T10:18:09+00:00,Company,Programmes,Natural Account,N
Karandaaz PK,11,Karandaaz,511,Own Source Revenue,,,A,C211004,Investment in IHV KTZ Pvt Ltd,-2.60E+07,0,0,-2.60E+07,Karandaaz PK,Karandaaz PK,Period to date balance type.,Jul-26,PKR,T,Total,,PKR,Natural Account and Additional Segment,Actual,,,,2026-08-20T10:18:09+00:00,Company,Programmes,Natural Account,N
Karandaaz PK,11,Karandaaz,511,Own Source Revenue,,,A,C231001,Loan to EBR Energy,14739125,0,0,14739125,Karandaaz PK,Karandaaz PK,Period to date balance type.,Jul-26,PKR,T,Total,,PKR,Natural Account and Additional Segment,Actual,,,,2026-08-20T10:18:09+00:00,Company,Programmes,Natural Account,N
Karandaaz PK,11,Karandaaz,511,Own Source Revenue,,,A,C231006,Long term Loan - ORIX TFF,0,0,0,0,Karandaaz PK,Karandaaz PK,Period to date balance type.,Jul-26,PKR,T,Total,,PKR,Natural Account and Additional Segment,Actual,,,,2026-08-20T10:18:09+00:00,Company,Programmes,Natural Account,N
Karandaaz PK,11,Karandaaz,511,Own Source Revenue,,,A,C231009,Loan to JSk Feeds,-2.60E+07,0,0,-2.60E+07,Karandaaz PK,Karandaaz PK,Period to date balance type.,Jul-26,PKR,T,Total,,PKR,Natural Account and Additional Segment,Actual,,,,2026-08-20T10:18:09+00:00,Company,Programmes,Natural Account,N
Karandaaz PK,11,Karandaaz,511,Own Source Revenue,,,A,C231011,Convertible Loan to BFBL,-3.30E+08,0,0,-3.30E+08,Karandaaz PK,Karandaaz PK,Period to date balance type.,Jul-26,PKR,T,Total,,PKR,Natural Account and Additional Segment,Actual,,,,2026-08-20T10:18:09+00:00,Company,Programmes,Natural Account,N
Karandaaz PK,11,Karandaaz,511,Own Source Revenue,,,A,C231012,Shareholders loan to Wahdat Poultry Farm,-4.10E+07,0,0,-4.10E+07,Karandaaz PK,Karandaaz PK,Period to date balance type.,Jul-26,PKR,T,Total,,PKR,Natural Account and Additional Segment,Actual,,,,2026-08-20T10:18:09+00:00,Company,Programmes,Natural Account,N
Karandaaz PK,11,Karandaaz,511,Own Source Revenue,,,A,C231015,Convertible Loans,-7.10E+07,0,0,-7.10E+07,Karandaaz PK,Karandaaz PK,Period to date balance type.,Jul-26,PKR,T,Total,,PKR,Natural Account and Additional Segment,Actual,,,,2026-08-20T10:18:09+00:00,Company,Programmes,Natural Account,N
Karandaaz PK,11,Karandaaz,511,Own Source Revenue,,,A,C231019,Equity Investment in Techlogix,-1.20E+08,0,0,-1.20E+08,Karandaaz PK,Karandaaz PK,Period to date balance type.,Jul-26,PKR,T,Total,,PKR,Natural Account and Additional Segment,Actual,,,,2026-08-20T10:18:09+00:00,Company,Programmes,Natural Account,N
Karandaaz PK,11,Karandaaz,511,Own Source Revenue,,,A,C231021,Loan to JSk Feeds,-8.20E+07,0,0,-8.20E+07,Karandaaz PK,Karandaaz PK,Period to date balance type.,Jul-26,PKR,T,Total,,PKR,Natural Account and Additional Segment,Actual,,,,2026-08-20T10:18:09+00:00,Company,Programmes,Natural Account,N
Karandaaz PK,11,Karandaaz,511,Own Source Revenue,,,A,C231023,Loans to Gandhara,-1.50E+08,0,0,-1.50E+08,Karandaaz PK,Karandaaz PK,Period to date balance type.,Jul-26,PKR,T,Total,,PKR,Natural Account and Additional Segment,Actual,,,,2026-08-20T10:18:09+00:00,Company,Programmes,Natural Account,N
Karandaaz PK,11,Karandaaz,511,Own Source Revenue,,,A,C231024,Loans to Albario,2.13E+08,0,0,2.13E+08,Karandaaz PK,Karandaaz PK,Period to date balance type.,Jul-26,PKR,T,Total,,PKR,Natural Account and Additional Segment,Actual,,,,2026-08-20T10:18:09+00:00,Company,Programmes,Natural Account,N
Karandaaz PK,11,Karandaaz,511,Own Source Revenue,,,A,C231028,Loan To Dawood Engineering Ltd,0.00E+00,0,0,0.00E+00,Karandaaz PK,Karandaaz PK,Period to date balance type.,Jul-26,PKR,T,Total,,PKR,Natural Account and Additional Segment,Actual,,,,2026-08-20T10:18:09+00:00,Company,Programmes,Natural Account,N
Karandaaz PK,11,Karandaaz,511,Own Source Revenue,,,A,C231030,CONVERTIBLE LOAN TO IHV KTZ,-4.90E+08,0,0,-4.90E+08,Karandaaz PK,Karandaaz PK,Period to date balance type.,Jul-26,PKR,T,Total,,PKR,Natural Account and Additional Segment,Actual,,,,2026-08-20T10:18:09+00:00,Company,Programmes,Natural Account,N
Karandaaz PK,11,Karandaaz,511,Own Source Revenue,,,A,C231031,WV LOANS PFSL,-8874232,0,0,-8874232,Karandaaz PK,Karandaaz PK,Period to date balance type.,Jul-26,PKR,T,Total,,PKR,Natural Account and Additional Segment,Actual,,,,2026-08-20T10:18:09+00:00,Company,Programmes,Natural Account,N
Karandaaz PK,11,Karandaaz,511,Own Source Revenue,,,A,C231032,CIC Loans PFSL,1.28E+09,0,0,1.28E+09,Karandaaz PK,Karandaaz PK,Period to date balance type.,Jul-26,PKR,T,Total,,PKR,Natural Account and Additional Segment,Actual,,,,2026-08-20T10:18:09+00:00,Company,Programmes,Natural Account,N
Karandaaz PK,11,Karandaaz,511,Own Source Revenue,,,A,C231033,ORIX TFF - Term 4,7.00E+08,0,0,7.00E+08,Karandaaz PK,Karandaaz PK,Period to date balance type.,Jul-26,PKR,T,Total,,PKR,Natural Account and Additional Segment,Actual,,,,2026-08-20T10:18:09+00:00,Company,Programmes,Natural Account,N
Karandaaz PK,11,Karandaaz,511,Own Source Revenue,,,A,C231034,INFRALECTRIC - MIF,2.24E+08,0,0,2.24E+08,Karandaaz PK,Karandaaz PK,Period to date balance type.,Jul-26,PKR,T,Total,,PKR,Natural Account and Additional Segment,Actual,,,,2026-08-20T10:18:09+00:00,Company,Programmes,Natural Account,N
Karandaaz PK,11,Karandaaz,511,Own Source Revenue,,,A,C231035,ICL Power - Synd Finance,2.03E+08,0,0,2.03E+08,Karandaaz PK,Karandaaz PK,Period to date balance type.,Jul-26,PKR,T,Total,,PKR,Natural Account and Additional Segment,Actual,,,,2026-08-20T10:18:09+00:00,Company,Programmes,Natural Account,N
Karandaaz PK,11,Karandaaz,511,Own Source Revenue,,,A,C231036,Alkaram Textile Mills - Synd Finance,2.50E+08,0,0,2.50E+08,Karandaaz PK,Karandaaz PK,Period to date balance type.,Jul-26,PKR,T,Total,,PKR,Natural Account and Additional Segment,Actual,,,,2026-08-20T10:18:09+00:00,Company,Programmes,Natural Account,N
Karandaaz PK,11,Karandaaz,511,Own Source Revenue,,,A,C241005,Bank KRN-ABL-Escrow ICF3 (0010009999990707),-1148171,0,0,-1148171,Karandaaz PK,Karandaaz PK,Period to date balance type.,Jul-26,PKR,T,Total,,PKR,Natural Account and Additional Segment,Actual,,,,2026-08-20T10:18:09+00:00,Company,Programmes,Natural Account,N
Karandaaz PK,11,Karandaaz,511,Own Source Revenue,,,A,C241007,Escrow Account - NBP,3814161,0,0,3814161,Karandaaz PK,Karandaaz PK,Period to date balance type.,Jul-26,PKR,T,Total,,PKR,Natural Account and Additional Segment,Actual,,,,2026-08-20T10:18:09+00:00,Company,Programmes,Natural Account,N
Karandaaz PK,11,Karandaaz,511,Own Source Revenue,,,A,C241008,Bank KRN-SNBL-Escrow IHV KTZ (20009608298),-52432.5,0,0,-52432.5,Karandaaz PK,Karandaaz PK,Period to date balance type.,Jul-26,PKR,T,Total,,PKR,Natural Account and Additional Segment,Actual,,,,2026-08-20T10:18:09+00:00,Company,Programmes,Natural Account,N
Karandaaz PK,11,Karandaaz,511,Own Source Revenue,,,A,F151002,Fixed Assets - Equipments,0,0,0,0,Karandaaz PK,Karandaaz PK,Period to date balance type.,Jul-26,PKR,T,Total,,PKR,Natural Account and Additional Segment,Actual,,,,2026-08-20T10:18:09+00:00,Company,Programmes,Natural Account,N
Karandaaz PK,11,Karandaaz,511,Own Source Revenue,,,A,F151003,Computers & Printers,0,0,0,0,Karandaaz PK,Karandaaz PK,Period to date balance type.,Jul-26,PKR,T,Total,,PKR,Natural Account and Additional Segment,Actual,,,,2026-08-20T10:18:09+00:00,Company,Programmes,Natural Account,N
Karandaaz PK,11,Karandaaz,511,Own Source Revenue,,,A,F151004,Furniture & Fixtures,0,0,0,0,Karandaaz PK,Karandaaz PK,Period to date balance type.,Jul-26,PKR,T,Total,,PKR,Natural Account and Additional Segment,Actual,,,,2026-08-20T10:18:09+00:00,Company,Programmes,Natural Account,N
Karandaaz PK,11,Karandaaz,511,Own Source Revenue,,,A,F152001,Furniture and Fixtures - Clearing Account,296568,0,0,296568,Karandaaz PK,Karandaaz PK,Period to date balance type.,Jul-26,PKR,T,Total,,PKR,Natural Account and Additional Segment,Actual,,,,2026-08-20T10:18:09+00:00,Company,Programmes,Natural Account,N
Karandaaz PK,11,Karandaaz,511,Own Source Revenue,,,A,F152002,Vehicles - Clearing Account,10367700,0,0,10367700,Karandaaz PK,Karandaaz PK,Period to date balance type.,Jul-26,PKR,T,Total,,PKR,Natural Account and Additional Segment,Actual,,,,2026-08-20T10:18:09+00:00,Company,Programmes,Natural Account,N
Karandaaz PK,11,Karandaaz,511,Own Source Revenue,,,A,F152003,Office Equipment - Clearing Account,3048770,114991,114991,3048770,Karandaaz PK,Karandaaz PK,Period to date balance type.,Jul-26,PKR,T,Total,,PKR,Natural Account and Additional Segment,Actual,,,,2026-08-20T10:18:09+00:00,Company,Programmes,Natural Account,N
Karandaaz PK,11,Karandaaz,511,Own Source Revenue,,,A,F152004,Computers - Clearing Account,5752864,0,0,5752864,Karandaaz PK,Karandaaz PK,Period to date balance type.,Jul-26,PKR,T,Total,,PKR,Natural Account and Additional Segment,Actual,,,,2026-08-20T10:18:09+00:00,Company,Programmes,Natural Account,N
Karandaaz PK,11,Karandaaz,511,Own Source Revenue,,,E,H101001,Bank Charges,0,0,0,0,Karandaaz PK,Karandaaz PK,Period to date balance type.,Jul-26,PKR,T,Total,,PKR,Natural Account and Additional Segment,Actual,,,,2026-08-20T10:18:09+00:00,Company,Programmes,Natural Account,N
Karandaaz PK,11,Karandaaz,511,Own Source Revenue,,,E,H103002,Capacity Building,0,61697,0,61697,Karandaaz PK,Karandaaz PK,Period to date balance type.,Jul-26,PKR,T,Total,,PKR,Natural Account and Additional Segment,Actual,,,,2026-08-20T10:18:09+00:00,Company,Programmes,Natural Account,N
Karandaaz PK,11,Karandaaz,511,Own Source Revenue,,,E,H104001,Travel,0,0,0,0,Karandaaz PK,Karandaaz PK,Period to date balance type.,Jul-26,PKR,T,Total,,PKR,Natural Account and Additional Segment,Actual,,,,2026-08-20T10:18:09+00:00,Company,Programmes,Natural Account,N
Karandaaz PK,11,Karandaaz,511,Own Source Revenue,,,E,H104002,BoD-Travel,0,0,0,0,Karandaaz PK,Karandaaz PK,Period to date balance type.,Jul-26,PKR,T,Total,,PKR,Natural Account and Additional Segment,Actual,,,,2026-08-20T10:18:09+00:00,Company,Programmes,Natural Account,N
Karandaaz PK,11,Karandaaz,511,Own Source Revenue,,,E,H104003,International Travel,0,0,0,0,Karandaaz PK,Karandaaz PK,Period to date balance type.,Jul-26,PKR,T,Total,,PKR,Natural Account and Additional Segment,Actual,,,,2026-08-20T10:18:09+00:00,Company,Programmes,Natural Account,N
Karandaaz PK,11,Karandaaz,511,Own Source Revenue,,,E,H105001,HR Consultancies & Internships,0,296542.5,0,296542.5,Karandaaz PK,Karandaaz PK,Period to date balance type.,Jul-26,PKR,T,Total,,PKR,Natural Account and Additional Segment,Actual,,,,2026-08-20T10:18:09+00:00,Company,Programmes,Natural Account,N
Karandaaz PK,11,Karandaaz,511,Own Source Revenue,,,E,H106001,Electricity,0,165832,0,165832,Karandaaz PK,Karandaaz PK,Period to date balance type.,Jul-26,PKR,T,Total,,PKR,Natural Account and Additional Segment,Actual,,,,2026-08-20T10:18:09+00:00,Company,Programmes,Natural Account,N
Karandaaz PK,11,Karandaaz,511,Own Source Revenue,,,E,H106002,Telephone & Internet,0,57170.5,0,57170.5,Karandaaz PK,Karandaaz PK,Period to date balance type.,Jul-26,PKR,T,Total,,PKR,Natural Account and Additional Segment,Actual,,,,2026-08-20T10:18:09+00:00,Company,Programmes,Natural Account,N
Karandaaz PK,11,Karandaaz,511,Own Source Revenue,,,E,H106003,Communication reimbursement,0,14838,0,14838,Karandaaz PK,Karandaaz PK,Period to date balance type.,Jul-26,PKR,T,Total,,PKR,Natural Account and Additional Segment,Actual,,,,2026-08-20T10:18:09+00:00,Company,Programmes,Natural Account,N
Karandaaz PK,11,Karandaaz,511,Own Source Revenue,,,E,H106006,Generator Expenses,0,110410,44164,66246,Karandaaz PK,Karandaaz PK,Period to date balance type.,Jul-26,PKR,T,Total,,PKR,Natural Account and Additional Segment,Actual,,,,2026-08-20T10:18:09+00:00,Company,Programmes,Natural Account,N
Karandaaz PK,11,Karandaaz,511,Own Source Revenue,,,E,H106007,Fuel reimbursement,0,2420903,0,2420903,Karandaaz PK,Karandaaz PK,Period to date balance type.,Jul-26,PKR,T,Total,,PKR,Natural Account and Additional Segment,Actual,,,,2026-08-20T10:18:09+00:00,Company,Programmes,Natural Account,N
Karandaaz PK,11,Karandaaz,511,Own Source Revenue,,,E,H107001,Depreciation Expense - Furnitures and Fixtures,0,0,0,0,Karandaaz PK,Karandaaz PK,Period to date balance type.,Jul-26,PKR,T,Total,,PKR,Natural Account and Additional Segment,Actual,,,,2026-08-20T10:18:09+00:00,Company,Programmes,Natural Account,N
Karandaaz PK,11,Karandaaz,511,Own Source Revenue,,,E,H107002,Depreciation Expense - Office Equipment,0,0,0,0,Karandaaz PK,Karandaaz PK,Period to date balance type.,Jul-26,PKR,T,Total,,PKR,Natural Account and Additional Segment,Actual,,,,2026-08-20T10:18:09+00:00,Company,Programmes,Natural Account,N
Karandaaz PK,11,Karandaaz,511,Own Source Revenue,,,E,H107004,Depreciation Expense - Computers,0,0,0,0,Karandaaz PK,Karandaaz PK,Period to date balance type.,Jul-26,PKR,T,Total,,PKR,Natural Account and Additional Segment,Actual,,,,2026-08-20T10:18:09+00:00,Company,Programmes,Natural Account,N
Karandaaz PK,11,Karandaaz,511,Own Source Revenue,,,E,H107005,Depreciation Expense - ROUA,0,0,0,0,Karandaaz PK,Karandaaz PK,Period to date balance type.,Jul-26,PKR,T,Total,,PKR,Natural Account and Additional Segment,Actual,,,,2026-08-20T10:18:09+00:00,Company,Programmes,Natural Account,N
Karandaaz PK,11,Karandaaz,511,Own Source Revenue,,,E,H108001,Road Transportation,0,0,0,0,Karandaaz PK,Karandaaz PK,Period to date balance type.,Jul-26,PKR,T,Total,,PKR,Natural Account and Additional Segment,Actual,,,,2026-08-20T10:18:09+00:00,Company,Programmes,Natural Account,N
Karandaaz PK,11,Karandaaz,511,Own Source Revenue,,,E,H108002,Vehicle Operations,0,350,0,350,Karandaaz PK,Karandaaz PK,Period to date balance type.,Jul-26,PKR,T,Total,,PKR,Natural Account and Additional Segment,Actual,,,,2026-08-20T10:18:09+00:00,Company,Programmes,Natural Account,N
Karandaaz PK,11,Karandaaz,511,Own Source Revenue,,,E,H108003,Vehicle Maintenance,0,100,0,100,Karandaaz PK,Karandaaz PK,Period to date balance type.,Jul-26,PKR,T,Total,,PKR,Natural Account and Additional Segment,Actual,,,,2026-08-20T10:18:09+00:00,Company,Programmes,Natural Account,N
Karandaaz PK,11,Karandaaz,511,Own Source Revenue,,,E,H108004,Vehicle Insurance - Amortization,0,5062.5,0,5062.5,Karandaaz PK,Karandaaz PK,Period to date balance type.,Jul-26,PKR,T,Total,,PKR,Natural Account and Additional Segment,Actual,,,,2026-08-20T10:18:09+00:00,Company,Programmes,Natural Account,N
Karandaaz PK,11,Karandaaz,511,Own Source Revenue,,,E,H109001,Directors - Trainings & Workshops,0,0,0,0,Karandaaz PK,Karandaaz PK,Period to date balance type.,Jul-26,PKR,T,Total,,PKR,Natural Account and Additional Segment,Actual,,,,2026-08-20T10:18:09+00:00,Company,Programmes,Natural Account,N
Karandaaz PK,11,Karandaaz,511,Own Source Revenue,,,E,H110002,Health Insurance - Amortization,0,1487289,0,1487289,Karandaaz PK,Karandaaz PK,Period to date balance type.,Jul-26,PKR,T,Total,,PKR,Natural Account and Additional Segment,Actual,,,,2026-08-20T10:18:09+00:00,Company,Programmes,Natural Account,N
Karandaaz PK,11,Karandaaz,511,Own Source Revenue,,,E,H113001,Exchange Gain,0,0,0,0,Karandaaz PK,Karandaaz PK,Period to date balance type.,Jul-26,PKR,T,Total,,PKR,Natural Account and Additional Segment,Actual,,,,2026-08-20T10:18:09+00:00,Company,Programmes,Natural Account,N
Karandaaz PK,11,Karandaaz,511,Own Source Revenue,,,E,H113002,Exchange Loss,0,0,0,0,Karandaaz PK,Karandaaz PK,Period to date balance type.,Jul-26,PKR,T,Total,,PKR,Natural Account and Additional Segment,Actual,,,,2026-08-20T10:18:09+00:00,Company,Programmes,Natural Account,N
Karandaaz PK,11,Karandaaz,511,Own Source Revenue,,,E,H115001,Meeting & Conferences,0,60822,0,60822,Karandaaz PK,Karandaaz PK,Period to date balance type.,Jul-26,PKR,T,Total,,PKR,Natural Account and Additional Segment,Actual,,,,2026-08-20T10:18:09+00:00,Company,Programmes,Natural Account,N
Karandaaz PK,11,Karandaaz,511,Own Source Revenue,,,E,H116001,Kitchen Supplies,0,1835.5,0,1835.5,Karandaaz PK,Karandaaz PK,Period to date balance type.,Jul-26,PKR,T,Total,,PKR,Natural Account and Additional Segment,Actual,,,,2026-08-20T10:18:09+00:00,Company,Programmes,Natural Account,N
Karandaaz PK,11,Karandaaz,511,Own Source Revenue,,,E,H116002,Cleaning Material,0,0,0,0,Karandaaz PK,Karandaaz PK,Period to date balance type.,Jul-26,PKR,T,Total,,PKR,Natural Account and Additional Segment,Actual,,,,2026-08-20T10:18:09+00:00,Company,Programmes,Natural Account,N
Karandaaz PK,11,Karandaaz,511,Own Source Revenue,,,E,H116003,Postage & Courier,0,0,1,-1,Karandaaz PK,Karandaaz PK,Period to date balance type.,Jul-26,PKR,T,Total,,PKR,Natural Account and Additional Segment,Actual,,,,2026-08-20T10:18:09+00:00,Company,Programmes,Natural Account,N
Karandaaz PK,11,Karandaaz,511,Own Source Revenue,,,E,H116004,Office Supplies,0,27001,0,27001,Karandaaz PK,Karandaaz PK,Period to date balance type.,Jul-26,PKR,T,Total,,PKR,Natural Account and Additional Segment,Actual,,,,2026-08-20T10:18:09+00:00,Company,Programmes,Natural Account,N
Karandaaz PK,11,Karandaaz,511,Own Source Revenue,,,E,H116006,IT Supplies,0,16250,0,16250,Karandaaz PK,Karandaaz PK,Period to date balance type.,Jul-26,PKR,T,Total,,PKR,Natural Account and Additional Segment,Actual,,,,2026-08-20T10:18:09+00:00,Company,Programmes,Natural Account,N
Karandaaz PK,11,Karandaaz,511,Own Source Revenue,,,E,H116007,IT - Repair and Maintenance,0,9204,0,9204,Karandaaz PK,Karandaaz PK,Period to date balance type.,Jul-26,PKR,T,Total,,PKR,Natural Account and Additional Segment,Actual,,,,2026-08-20T10:18:09+00:00,Company,Programmes,Natural Account,N
Karandaaz PK,11,Karandaaz,511,Own Source Revenue,,,E,H116008,Printer Monthly Rental and Usage,0,0,0,0,Karandaaz PK,Karandaaz PK,Period to date balance type.,Jul-26,PKR,T,Total,,PKR,Natural Account and Additional Segment,Actual,,,,2026-08-20T10:18:09+00:00,Company,Programmes,Natural Account,N
Karandaaz PK,11,Karandaaz,511,Own Source Revenue,,,E,H117001,Office Rent- Islamabad,0,1582801,0,1582801,Karandaaz PK,Karandaaz PK,Period to date balance type.,Jul-26,PKR,T,Total,,PKR,Natural Account and Additional Segment,Actual,,,,2026-08-20T10:18:09+00:00,Company,Programmes,Natural Account,N
Karandaaz PK,11,Karandaaz,511,Own Source Revenue,,,E,H118001,Amortization - Asset and Vehicles Insurance,0,19069.13,0,19069.13,Karandaaz PK,Karandaaz PK,Period to date balance type.,Jul-26,PKR,T,Total,,PKR,Natural Account and Additional Segment,Actual,,,,2026-08-20T10:18:09+00:00,Company,Programmes,Natural Account,N
Karandaaz PK,11,Karandaaz,511,Own Source Revenue,,,E,H119001,Boarding & Lodging,0,0,0,0,Karandaaz PK,Karandaaz PK,Period to date balance type.,Jul-26,PKR,T,Total,,PKR,Natural Account and Additional Segment,Actual,,,,2026-08-20T10:18:09+00:00,Company,Programmes,Natural Account,N
Karandaaz PK,11,Karandaaz,511,Own Source Revenue,,,E,H119002,BoD-Boarding & Lodging,0,0,0,0,Karandaaz PK,Karandaaz PK,Period to date balance type.,Jul-26,PKR,T,Total,,PKR,Natural Account and Additional Segment,Actual,,,,2026-08-20T10:18:09+00:00,Company,Programmes,Natural Account,N
Karandaaz PK,11,Karandaaz,511,Own Source Revenue,,,E,H119003,Perdiem,0,0,0,0,Karandaaz PK,Karandaaz PK,Period to date balance type.,Jul-26,PKR,T,Total,,PKR,Natural Account and Additional Segment,Actual,,,,2026-08-20T10:18:09+00:00,Company,Programmes,Natural Account,N
Karandaaz PK,11,Karandaaz,511,Own Source Revenue,,,E,H121001,Office Stationery,0,0,0,0,Karandaaz PK,Karandaaz PK,Period to date balance type.,Jul-26,PKR,T,Total,,PKR,Natural Account and Additional Segment,Actual,,,,2026-08-20T10:18:09+00:00,Company,Programmes,Natural Account,N
Karandaaz PK,11,Karandaaz,511,Own Source Revenue,,,E,H121002,Stationery Printing,0,0,0,0,Karandaaz PK,Karandaaz PK,Period to date balance type.,Jul-26,PKR,T,Total,,PKR,Natural Account and Additional Segment,Actual,,,,2026-08-20T10:18:09+00:00,Company,Programmes,Natural Account,N
Karandaaz PK,11,Karandaaz,511,Own Source Revenue,,,E,H122001,IT Consultancy,0,0,0,0,Karandaaz PK,Karandaaz PK,Period to date balance type.,Jul-26,PKR,T,Total,,PKR,Natural Account and Additional Segment,Actual,,,,2026-08-20T10:18:09+00:00,Company,Programmes,Natural Account,N
Karandaaz PK,11,Karandaaz,511,Own Source Revenue,,,E,H122002,External Audit,0,0,0,0,Karandaaz PK,Karandaaz PK,Period to date balance type.,Jul-26,PKR,T,Total,,PKR,Natural Account and Additional Segment,Actual,,,,2026-08-20T10:18:09+00:00,Company,Programmes,Natural Account,N
Karandaaz PK,11,Karandaaz,511,Own Source Revenue,,,E,H122004,Legal Charges,0,302082,0,302082,Karandaaz PK,Karandaaz PK,Period to date balance type.,Jul-26,PKR,T,Total,,PKR,Natural Account and Additional Segment,Actual,,,,2026-08-20T10:18:09+00:00,Company,Programmes,Natural Account,N
Karandaaz PK,11,Karandaaz,511,Own Source Revenue,,,E,H122005,Out of Pocket Ext-Audit,0,0,0,0,Karandaaz PK,Karandaaz PK,Period to date balance type.,Jul-26,PKR,T,Total,,PKR,Natural Account and Additional Segment,Actual,,,,2026-08-20T10:18:09+00:00,Company,Programmes,Natural Account,N
Karandaaz PK,11,Karandaaz,511,Own Source Revenue,,,E,H122007,Tax Consultancy,0,28750,0,28750,Karandaaz PK,Karandaaz PK,Period to date balance type.,Jul-26,PKR,T,Total,,PKR,Natural Account and Additional Segment,Actual,,,,2026-08-20T10:18:09+00:00,Company,Programmes,Natural Account,N
Karandaaz PK,11,Karandaaz,511,Own Source Revenue,,,E,H122010,External Audit Fee - Group Audits,0,0,0,0,Karandaaz PK,Karandaaz PK,Period to date balance type.,Jul-26,PKR,T,Total,,PKR,Natural Account and Additional Segment,Actual,,,,2026-08-20T10:18:09+00:00,Company,Programmes,Natural Account,N
Karandaaz PK,11,Karandaaz,511,Own Source Revenue,,,E,H123003,Daily Wages,0,0,0,0,Karandaaz PK,Karandaaz PK,Period to date balance type.,Jul-26,PKR,T,Total,,PKR,Natural Account and Additional Segment,Actual,,,,2026-08-20T10:18:09+00:00,Company,Programmes,Natural Account,N
Karandaaz PK,11,Karandaaz,511,Own Source Revenue,,,E,H123005,Staff Training,0,0,0,0,Karandaaz PK,Karandaaz PK,Period to date balance type.,Jul-26,PKR,T,Total,,PKR,Natural Account and Additional Segment,Actual,,,,2026-08-20T10:18:09+00:00,Company,Programmes,Natural Account,N
Karandaaz PK,11,Karandaaz,511,Own Source Revenue,,,E,H123006,EOBI Expense,0,99123,0,99123,Karandaaz PK,Karandaaz PK,Period to date balance type.,Jul-26,PKR,T,Total,,PKR,Natural Account and Additional Segment,Actual,,,,2026-08-20T10:18:09+00:00,Company,Programmes,Natural Account,N
Karandaaz PK,11,Karandaaz,511,Own Source Revenue,,,E,H124001,Office Repair & Maintenance,0,180,0,180,Karandaaz PK,Karandaaz PK,Period to date balance type.,Jul-26,PKR,T,Total,,PKR,Natural Account and Additional Segment,Actual,,,,2026-08-20T10:18:09+00:00,Company,Programmes,Natural Account,N
Karandaaz PK,11,Karandaaz,511,Own Source Revenue,,,E,H124002,Equipment Repair & Maintenance,0,0,0,0,Karandaaz PK,Karandaaz PK,Period to date balance type.,Jul-26,PKR,T,Total,,PKR,Natural Account and Additional Segment,Actual,,,,2026-08-20T10:18:09+00:00,Company,Programmes,Natural Account,N
Karandaaz PK,11,Karandaaz,511,Own Source Revenue,,,E,H125001,Software Annual Support Services,0,132653.6,0,132653.6,Karandaaz PK,Karandaaz PK,Period to date balance type.,Jul-26,PKR,T,Total,,PKR,Natural Account and Additional Segment,Actual,,,,2026-08-20T10:18:09+00:00,Company,Programmes,Natural Account,N
Karandaaz PK,11,Karandaaz,511,Own Source Revenue,,,E,H125002,Annual License fee - Amortization,0,0,0,0,Karandaaz PK,Karandaaz PK,Period to date balance type.,Jul-26,PKR,T,Total,,PKR,Natural Account and Additional Segment,Actual,,,,2026-08-20T10:18:09+00:00,Company,Programmes,Natural Account,N
Karandaaz PK,11,Karandaaz,511,Own Source Revenue,,,E,H125003,ERP support and maintenance cost,0,0,0,0,Karandaaz PK,Karandaaz PK,Period to date balance type.,Jul-26,PKR,T,Total,,PKR,Natural Account and Additional Segment,Actual,,,,2026-08-20T10:18:09+00:00,Company,Programmes,Natural Account,N
Karandaaz PK,11,Karandaaz,511,Own Source Revenue,,,E,H126001,Fee & Subscription,0,0,0,0,Karandaaz PK,Karandaaz PK,Period to date balance type.,Jul-26,PKR,T,Total,,PKR,Natural Account and Additional Segment,Actual,,,,2026-08-20T10:18:09+00:00,Company,Programmes,Natural Account,N
Karandaaz PK,11,Karandaaz,511,Own Source Revenue,,,E,H126002,Employee Engagement,0,20630.5,0,20630.5,Karandaaz PK,Karandaaz PK,Period to date balance type.,Jul-26,PKR,T,Total,,PKR,Natural Account and Additional Segment,Actual,,,,2026-08-20T10:18:09+00:00,Company,Programmes,Natural Account,N
Karandaaz PK,11,Karandaaz,511,Own Source Revenue,,,E,H126004,Corporate Social Responsibility,0,0,0,0,Karandaaz PK,Karandaaz PK,Period to date balance type.,Jul-26,PKR,T,Total,,PKR,Natural Account and Additional Segment,Actual,,,,2026-08-20T10:18:09+00:00,Company,Programmes,Natural Account,N
Karandaaz PK,11,Karandaaz,511,Own Source Revenue,,,E,H126005,SPOT recognition,0,76500,0,76500,Karandaaz PK,Karandaaz PK,Period to date balance type.,Jul-26,PKR,T,Total,,PKR,Natural Account and Additional Segment,Actual,,,,2026-08-20T10:18:09+00:00,Company,Programmes,Natural Account,N
Karandaaz PK,11,Karandaaz,511,Own Source Revenue,,,E,H128001,Guards & Janitorial Services,0,333368,0,333368,Karandaaz PK,Karandaaz PK,Period to date balance type.,Jul-26,PKR,T,Total,,PKR,Natural Account and Additional Segment,Actual,,,,2026-08-20T10:18:09+00:00,Company,Programmes,Natural Account,N
Karandaaz PK,11,Karandaaz,511,Own Source Revenue,,,E,H128002,Corporate and Social Responsibility,0,0,0,0,Karandaaz PK,Karandaaz PK,Period to date balance type.,Jul-26,PKR,T,Total,,PKR,Natural Account and Additional Segment,Actual,,,,2026-08-20T10:18:09+00:00,Company,Programmes,Natural Account,N
Karandaaz PK,11,Karandaaz,511,Own Source Revenue,,,E,H129006,Directors & officers liability insurance,0,135595.8,0,135595.8,Karandaaz PK,Karandaaz PK,Period to date balance type.,Jul-26,PKR,T,Total,,PKR,Natural Account and Additional Segment,Actual,,,,2026-08-20T10:18:09+00:00,Company,Programmes,Natural Account,N
Karandaaz PK,11,Karandaaz,511,Own Source Revenue,,,E,H129008,Other Expense,0,0,0,0,Karandaaz PK,Karandaaz PK,Period to date balance type.,Jul-26,PKR,T,Total,,PKR,Natural Account and Additional Segment,Actual,,,,2026-08-20T10:18:09+00:00,Company,Programmes,Natural Account,N
Karandaaz PK,11,Karandaaz,511,Own Source Revenue,,,E,H129009,JSK Feeds - Management Expense,0,0,0,0,Karandaaz PK,Karandaaz PK,Period to date balance type.,Jul-26,PKR,T,Total,,PKR,Natural Account and Additional Segment,Actual,,,,2026-08-20T10:18:09+00:00,Company,Programmes,Natural Account,N
Karandaaz PK,11,Karandaaz,511,Own Source Revenue,,,E,H129018,Finance Cost on Lease Liability,0,0,0,0,Karandaaz PK,Karandaaz PK,Period to date balance type.,Jul-26,PKR,T,Total,,PKR,Natural Account and Additional Segment,Actual,,,,2026-08-20T10:18:09+00:00,Company,Programmes,Natural Account,N
Karandaaz PK,11,Karandaaz,511,Own Source Revenue,,,E,H129021,Life Insurance - Amortization,0,97308,0,97308,Karandaaz PK,Karandaaz PK,Period to date balance type.,Jul-26,PKR,T,Total,,PKR,Natural Account and Additional Segment,Actual,,,,2026-08-20T10:18:09+00:00,Company,Programmes,Natural Account,N
Karandaaz PK,11,Karandaaz,511,Own Source Revenue,,,E,H129033,Management fee expense PFSL,0,0,0,0,Karandaaz PK,Karandaaz PK,Period to date balance type.,Jul-26,PKR,T,Total,,PKR,Natural Account and Additional Segment,Actual,,,,2026-08-20T10:18:09+00:00,Company,Programmes,Natural Account,N
Karandaaz PK,11,Karandaaz,511,Own Source Revenue,,,E,H129037,Brokerage fee and Ancillary charges,0,0,0,0,Karandaaz PK,Karandaaz PK,Period to date balance type.,Jul-26,PKR,T,Total,,PKR,Natural Account and Additional Segment,Actual,,,,2026-08-20T10:18:09+00:00,Company,Programmes,Natural Account,N
Karandaaz PK,11,Karandaaz,511,Own Source Revenue,,,E,H130002,Cross-Currency Rounding Account,0,0,0,0,Karandaaz PK,Karandaaz PK,Period to date balance type.,Jul-26,PKR,T,Total,,PKR,Natural Account and Additional Segment,Actual,,,,2026-08-20T10:18:09+00:00,Company,Programmes,Natural Account,N
Karandaaz PK,11,Karandaaz,511,Own Source Revenue,,,E,H130003,Board and Committee Meetings,0,0,0,0,Karandaaz PK,Karandaaz PK,Period to date balance type.,Jul-26,PKR,T,Total,,PKR,Natural Account and Additional Segment,Actual,,,,2026-08-20T10:18:09+00:00,Company,Programmes,Natural Account,N
Karandaaz PK,11,Karandaaz,511,Own Source Revenue,,,E,H13003D,Dummy account as of June-22,0,0,0,0,Karandaaz PK,Karandaaz PK,Period to date balance type.,Jul-26,PKR,T,Total,,PKR,Natural Account and Additional Segment,Actual,,,,2026-08-20T10:18:09+00:00,Company,Programmes,Natural Account,N
Karandaaz PK,11,Karandaaz,511,Own Source Revenue,,,L,H131001,Lease Liability - ROUA,11186779,0,0,11186779,Karandaaz PK,Karandaaz PK,Period to date balance type.,Jul-26,PKR,T,Total,,PKR,Natural Account and Additional Segment,Actual,,,,2026-08-20T10:18:09+00:00,Company,Programmes,Natural Account,N
Karandaaz PK,11,Karandaaz,511,Own Source Revenue,,,A,H171002,Income Tax Refundable on Bank Profits,-9073365,0,0,-9073365,Karandaaz PK,Karandaaz PK,Period to date balance type.,Jul-26,PKR,T,Total,,PKR,Natural Account and Additional Segment,Actual,,,,2026-08-20T10:18:09+00:00,Company,Programmes,Natural Account,N
Karandaaz PK,11,Karandaaz,511,Own Source Revenue,,,A,H171006,Advance Tax on Events,-1345259,0,0,-1345259,Karandaaz PK,Karandaaz PK,Period to date balance type.,Jul-26,PKR,T,Total,,PKR,Natural Account and Additional Segment,Actual,,,,2026-08-20T10:18:09+00:00,Company,Programmes,Natural Account,N
Karandaaz PK,11,Karandaaz,511,Own Source Revenue,,,A,H171018,Income Tax Refundable - ICF Escrow,-158180,0,0,-158180,Karandaaz PK,Karandaaz PK,Period to date balance type.,Jul-26,PKR,T,Total,,PKR,Natural Account and Additional Segment,Actual,,,,2026-08-20T10:18:09+00:00,Company,Programmes,Natural Account,N
Karandaaz PK,11,Karandaaz,511,Own Source Revenue,,,L,H211001,Payable to vendors - Goods,0.00E+00,277666,277666,0.00E+00,Karandaaz PK,Karandaaz PK,Period to date balance type.,Jul-26,PKR,T,Total,,PKR,Natural Account and Additional Segment,Actual,,,,2026-08-20T10:18:09+00:00,Company,Programmes,Natural Account,N
Karandaaz PK,11,Karandaaz,511,Own Source Revenue,,,L,H211002,Payable to vendors - Services,-5424609,11476735,8318582,-2266456,Karandaaz PK,Karandaaz PK,Period to date balance type.,Jul-26,PKR,T,Total,,PKR,Natural Account and Additional Segment,Actual,,,,2026-08-20T10:18:09+00:00,Company,Programmes,Natural Account,N
Karandaaz PK,11,Karandaaz,511,Own Source Revenue,,,L,H211005,Payable to NCGC,137800,0,0,137800,Karandaaz PK,Karandaaz PK,Period to date balance type.,Jul-26,PKR,T,Total,,PKR,Natural Account and Additional Segment,Actual,,,,2026-08-20T10:18:09+00:00,Company,Programmes,Natural Account,N
Karandaaz PK,11,Karandaaz,511,Own Source Revenue,,,L,H211006,Payable to PFSL,18975358,0,0,18975358,Karandaaz PK,Karandaaz PK,Period to date balance type.,Jul-26,PKR,T,Total,,PKR,Natural Account and Additional Segment,Actual,,,,2026-08-20T10:18:09+00:00,Company,Programmes,Natural Account,N
Karandaaz PK,11,Karandaaz,511,Own Source Revenue,,,L,H211007,Creditors,1355563,0,0,1355563,Karandaaz PK,Karandaaz PK,Period to date balance type.,Jul-26,PKR,T,Total,,PKR,Natural Account and Additional Segment,Actual,,,,2026-08-20T10:18:09+00:00,Company,Programmes,Natural Account,N
Karandaaz PK,11,Karandaaz,511,Own Source Revenue,,,L,H212001,Payable to Employees,-99000,0,0,-99000,Karandaaz PK,Karandaaz PK,Period to date balance type.,Jul-26,PKR,T,Total,,PKR,Natural Account and Additional Segment,Actual,,,,2026-08-20T10:18:09+00:00,Company,Programmes,Natural Account,N
Karandaaz PK,11,Karandaaz,511,Own Source Revenue,,,L,H215002,Gratuity fund payable,-1179759,0,0,-1179759,Karandaaz PK,Karandaaz PK,Period to date balance type.,Jul-26,PKR,T,Total,,PKR,Natural Account and Additional Segment,Actual,,,,2026-08-20T10:18:09+00:00,Company,Programmes,Natural Account,N
Karandaaz PK,11,Karandaaz,511,Own Source Revenue,,,L,H215003,Staff training - Payable,3536314,0,0,3536314,Karandaaz PK,Karandaaz PK,Period to date balance type.,Jul-26,PKR,T,Total,,PKR,Natural Account and Additional Segment,Actual,,,,2026-08-20T10:18:09+00:00,Company,Programmes,Natural Account,N
Karandaaz PK,11,Karandaaz,511,Own Source Revenue,,,O,H291003,Restricted Grant - FCDO EAGR (CDEL),-2.60E+09,0,0,-2.60E+09,Karandaaz PK,Karandaaz PK,Period to date balance type.,Jul-26,PKR,T,Total,,PKR,Natural Account and Additional Segment,Actual,,,,2026-08-20T10:18:09+00:00,Company,Programmes,Natural Account,N
Karandaaz PK,11,Karandaaz,511,Own Source Revenue,,,A,H320001,Accumulated Depreciation - ROUA,-3.30E+07,0,0,-3.30E+07,Karandaaz PK,Karandaaz PK,Period to date balance type.,Jul-26,PKR,T,Total,,PKR,Natural Account and Additional Segment,Actual,,,,2026-08-20T10:18:09+00:00,Company,Programmes,Natural Account,N
Karandaaz PK,11,Karandaaz,511,Own Source Revenue,,,A,H340001,Accrued Interest Income,-4.80E+08,0,0,-4.80E+08,Karandaaz PK,Karandaaz PK,Period to date balance type.,Jul-26,PKR,T,Total,,PKR,Natural Account and Additional Segment,Actual,,,,2026-08-20T10:18:09+00:00,Company,Programmes,Natural Account,N
Karandaaz PK,11,Karandaaz,511,Own Source Revenue,,,A,H340002,Impairment Provision Other income,10043911,0,0,10043911,Karandaaz PK,Karandaaz PK,Period to date balance type.,Jul-26,PKR,T,Total,,PKR,Natural Account and Additional Segment,Actual,,,,2026-08-20T10:18:09+00:00,Company,Programmes,Natural Account,N
Karandaaz PK,11,Karandaaz,511,Own Source Revenue,,,A,H340003,Accrued Interest - Treasury Income,74561759,0,0,74561759,Karandaaz PK,Karandaaz PK,Period to date balance type.,Jul-26,PKR,T,Total,,PKR,Natural Account and Additional Segment,Actual,,,,2026-08-20T10:18:09+00:00,Company,Programmes,Natural Account,N
Karandaaz PK,11,Karandaaz,511,Own Source Revenue,,,A,H351001,Advances to Employees,-36538.5,0,0,-36538.5,Karandaaz PK,Karandaaz PK,Period to date balance type.,Jul-26,PKR,T,Total,,PKR,Natural Account and Additional Segment,Actual,,,,2026-08-20T10:18:09+00:00,Company,Programmes,Natural Account,N
Karandaaz PK,11,Karandaaz,511,Own Source Revenue,,,A,H361001,Advances to Vendors - Services,9128932,0,0,9128932,Karandaaz PK,Karandaaz PK,Period to date balance type.,Jul-26,PKR,T,Total,,PKR,Natural Account and Additional Segment,Actual,,,,2026-08-20T10:18:09+00:00,Company,Programmes,Natural Account,N
Karandaaz PK,11,Karandaaz,511,Own Source Revenue,,,A,H370005,Post - Receivable from Parwaz Financial Services,-1.40E+08,0,0,-1.40E+08,Karandaaz PK,Karandaaz PK,Period to date balance type.,Jul-26,PKR,T,Total,,PKR,Natural Account and Additional Segment,Actual,,,,2026-08-20T10:18:09+00:00,Company,Programmes,Natural Account,N
Karandaaz PK,11,Karandaaz,511,Own Source Revenue,,,A,H370018,Finance provided to PFSL,8.97E+08,0,0,8.97E+08,Karandaaz PK,Karandaaz PK,Period to date balance type.,Jul-26,PKR,T,Total,,PKR,Natural Account and Additional Segment,Actual,,,,2026-08-20T10:18:09+00:00,Company,Programmes,Natural Account,N
Karandaaz PK,11,Karandaaz,511,Own Source Revenue,,,A,H370019,Escrow Account ABL - ICF 3,0,0,0,0,Karandaaz PK,Karandaaz PK,Period to date balance type.,Jul-26,PKR,T,Total,,PKR,Natural Account and Additional Segment,Actual,,,,2026-08-20T10:18:09+00:00,Company,Programmes,Natural Account,N
Karandaaz PK,11,Karandaaz,511,Own Source Revenue,,,A,H370102,Receivable from vendors,2374.12,0,0,2374.12,Karandaaz PK,Karandaaz PK,Period to date balance type.,Jul-26,PKR,T,Total,,PKR,Natural Account and Additional Segment,Actual,,,,2026-08-20T10:18:09+00:00,Company,Programmes,Natural Account,N
Karandaaz PK,11,Karandaaz,511,Own Source Revenue,,,A,H370103,Other receivables,7718.17,0,0,7718.17,Karandaaz PK,Karandaaz PK,Period to date balance type.,Jul-26,PKR,T,Total,,PKR,Natural Account and Additional Segment,Actual,,,,2026-08-20T10:18:09+00:00,Company,Programmes,Natural Account,N
Karandaaz PK,11,Karandaaz,511,Own Source Revenue,,,A,H380001,Rent - Prepayment,15540228,0,0,15540228,Karandaaz PK,Karandaaz PK,Period to date balance type.,Jul-26,PKR,T,Total,,PKR,Natural Account and Additional Segment,Actual,,,,2026-08-20T10:18:09+00:00,Company,Programmes,Natural Account,N
Karandaaz PK,11,Karandaaz,511,Own Source Revenue,,,A,H380002,Assets Insurance - Prepayment,645849.8,0,0,645849.8,Karandaaz PK,Karandaaz PK,Period to date balance type.,Jul-26,PKR,T,Total,,PKR,Natural Account and Additional Segment,Actual,,,,2026-08-20T10:18:09+00:00,Company,Programmes,Natural Account,N
Karandaaz PK,11,Karandaaz,511,Own Source Revenue,,,A,H380003,Health Insurance - Prepayment,34995172,596072.5,0,35591245,Karandaaz PK,Karandaaz PK,Period to date balance type.,Jul-26,PKR,T,Total,,PKR,Natural Account and Additional Segment,Actual,,,,2026-08-20T10:18:09+00:00,Company,Programmes,Natural Account,N
Karandaaz PK,11,Karandaaz,511,Own Source Revenue,,,A,H380004,Vehicle Insurance - Prepayment,296552.6,0,0,296552.6,Karandaaz PK,Karandaaz PK,Period to date balance type.,Jul-26,PKR,T,Total,,PKR,Natural Account and Additional Segment,Actual,,,,2026-08-20T10:18:09+00:00,Company,Programmes,Natural Account,N
Karandaaz PK,11,Karandaaz,511,Own Source Revenue,,,A,H380006,Life Insurance - Prepayment,2451881,0,0,2451881,Karandaaz PK,Karandaaz PK,Period to date balance type.,Jul-26,PKR,T,Total,,PKR,Natural Account and Additional Segment,Actual,,,,2026-08-20T10:18:09+00:00,Company,Programmes,Natural Account,N
Karandaaz PK,11,Karandaaz,511,Own Source Revenue,,,A,H390002,PSO Fuel Card Security,808132.5,0,0,808132.5,Karandaaz PK,Karandaaz PK,Period to date balance type.,Jul-26,PKR,T,Total,,PKR,Natural Account and Additional Segment,Actual,,,,2026-08-20T10:18:09+00:00,Company,Programmes,Natural Account,N
Karandaaz PK,11,Karandaaz,511,Own Source Revenue,,,A,H400001,S/T Investments - TDR,1.50E+09,0,0,1.50E+09,Karandaaz PK,Karandaaz PK,Period to date balance type.,Jul-26,PKR,T,Total,,PKR,Natural Account and Additional Segment,Actual,,,,2026-08-20T10:18:09+00:00,Company,Programmes,Natural Account,N
Karandaaz PK,11,Karandaaz,511,Own Source Revenue,,,A,H400002,Investments in T-Bill - HMBL,0,0,0,0,Karandaaz PK,Karandaaz PK,Period to date balance type.,Jul-26,PKR,T,Total,,PKR,Natural Account and Additional Segment,Actual,,,,2026-08-20T10:18:09+00:00,Company,Programmes,Natural Account,N
Karandaaz PK,11,Karandaaz,511,Own Source Revenue,,,A,H400003,Investments in TDR/T-Bill - HMBL,-2.50E+09,0,0,-2.50E+09,Karandaaz PK,Karandaaz PK,Period to date balance type.,Jul-26,PKR,T,Total,,PKR,Natural Account and Additional Segment,Actual,,,,2026-08-20T10:18:09+00:00,Company,Programmes,Natural Account,N
Karandaaz PK,11,Karandaaz,511,Own Source Revenue,,,A,H400006,Investment in TDR- Faysal OSR,0,0,0,0,Karandaaz PK,Karandaaz PK,Period to date balance type.,Jul-26,PKR,T,Total,,PKR,Natural Account and Additional Segment,Actual,,,,2026-08-20T10:18:09+00:00,Company,Programmes,Natural Account,N
Karandaaz PK,11,Karandaaz,511,Own Source Revenue,,,A,H400009,Investments in T-Bill - BAFL OSR,0,0,0,0,Karandaaz PK,Karandaaz PK,Period to date balance type.,Jul-26,PKR,T,Total,,PKR,Natural Account and Additional Segment,Actual,,,,2026-08-20T10:18:09+00:00,Company,Programmes,Natural Account,N
Karandaaz PK,11,Karandaaz,511,Own Source Revenue,,,A,H400010,Investments in T-Bill - UBL OSR,2.46E+09,0,0,2.46E+09,Karandaaz PK,Karandaaz PK,Period to date balance type.,Jul-26,PKR,T,Total,,PKR,Natural Account and Additional Segment,Actual,,,,2026-08-20T10:18:09+00:00,Company,Programmes,Natural Account,N
Karandaaz PK,11,Karandaaz,511,Own Source Revenue,,,E,I107004,Recovery agent fee for KRN WV parties,0,250000,0,250000,Karandaaz PK,Karandaaz PK,Period to date balance type.,Jul-26,PKR,T,Total,,PKR,Natural Account and Additional Segment,Actual,,,,2026-08-20T10:18:09+00:00,Company,Programmes,Natural Account,N
Karandaaz PK,11,Karandaaz,511,Own Source Revenue,,,E,I109004,Ancillary Cost / Portfolio through PFSL,0,0,0,0,Karandaaz PK,Karandaaz PK,Period to date balance type.,Jul-26,PKR,T,Total,,PKR,Natural Account and Additional Segment,Actual,,,,2026-08-20T10:18:09+00:00,Company,Programmes,Natural Account,N
Karandaaz PK,11,Karandaaz,511,Own Source Revenue,,,E,I112001,WV: Technical Assistance (BDS),0,0,0,0,Karandaaz PK,Karandaaz PK,Period to date balance type.,Jul-26,PKR,T,Total,,PKR,Natural Account and Additional Segment,Actual,,,,2026-08-20T10:18:09+00:00,Company,Programmes,Natural Account,N
Karandaaz PK,11,Karandaaz,511,Own Source Revenue,,,E,I114001,WV: Capacity Building Funds,0,0,0,0,Karandaaz PK,Karandaaz PK,Period to date balance type.,Jul-26,PKR,T,Total,,PKR,Natural Account and Additional Segment,Actual,,,,2026-08-20T10:18:09+00:00,Company,Programmes,Natural Account,N
Karandaaz PK,11,Karandaaz,511,Own Source Revenue,,,A,I171001,Software License Fee - Prepayment,21481.85,0,0,21481.85,Karandaaz PK,Karandaaz PK,Period to date balance type.,Jul-26,PKR,T,Total,,PKR,Natural Account and Additional Segment,Actual,,,,2026-08-20T10:18:09+00:00,Company,Programmes,Natural Account,N
Karandaaz PK,11,Karandaaz,511,Own Source Revenue,,,E,K102005,Green Economy- Developing Case Studies,0,0,0,0,Karandaaz PK,Karandaaz PK,Period to date balance type.,Jul-26,PKR,T,Total,,PKR,Natural Account and Additional Segment,Actual,,,,2026-08-20T10:18:09+00:00,Company,Programmes,Natural Account,N
Karandaaz PK,11,Karandaaz,511,Own Source Revenue,,,E,K102006,PR Services,0,210900.8,0,210900.8,Karandaaz PK,Karandaaz PK,Period to date balance type.,Jul-26,PKR,T,Total,,PKR,Natural Account and Additional Segment,Actual,,,,2026-08-20T10:18:09+00:00,Company,Programmes,Natural Account,N
Karandaaz PK,11,Karandaaz,511,Own Source Revenue,,,E,K102008,Product-Oriented Research on Select Agri Value Chains,0,0,0,0,Karandaaz PK,Karandaaz PK,Period to date balance type.,Jul-26,PKR,T,Total,,PKR,Natural Account and Additional Segment,Actual,,,,2026-08-20T10:18:09+00:00,Company,Programmes,Natural Account,N
Karandaaz PK,11,Karandaaz,511,Own Source Revenue,,,E,K102014,Website Maintenance+SEO,0,76647.06,0,76647.06,Karandaaz PK,Karandaaz PK,Period to date balance type.,Jul-26,PKR,T,Total,,PKR,Natural Account and Additional Segment,Actual,,,,2026-08-20T10:18:09+00:00,Company,Programmes,Natural Account,N
Karandaaz PK,11,Karandaaz,511,Own Source Revenue,,,E,K102015,Digital and Social Media,0,241258.2,0,241258.2,Karandaaz PK,Karandaaz PK,Period to date balance type.,Jul-26,PKR,T,Total,,PKR,Natural Account and Additional Segment,Actual,,,,2026-08-20T10:18:09+00:00,Company,Programmes,Natural Account,N
Karandaaz PK,11,Karandaaz,511,Own Source Revenue,,,E,K102016,Marketing Collateral,0,0,374.5,-374.5,Karandaaz PK,Karandaaz PK,Period to date balance type.,Jul-26,PKR,T,Total,,PKR,Natural Account and Additional Segment,Actual,,,,2026-08-20T10:18:09+00:00,Company,Programmes,Natural Account,N
Karandaaz PK,11,Karandaaz,511,Own Source Revenue,,,E,K102017,SME/CIC Market Visibility and Outreach,0,0,0,0,Karandaaz PK,Karandaaz PK,Period to date balance type.,Jul-26,PKR,T,Total,,PKR,Natural Account and Additional Segment,Actual,,,,2026-08-20T10:18:09+00:00,Company,Programmes,Natural Account,N
Karandaaz PK,11,Karandaaz,511,Own Source Revenue,,,E,K102020,"WV - Events, Videos, Briefs, etc. - on-going",0,0,0,0,Karandaaz PK,Karandaaz PK,Period to date balance type.,Jul-26,PKR,T,Total,,PKR,Natural Account and Additional Segment,Actual,,,,2026-08-20T10:18:09+00:00,Company,Programmes,Natural Account,N
Karandaaz PK,11,Karandaaz,511,Own Source Revenue,,,E,K102025,ICF Marketing & MEL,0,0,0,0,Karandaaz PK,Karandaaz PK,Period to date balance type.,Jul-26,PKR,T,Total,,PKR,Natural Account and Additional Segment,Actual,,,,2026-08-20T10:18:09+00:00,Company,Programmes,Natural Account,N
Karandaaz PK,11,Karandaaz,511,Own Source Revenue,,,E,K102026,"WV - Events, Videos, Briefs",0,0,0,0,Karandaaz PK,Karandaaz PK,Period to date balance type.,Jul-26,PKR,T,Total,,PKR,Natural Account and Additional Segment,Actual,,,,2026-08-20T10:18:09+00:00,Company,Programmes,Natural Account,N
Karandaaz PK,11,Karandaaz,511,Own Source Revenue,,,E,K102036,Production equipment,0,0,0,0,Karandaaz PK,Karandaaz PK,Period to date balance type.,Jul-26,PKR,T,Total,,PKR,Natural Account and Additional Segment,Actual,,,,2026-08-20T10:18:09+00:00,Company,Programmes,Natural Account,N
Karandaaz PK,11,Karandaaz,511,Own Source Revenue,,,E,K103035,Constant Contact,0,0,0,0,Karandaaz PK,Karandaaz PK,Period to date balance type.,Jul-26,PKR,T,Total,,PKR,Natural Account and Additional Segment,Actual,,,,2026-08-20T10:18:09+00:00,Company,Programmes,Natural Account,N
Karandaaz PK,11,Karandaaz,511,Own Source Revenue,,,E,K103052,"Engagement with Influencer Platforms/Podcasts (Pakistonomy, Tabadlab, etc.)",0,0,0,0,Karandaaz PK,Karandaaz PK,Period to date balance type.,Jul-26,PKR,T,Total,,PKR,Natural Account and Additional Segment,Actual,,,,2026-08-20T10:18:09+00:00,Company,Programmes,Natural Account,N
Karandaaz PK,11,Karandaaz,511,Own Source Revenue,,,E,K103055,"Feasibilities of Innovative Climate Change Investments Projects (e.g. Biomass, Commercial Forestry)",0,0,0,0,Karandaaz PK,Karandaaz PK,Period to date balance type.,Jul-26,PKR,T,Total,,PKR,Natural Account and Additional Segment,Actual,,,,2026-08-20T10:18:09+00:00,Company,Programmes,Natural Account,N
Karandaaz PK,11,Karandaaz,511,Own Source Revenue,,,E,K103062,"Editing and Printing of Internal Notes (e.g. Budget, Import Substitution of Agri Commodities, Digitization of Argi Cooperatives)",0,0,0,0,Karandaaz PK,Karandaaz PK,Period to date balance type.,Jul-26,PKR,T,Total,,PKR,Natural Account and Additional Segment,Actual,,,,2026-08-20T10:18:09+00:00,Company,Programmes,Natural Account,N
Karandaaz PK,11,Karandaaz,511,Own Source Revenue,,,E,K103069,Identifying WEE inclusive sectors and opportunities for anchor models,0,0,0,0,Karandaaz PK,Karandaaz PK,Period to date balance type.,Jul-26,PKR,T,Total,,PKR,Natural Account and Additional Segment,Actual,,,,2026-08-20T10:18:09+00:00,Company,Programmes,Natural Account,N
Karandaaz PK,11,Karandaaz,511,Own Source Revenue,,,E,K103071,Feasibility Study of Investible Green Projects (new),0,0,0,0,Karandaaz PK,Karandaaz PK,Period to date balance type.,Jul-26,PKR,T,Total,,PKR,Natural Account and Additional Segment,Actual,,,,2026-08-20T10:18:09+00:00,Company,Programmes,Natural Account,N
Karandaaz PK,11,Karandaaz,511,Own Source Revenue,,,E,M102001,Third Party Monitoring of Karandaaz Projects,0,0,0,0,Karandaaz PK,Karandaaz PK,Period to date balance type.,Jul-26,PKR,T,Total,,PKR,Natural Account and Additional Segment,Actual,,,,2026-08-20T10:18:09+00:00,Company,Programmes,Natural Account,N
Karandaaz PK,11,Karandaaz,511,Own Source Revenue,,,E,M104008,CIC Assessment,0,0,0,0,Karandaaz PK,Karandaaz PK,Period to date balance type.,Jul-26,PKR,T,Total,,PKR,Natural Account and Additional Segment,Actual,,,,2026-08-20T10:18:09+00:00,Company,Programmes,Natural Account,N
Karandaaz PK,11,Karandaaz,511,Own Source Revenue,,,E,M117001,MEL Tech Stack/ Dashboard (on secure database),0,0,0,0,Karandaaz PK,Karandaaz PK,Period to date balance type.,Jul-26,PKR,T,Total,,PKR,Natural Account and Additional Segment,Actual,,,,2026-08-20T10:18:09+00:00,Company,Programmes,Natural Account,N
Karandaaz PK,11,Karandaaz,511,Own Source Revenue,,,R,OI60101,ORIX - SME Loans - Profit Income,0,0,0,0,Karandaaz PK,Karandaaz PK,Period to date balance type.,Jul-26,PKR,T,Total,,PKR,Natural Account and Additional Segment,Actual,,,,2026-08-20T10:18:09+00:00,Company,Programmes,Natural Account,N
Karandaaz PK,11,Karandaaz,511,Own Source Revenue,,,R,OI60102,MBL-SME Loans-Profit Income,0,0,0,0,Karandaaz PK,Karandaaz PK,Period to date balance type.,Jul-26,PKR,T,Total,,PKR,Natural Account and Additional Segment,Actual,,,,2026-08-20T10:18:09+00:00,Company,Programmes,Natural Account,N
Karandaaz PK,11,Karandaaz,511,Own Source Revenue,,,R,OI60103,BAFL-SME Loans-Profit Income,0,0,0,0,Karandaaz PK,Karandaaz PK,Period to date balance type.,Jul-26,PKR,T,Total,,PKR,Natural Account and Additional Segment,Actual,,,,2026-08-20T10:18:09+00:00,Company,Programmes,Natural Account,N
Karandaaz PK,11,Karandaaz,511,Own Source Revenue,,,R,OI60105,Markup on ORIX TFF,0,0,0,0,Karandaaz PK,Karandaaz PK,Period to date balance type.,Jul-26,PKR,T,Total,,PKR,Natural Account and Additional Segment,Actual,,,,2026-08-20T10:18:09+00:00,Company,Programmes,Natural Account,N
Karandaaz PK,11,Karandaaz,511,Own Source Revenue,,,R,OI60106,Interest Income - Subordinated Loan to PMIC,0,0,0,0,Karandaaz PK,Karandaaz PK,Period to date balance type.,Jul-26,PKR,T,Total,,PKR,Natural Account and Additional Segment,Actual,,,,2026-08-20T10:18:09+00:00,Company,Programmes,Natural Account,N
Karandaaz PK,11,Karandaaz,511,Own Source Revenue,,,R,OI60108,Interest Income - Soneri Bank Limited TFC's,0,0,0,0,Karandaaz PK,Karandaaz PK,Period to date balance type.,Jul-26,PKR,T,Total,,PKR,Natural Account and Additional Segment,Actual,,,,2026-08-20T10:18:09+00:00,Company,Programmes,Natural Account,N
Karandaaz PK,11,Karandaaz,511,Own Source Revenue,,,R,OI60111,JSBL-SME Loans-Profit Income,0,0,0,0,Karandaaz PK,Karandaaz PK,Period to date balance type.,Jul-26,PKR,T,Total,,PKR,Natural Account and Additional Segment,Actual,,,,2026-08-20T10:18:09+00:00,Company,Programmes,Natural Account,N
Karandaaz PK,11,Karandaaz,511,Own Source Revenue,,,R,OI60113,MCB MIBIslamic -SME Loans- Profit Income,0,0,0,0,Karandaaz PK,Karandaaz PK,Period to date balance type.,Jul-26,PKR,T,Total,,PKR,Natural Account and Additional Segment,Actual,,,,2026-08-20T10:18:09+00:00,Company,Programmes,Natural Account,N
Karandaaz PK,11,Karandaaz,511,Own Source Revenue,,,R,OI60118,Dividend from Techlogix,0,0,0,0,Karandaaz PK,Karandaaz PK,Period to date balance type.,Jul-26,PKR,T,Total,,PKR,Natural Account and Additional Segment,Actual,,,,2026-08-20T10:18:09+00:00,Company,Programmes,Natural Account,N
Karandaaz PK,11,Karandaaz,511,Own Source Revenue,,,R,OI60121,Convertible Loans - Interest Income,0,0,0,0,Karandaaz PK,Karandaaz PK,Period to date balance type.,Jul-26,PKR,T,Total,,PKR,Natural Account and Additional Segment,Actual,,,,2026-08-20T10:18:09+00:00,Company,Programmes,Natural Account,N
Karandaaz PK,11,Karandaaz,511,Own Source Revenue,,,R,OI60124,Interest Income - Nissan Gandhara,0,0,0,0,Karandaaz PK,Karandaaz PK,Period to date balance type.,Jul-26,PKR,T,Total,,PKR,Natural Account and Additional Segment,Actual,,,,2026-08-20T10:18:09+00:00,Company,Programmes,Natural Account,N
Karandaaz PK,11,Karandaaz,511,Own Source Revenue,,,R,OI60125,Renacon - Management fee,0,0,0,0,Karandaaz PK,Karandaaz PK,Period to date balance type.,Jul-26,PKR,T,Total,,PKR,Natural Account and Additional Segment,Actual,,,,2026-08-20T10:18:09+00:00,Company,Programmes,Natural Account,N
Karandaaz PK,11,Karandaaz,511,Own Source Revenue,,,R,OI60126,Profit on Renacon loan,0,0,0,0,Karandaaz PK,Karandaaz PK,Period to date balance type.,Jul-26,PKR,T,Total,,PKR,Natural Account and Additional Segment,Actual,,,,2026-08-20T10:18:09+00:00,Company,Programmes,Natural Account,N
Karandaaz PK,11,Karandaaz,511,Own Source Revenue,,,R,OI60127,BFBL - Management fee,0,0,0,0,Karandaaz PK,Karandaaz PK,Period to date balance type.,Jul-26,PKR,T,Total,,PKR,Natural Account and Additional Segment,Actual,,,,2026-08-20T10:18:09+00:00,Company,Programmes,Natural Account,N
Karandaaz PK,11,Karandaaz,511,Own Source Revenue,,,R,OI60130,Profit on BFBL,0,0,0,0,Karandaaz PK,Karandaaz PK,Period to date balance type.,Jul-26,PKR,T,Total,,PKR,Natural Account and Additional Segment,Actual,,,,2026-08-20T10:18:09+00:00,Company,Programmes,Natural Account,N
Karandaaz PK,11,Karandaaz,511,Own Source Revenue,,,R,OI60131,Interest on Loan to Dawood Engineering,0,0,0,0,Karandaaz PK,Karandaaz PK,Period to date balance type.,Jul-26,PKR,T,Total,,PKR,Natural Account and Additional Segment,Actual,,,,2026-08-20T10:18:09+00:00,Company,Programmes,Natural Account,N
Karandaaz PK,11,Karandaaz,511,Own Source Revenue,,,R,OI60132,Profit on Alfalah ADT-1 TFCs,0,0,0,0,Karandaaz PK,Karandaaz PK,Period to date balance type.,Jul-26,PKR,T,Total,,PKR,Natural Account and Additional Segment,Actual,,,,2026-08-20T10:18:09+00:00,Company,Programmes,Natural Account,N
Karandaaz PK,11,Karandaaz,511,Own Source Revenue,,,R,OI60133,Interest on PFSL Subdebt,0,0,0,0,Karandaaz PK,Karandaaz PK,Period to date balance type.,Jul-26,PKR,T,Total,,PKR,Natural Account and Additional Segment,Actual,,,,2026-08-20T10:18:09+00:00,Company,Programmes,Natural Account,N
Karandaaz PK,11,Karandaaz,511,Own Source Revenue,,,R,OI60134,Interest Income - Albario,0,0,0,0,Karandaaz PK,Karandaaz PK,Period to date balance type.,Jul-26,PKR,T,Total,,PKR,Natural Account and Additional Segment,Actual,,,,2026-08-20T10:18:09+00:00,Company,Programmes,Natural Account,N
Karandaaz PK,11,Karandaaz,511,Own Source Revenue,,,R,OI60136,Interest Income on GCF-WV Loans through PFSL,0,0,0,0,Karandaaz PK,Karandaaz PK,Period to date balance type.,Jul-26,PKR,T,Total,,PKR,Natural Account and Additional Segment,Actual,,,,2026-08-20T10:18:09+00:00,Company,Programmes,Natural Account,N
Karandaaz PK,11,Karandaaz,511,Own Source Revenue,,,R,OI60137,EBR Energy - Management fee,0,0,0,0,Karandaaz PK,Karandaaz PK,Period to date balance type.,Jul-26,PKR,T,Total,,PKR,Natural Account and Additional Segment,Actual,,,,2026-08-20T10:18:09+00:00,Company,Programmes,Natural Account,N
Karandaaz PK,11,Karandaaz,511,Own Source Revenue,,,R,OI60139,Interest Income of CIC loans through PFSL,0,0,0,0,Karandaaz PK,Karandaaz PK,Period to date balance type.,Jul-26,PKR,T,Total,,PKR,Natural Account and Additional Segment,Actual,,,,2026-08-20T10:18:09+00:00,Company,Programmes,Natural Account,N
Karandaaz PK,11,Karandaaz,511,Own Source Revenue,,,R,OI60140,BAFL SME's - Variable Expenses,0,0,0,0,Karandaaz PK,Karandaaz PK,Period to date balance type.,Jul-26,PKR,T,Total,,PKR,Natural Account and Additional Segment,Actual,,,,2026-08-20T10:18:09+00:00,Company,Programmes,Natural Account,N
Karandaaz PK,11,Karandaaz,511,Own Source Revenue,,,R,OI60141,Management fee NBP,0,0,0,0,Karandaaz PK,Karandaaz PK,Period to date balance type.,Jul-26,PKR,T,Total,,PKR,Natural Account and Additional Segment,Actual,,,,2026-08-20T10:18:09+00:00,Company,Programmes,Natural Account,N
Karandaaz PK,11,Karandaaz,511,Own Source Revenue,,,R,OI70101,Profit on PLS Bank Account,0,0,0,0,Karandaaz PK,Karandaaz PK,Period to date balance type.,Jul-26,PKR,T,Total,,PKR,Natural Account and Additional Segment,Actual,,,,2026-08-20T10:18:09+00:00,Company,Programmes,Natural Account,N
Karandaaz PK,11,Karandaaz,511,Own Source Revenue,,,R,OI70102,Account Profit on PO cash balances,0,0,0,0,Karandaaz PK,Karandaaz PK,Period to date balance type.,Jul-26,PKR,T,Total,,PKR,Natural Account and Additional Segment,Actual,,,,2026-08-20T10:18:09+00:00,Company,Programmes,Natural Account,N
Karandaaz PK,11,Karandaaz,511,Own Source Revenue,,,R,OI70107,Profit on TDRs,0,0,0,0,Karandaaz PK,Karandaaz PK,Period to date balance type.,Jul-26,PKR,T,Total,,PKR,Natural Account and Additional Segment,Actual,,,,2026-08-20T10:18:09+00:00,Company,Programmes,Natural Account,N
Karandaaz PK,11,Karandaaz,511,Own Source Revenue,,,R,OI70108,Profit on T-Bills,0,0,0,0,Karandaaz PK,Karandaaz PK,Period to date balance type.,Jul-26,PKR,T,Total,,PKR,Natural Account and Additional Segment,Actual,,,,2026-08-20T10:18:09+00:00,Company,Programmes,Natural Account,N
Karandaaz PK,11,Karandaaz,511,Own Source Revenue,,,R,OI80112,Interest Income on Escrow Account,0,0,0,0,Karandaaz PK,Karandaaz PK,Period to date balance type.,Jul-26,PKR,T,Total,,PKR,Natural Account and Additional Segment,Actual,,,,2026-08-20T10:18:09+00:00,Company,Programmes,Natural Account,N
Karandaaz PK,11,Karandaaz,511,Own Source Revenue,,,R,OI80115,EBR Energy,0,0,0,0,Karandaaz PK,Karandaaz PK,Period to date balance type.,Jul-26,PKR,T,Total,,PKR,Natural Account and Additional Segment,Actual,,,,2026-08-20T10:18:09+00:00,Company,Programmes,Natural Account,N
Karandaaz PK,11,Karandaaz,511,Own Source Revenue,,,R,OI80117,Profit on WAHDAT Loan,0,0,0,0,Karandaaz PK,Karandaaz PK,Period to date balance type.,Jul-26,PKR,T,Total,,PKR,Natural Account and Additional Segment,Actual,,,,2026-08-20T10:18:09+00:00,Company,Programmes,Natural Account,N
Karandaaz PK,11,Karandaaz,511,Own Source Revenue,,,R,OI80121,Dividend from Excel Labs,0,0,0,0,Karandaaz PK,Karandaaz PK,Period to date balance type.,Jul-26,PKR,T,Total,,PKR,Natural Account and Additional Segment,Actual,,,,2026-08-20T10:18:09+00:00,Company,Programmes,Natural Account,N
Karandaaz PK,11,Karandaaz,511,Own Source Revenue,,,R,OI80122,Gain on disposal of Fixed Assets,0,0,0,0,Karandaaz PK,Karandaaz PK,Period to date balance type.,Jul-26,PKR,T,Total,,PKR,Natural Account and Additional Segment,Actual,,,,2026-08-20T10:18:09+00:00,Company,Programmes,Natural Account,N
Karandaaz PK,11,Karandaaz,511,Own Source Revenue,,,R,OI80123,Revenue,0,0,0,0,Karandaaz PK,Karandaaz PK,Period to date balance type.,Jul-26,PKR,T,Total,,PKR,Natural Account and Additional Segment,Actual,,,,2026-08-20T10:18:09+00:00,Company,Programmes,Natural Account,N
Karandaaz PK,11,Karandaaz,511,Own Source Revenue,,,R,OI80129,Capital gain on sale of Equity,0,0,0,0,Karandaaz PK,Karandaaz PK,Period to date balance type.,Jul-26,PKR,T,Total,,PKR,Natural Account and Additional Segment,Actual,,,,2026-08-20T10:18:09+00:00,Company,Programmes,Natural Account,N
Karandaaz PK,11,Karandaaz,511,Own Source Revenue,,,R,OI80130,FV (loss) / gain through OCI,0,0,0,0,Karandaaz PK,Karandaaz PK,Period to date balance type.,Jul-26,PKR,T,Total,,PKR,Natural Account and Additional Segment,Actual,,,,2026-08-20T10:18:09+00:00,Company,Programmes,Natural Account,N
Karandaaz PK,11,Karandaaz,511,Own Source Revenue,,,R,OI80132,Interest Income - INFRALECTRIC - MIF,0,0,0,0,Karandaaz PK,Karandaaz PK,Period to date balance type.,Jul-26,PKR,T,Total,,PKR,Natural Account and Additional Segment,Actual,,,,2026-08-20T10:18:09+00:00,Company,Programmes,Natural Account,N
Karandaaz PK,11,Karandaaz,511,Own Source Revenue,,,R,OI80133,Interest Income - ICL Power - Synd Finance,0,0,0,0,Karandaaz PK,Karandaaz PK,Period to date balance type.,Jul-26,PKR,T,Total,,PKR,Natural Account and Additional Segment,Actual,,,,2026-08-20T10:18:09+00:00,Company,Programmes,Natural Account,N
Karandaaz PK,11,Karandaaz,511,Own Source Revenue,,,R,OI80134,Participation income in Synd Financing - ICL Power,0,0,0,0,Karandaaz PK,Karandaaz PK,Period to date balance type.,Jul-26,PKR,T,Total,,PKR,Natural Account and Additional Segment,Actual,,,,2026-08-20T10:18:09+00:00,Company,Programmes,Natural Account,N
Karandaaz PK,11,Karandaaz,511,Own Source Revenue,,,R,OI80136,Gain on disposal of IHV derecognition,0,0,0,0,Karandaaz PK,Karandaaz PK,Period to date balance type.,Jul-26,PKR,T,Total,,PKR,Natural Account and Additional Segment,Actual,,,,2026-08-20T10:18:09+00:00,Company,Programmes,Natural Account,N
Karandaaz PK,11,Karandaaz,511,Own Source Revenue,,,R,OI80138,Impairment reversal on derecognition,0,0,0,0,Karandaaz PK,Karandaaz PK,Period to date balance type.,Jul-26,PKR,T,Total,,PKR,Natural Account and Additional Segment,Actual,,,,2026-08-20T10:18:09+00:00,Company,Programmes,Natural Account,N
Karandaaz PK,11,Karandaaz,511,Own Source Revenue,,,E,SS5H100,Staff Salaries,0,23417691,0,23417691,Karandaaz PK,Karandaaz PK,Period to date balance type.,Jul-26,PKR,T,Total,,PKR,Natural Account and Additional Segment,Actual,,,,2026-08-20T10:18:09+00:00,Company,Programmes,Natural Account,N
Karandaaz PK,11,Karandaaz,511,Own Source Revenue,,,E,SS5H200,Staff Provident Fund,0,2330464,0,2330464,Karandaaz PK,Karandaaz PK,Period to date balance type.,Jul-26,PKR,T,Total,,PKR,Natural Account and Additional Segment,Actual,,,,2026-08-20T10:18:09+00:00,Company,Programmes,Natural Account,N
Karandaaz PK,11,Karandaaz,511,Own Source Revenue,,,E,SS5H201,Gratuity expense (Staff Salaries),0,0,0,0,Karandaaz PK,Karandaaz PK,Period to date balance type.,Jul-26,PKR,T,Total,,PKR,Natural Account and Additional Segment,Actual,,,,2026-08-20T10:18:09+00:00,Company,Programmes,Natural Account,N
Karandaaz PK,11,Karandaaz,511,Own Source Revenue,,,E,SS5H300,Staff Over time,0,183466,0,183466,Karandaaz PK,Karandaaz PK,Period to date balance type.,Jul-26,PKR,T,Total,,PKR,Natural Account and Additional Segment,Actual,,,,2026-08-20T10:18:09+00:00,Company,Programmes,Natural Account,N
Karandaaz PK,11,Karandaaz,511,Own Source Revenue,,,E,SS5H400,Staff Car Monetization,0,2837516,0,2837516,Karandaaz PK,Karandaaz PK,Period to date balance type.,Jul-26,PKR,T,Total,,PKR,Natural Account and Additional Segment,Actual,,,,2026-08-20T10:18:09+00:00,Company,Programmes,Natural Account,N
Karandaaz PK,11,Karandaaz,511,Own Source Revenue,,,E,SS5H500,Staff Child care assistance,0,109000,0,109000,Karandaaz PK,Karandaaz PK,Period to date balance type.,Jul-26,PKR,T,Total,,PKR,Natural Account and Additional Segment,Actual,,,,2026-08-20T10:18:09+00:00,Company,Programmes,Natural Account,N
Karandaaz PK,11,Karandaaz,511,Own Source Revenue,,,E,SS5H600,Performance payout,0,0,0,0,Karandaaz PK,Karandaaz PK,Period to date balance type.,Jul-26,PKR,T,Total,,PKR,Natural Account and Additional Segment,Actual,,,,2026-08-20T10:18:09+00:00,Company,Programmes,Natural Account,N
Karandaaz PK,11,Karandaaz,511,Own Source Revenue,,,E,SS5H700,Staff Arrears,0,-9669,0,-9669,Karandaaz PK,Karandaaz PK,Period to date balance type.,Jul-26,PKR,T,Total,,PKR,Natural Account and Additional Segment,Actual,,,,2026-08-20T10:18:09+00:00,Company,Programmes,Natural Account,N
Karandaaz PK,11,Karandaaz,511,Own Source Revenue,,,E,SS5H800,Other Deductions,0,137000,0,137000,Karandaaz PK,Karandaaz PK,Period to date balance type.,Jul-26,PKR,T,Total,,PKR,Natural Account and Additional Segment,Actual,,,,2026-08-20T10:18:09+00:00,Company,Programmes,Natural Account,N
Karandaaz PK,11,Karandaaz,511,Own Source Revenue,,,E,SS5H900,Other Reimbursement Expenses,0,286613,0,286613,Karandaaz PK,Karandaaz PK,Period to date balance type.,Jul-26,PKR,T,Total,,PKR,Natural Account and Additional Segment,Actual,,,,2026-08-20T10:18:09+00:00,Company,Programmes,Natural Account,N
Karandaaz PK,11,Karandaaz,611,Ehsaas,,,A,B121012,Bank KRN Pakistan - BAFL (0035-1006023474),3382376,0,0,3382376,Karandaaz PK,Karandaaz PK,Period to date balance type.,Jul-26,PKR,T,Total,,PKR,Natural Account and Additional Segment,Actual,,,,2026-08-20T10:18:09+00:00,Company,Programmes,Natural Account,N
Karandaaz PK,11,Karandaaz,611,Ehsaas,,,A,B121013,Bank KRN Pakistan - BAFL BMGF (0035-1006155298),2.50E+08,0,0,2.50E+08,Karandaaz PK,Karandaaz PK,Period to date balance type.,Jul-26,PKR,T,Total,,PKR,Natural Account and Additional Segment,Actual,,,,2026-08-20T10:18:09+00:00,Company,Programmes,Natural Account,N
Karandaaz PK,11,Karandaaz,611,Ehsaas,,,A,B121023,Bank KRN Pakistan - UBL FIP (262115182),-2.00E+07,0,0,-2.00E+07,Karandaaz PK,Karandaaz PK,Period to date balance type.,Jul-26,PKR,T,Total,,PKR,Natural Account and Additional Segment,Actual,,,,2026-08-20T10:18:09+00:00,Company,Programmes,Natural Account,N
Karandaaz PK,11,Karandaaz,611,Ehsaas,,,A,B121031,Karandaaz Pakistan BAFL FCY (1008260733),-4.40E+08,0,0,-4.40E+08,Karandaaz PK,Karandaaz PK,Period to date balance type.,Jul-26,PKR,T,Total,,PKR,Natural Account and Additional Segment,Actual,,,,2026-08-20T10:18:09+00:00,Company,Programmes,Natural Account,N
Karandaaz PK,11,Karandaaz,611,Ehsaas,,,A,B121037,Karandaaz Pakistan FIP - BAFL (0035-1008986958),20000000,0,0,20000000,Karandaaz PK,Karandaaz PK,Period to date balance type.,Jul-26,PKR,T,Total,,PKR,Natural Account and Additional Segment,Actual,,,,2026-08-20T10:18:09+00:00,Company,Programmes,Natural Account,N
Karandaaz PK,11,Karandaaz,611,Ehsaas,,,A,B121038,Karandaaz Pakistan - BMGF CT (0035-1009045134),-81.2,0,0,-81.2,Karandaaz PK,Karandaaz PK,Period to date balance type.,Jul-26,PKR,T,Total,,PKR,Natural Account and Additional Segment,Actual,,,,2026-08-20T10:18:09+00:00,Company,Programmes,Natural Account,N
Karandaaz PK,11,Karandaaz,611,Ehsaas,,,A,B121039,Karandaaz Pakistan - BMGF-EHSAAS (0035-1009045100),-4.40E+07,0,0,-4.40E+07,Karandaaz PK,Karandaaz PK,Period to date balance type.,Jul-26,PKR,T,Total,,PKR,Natural Account and Additional Segment,Actual,,,,2026-08-20T10:18:09+00:00,Company,Programmes,Natural Account,N
Karandaaz PK,11,Karandaaz,611,Ehsaas,,,A,B122039,Karandaaz Pakistan - BMGF-EHSAAS (0035-1009045100) - Clearing,0,0,2733842,-2733842,Karandaaz PK,Karandaaz PK,Period to date balance type.,Jul-26,PKR,T,Total,,PKR,Natural Account and Additional Segment,Actual,,,,2026-08-20T10:18:09+00:00,Company,Programmes,Natural Account,N
Karandaaz PK,11,Karandaaz,611,Ehsaas,,,A,B142002,Pay Order,0,0,0,0,Karandaaz PK,Karandaaz PK,Period to date balance type.,Jul-26,PKR,T,Total,,PKR,Natural Account and Additional Segment,Actual,,,,2026-08-20T10:18:09+00:00,Company,Programmes,Natural Account,N
Karandaaz PK,11,Karandaaz,611,Ehsaas,,,E,D106008,"W3: Technical Advisory, Industry/International Expert Engagement, Learning/Networking Events",0,0,0,0,Karandaaz PK,Karandaaz PK,Period to date balance type.,Jul-26,PKR,T,Total,,PKR,Natural Account and Additional Segment,Actual,,,,2026-08-20T10:18:09+00:00,Company,Programmes,Natural Account,N
Karandaaz PK,11,Karandaaz,611,Ehsaas,,,E,D107037,FBR - Digital Invoicing Initiative (Landscape Assessment),0,0,0,0,Karandaaz PK,Karandaaz PK,Period to date balance type.,Jul-26,PKR,T,Total,,PKR,Natural Account and Additional Segment,Actual,,,,2026-08-20T10:18:09+00:00,Company,Programmes,Natural Account,N
Karandaaz PK,11,Karandaaz,611,Ehsaas,,,E,D107052,FBR - Digitization for Tax System (Stage 2: Project & Change Management ),0,0,0,0,Karandaaz PK,Karandaaz PK,Period to date balance type.,Jul-26,PKR,T,Total,,PKR,Natural Account and Additional Segment,Actual,,,,2026-08-20T10:18:09+00:00,Company,Programmes,Natural Account,N
Karandaaz PK,11,Karandaaz,611,Ehsaas,,,E,D107053,FBR - Digitalization for Tax System: Individual Consultant,0,10395000,0,10395000,Karandaaz PK,Karandaaz PK,Period to date balance type.,Jul-26,PKR,T,Total,,PKR,Natural Account and Additional Segment,Actual,,,,2026-08-20T10:18:09+00:00,Company,Programmes,Natural Account,N
Karandaaz PK,11,Karandaaz,611,Ehsaas,,,E,H101001,Bank Charges,0,0,0,0,Karandaaz PK,Karandaaz PK,Period to date balance type.,Jul-26,PKR,T,Total,,PKR,Natural Account and Additional Segment,Actual,,,,2026-08-20T10:18:09+00:00,Company,Programmes,Natural Account,N
Karandaaz PK,11,Karandaaz,611,Ehsaas,,,E,H106003,Communication reimbursement,0,0,0,0,Karandaaz PK,Karandaaz PK,Period to date balance type.,Jul-26,PKR,T,Total,,PKR,Natural Account and Additional Segment,Actual,,,,2026-08-20T10:18:09+00:00,Company,Programmes,Natural Account,N
Karandaaz PK,11,Karandaaz,611,Ehsaas,,,E,H110002,Health Insurance - Amortization,0,0,0,0,Karandaaz PK,Karandaaz PK,Period to date balance type.,Jul-26,PKR,T,Total,,PKR,Natural Account and Additional Segment,Actual,,,,2026-08-20T10:18:09+00:00,Company,Programmes,Natural Account,N
Karandaaz PK,11,Karandaaz,611,Ehsaas,,,E,H123005,Staff Training,0,0,0,0,Karandaaz PK,Karandaaz PK,Period to date balance type.,Jul-26,PKR,T,Total,,PKR,Natural Account and Additional Segment,Actual,,,,2026-08-20T10:18:09+00:00,Company,Programmes,Natural Account,N
Karandaaz PK,11,Karandaaz,611,Ehsaas,,,E,H123006,EOBI Expense,0,0,0,0,Karandaaz PK,Karandaaz PK,Period to date balance type.,Jul-26,PKR,T,Total,,PKR,Natural Account and Additional Segment,Actual,,,,2026-08-20T10:18:09+00:00,Company,Programmes,Natural Account,N
Karandaaz PK,11,Karandaaz,611,Ehsaas,,,E,H129021,Life Insurance - Amortization,0,0,0,0,Karandaaz PK,Karandaaz PK,Period to date balance type.,Jul-26,PKR,T,Total,,PKR,Natural Account and Additional Segment,Actual,,,,2026-08-20T10:18:09+00:00,Company,Programmes,Natural Account,N
Karandaaz PK,11,Karandaaz,611,Ehsaas,,,E,H130002,Cross-Currency Rounding Account,0,0,0,0,Karandaaz PK,Karandaaz PK,Period to date balance type.,Jul-26,PKR,T,Total,,PKR,Natural Account and Additional Segment,Actual,,,,2026-08-20T10:18:09+00:00,Company,Programmes,Natural Account,N
Karandaaz PK,11,Karandaaz,611,Ehsaas,,,A,H171002,Income Tax Refundable on Bank Profits,51481.87,0,0,51481.87,Karandaaz PK,Karandaaz PK,Period to date balance type.,Jul-26,PKR,T,Total,,PKR,Natural Account and Additional Segment,Actual,,,,2026-08-20T10:18:09+00:00,Company,Programmes,Natural Account,N
Karandaaz PK,11,Karandaaz,611,Ehsaas,,,O,H291001,Restricted Grants (BMGF),-5.60E+08,0,0,-5.60E+08,Karandaaz PK,Karandaaz PK,Period to date balance type.,Jul-26,PKR,T,Total,,PKR,Natural Account and Additional Segment,Actual,,,,2026-08-20T10:18:09+00:00,Company,Programmes,Natural Account,N
Karandaaz PK,11,Karandaaz,611,Ehsaas,,,A,H340001,Accrued Interest Income,212268.4,0,0,212268.4,Karandaaz PK,Karandaaz PK,Period to date balance type.,Jul-26,PKR,T,Total,,PKR,Natural Account and Additional Segment,Actual,,,,2026-08-20T10:18:09+00:00,Company,Programmes,Natural Account,N
Karandaaz PK,11,Karandaaz,611,Ehsaas,,,A,H340003,Accrued Interest - Treasury Income,6237.76,0,0,6237.76,Karandaaz PK,Karandaaz PK,Period to date balance type.,Jul-26,PKR,T,Total,,PKR,Natural Account and Additional Segment,Actual,,,,2026-08-20T10:18:09+00:00,Company,Programmes,Natural Account,N
Karandaaz PK,11,Karandaaz,611,Ehsaas,,,A,H370021,Receivable from NCGC,120760,0,0,120760,Karandaaz PK,Karandaaz PK,Period to date balance type.,Jul-26,PKR,T,Total,,PKR,Natural Account and Additional Segment,Actual,,,,2026-08-20T10:18:09+00:00,Company,Programmes,Natural Account,N
Karandaaz PK,11,Karandaaz,611,Ehsaas,,,R,OI70101,Profit on PLS Bank Account,0,0,0,0,Karandaaz PK,Karandaaz PK,Period to date balance type.,Jul-26,PKR,T,Total,,PKR,Natural Account and Additional Segment,Actual,,,,2026-08-20T10:18:09+00:00,Company,Programmes,Natural Account,N
Karandaaz PK,11,Karandaaz,611,Ehsaas,,,E,SS5H100,Staff Salaries,0,0,0,0,Karandaaz PK,Karandaaz PK,Period to date balance type.,Jul-26,PKR,T,Total,,PKR,Natural Account and Additional Segment,Actual,,,,2026-08-20T10:18:09+00:00,Company,Programmes,Natural Account,N
Karandaaz PK,11,Karandaaz,611,Ehsaas,,,E,SS5H200,Staff Provident Fund,0,0,0,0,Karandaaz PK,Karandaaz PK,Period to date balance type.,Jul-26,PKR,T,Total,,PKR,Natural Account and Additional Segment,Actual,,,,2026-08-20T10:18:09+00:00,Company,Programmes,Natural Account,N
Karandaaz PK,11,Karandaaz,611,Ehsaas,,,E,SS5H201,Gratuity expense (Staff Salaries),0,0,0,0,Karandaaz PK,Karandaaz PK,Period to date balance type.,Jul-26,PKR,T,Total,,PKR,Natural Account and Additional Segment,Actual,,,,2026-08-20T10:18:09+00:00,Company,Programmes,Natural Account,N
Karandaaz PK,11,Karandaaz,611,Ehsaas,,,E,SS5H600,Performance payout,0,0,0,0,Karandaaz PK,Karandaaz PK,Period to date balance type.,Jul-26,PKR,T,Total,,PKR,Natural Account and Additional Segment,Actual,,,,2026-08-20T10:18:09+00:00,Company,Programmes,Natural Account,N
Karandaaz PK,11,Karandaaz,711,Conditional Cash Transfer,,,A,B121031,Karandaaz Pakistan BAFL FCY (1008260733),2.86E+08,0,0,2.86E+08,Karandaaz PK,Karandaaz PK,Period to date balance type.,Jul-26,PKR,T,Total,,PKR,Natural Account and Additional Segment,Actual,,,,2026-08-20T10:18:09+00:00,Company,Programmes,Natural Account,N
Karandaaz PK,11,Karandaaz,711,Conditional Cash Transfer,,,A,B121038,Karandaaz Pakistan - BMGF CT (0035-1009045134),-2.50E+07,0,0,-2.50E+07,Karandaaz PK,Karandaaz PK,Period to date balance type.,Jul-26,PKR,T,Total,,PKR,Natural Account and Additional Segment,Actual,,,,2026-08-20T10:18:09+00:00,Company,Programmes,Natural Account,N
Karandaaz PK,11,Karandaaz,711,Conditional Cash Transfer,,,A,B121048,Karandaaz Pakistan Investment - BAFL (1010522280),13675849,0,0,13675849,Karandaaz PK,Karandaaz PK,Period to date balance type.,Jul-26,PKR,T,Total,,PKR,Natural Account and Additional Segment,Actual,,,,2026-08-20T10:18:09+00:00,Company,Programmes,Natural Account,N
Karandaaz PK,11,Karandaaz,711,Conditional Cash Transfer,,,A,B121051,KARANDAAZ PAKISTAN (Raast) - GF -(1010801269) - BAFL,763024.9,0,0,763024.9,Karandaaz PK,Karandaaz PK,Period to date balance type.,Jul-26,PKR,T,Total,,PKR,Natural Account and Additional Segment,Actual,,,,2026-08-20T10:18:09+00:00,Company,Programmes,Natural Account,N
Karandaaz PK,11,Karandaaz,711,Conditional Cash Transfer,,,A,B122038,Karandaaz Pakistan - BMGF CT (0035-1009045134) - Clearing,0,0,2712000,-2712000,Karandaaz PK,Karandaaz PK,Period to date balance type.,Jul-26,PKR,T,Total,,PKR,Natural Account and Additional Segment,Actual,,,,2026-08-20T10:18:09+00:00,Company,Programmes,Natural Account,N
Karandaaz PK,11,Karandaaz,711,Conditional Cash Transfer,,,E,D106008,"W3: Technical Advisory, Industry/International Expert Engagement, Learning/Networking Events",0,0,0,0,Karandaaz PK,Karandaaz PK,Period to date balance type.,Jul-26,PKR,T,Total,,PKR,Natural Account and Additional Segment,Actual,,,,2026-08-20T10:18:09+00:00,Company,Programmes,Natural Account,N
Karandaaz PK,11,Karandaaz,711,Conditional Cash Transfer,,,E,D108002,CCT Program to eradicate Polio,0,2360000,0,2360000,Karandaaz PK,Karandaaz PK,Period to date balance type.,Jul-26,PKR,T,Total,,PKR,Natural Account and Additional Segment,Actual,,,,2026-08-20T10:18:09+00:00,Company,Programmes,Natural Account,N
Karandaaz PK,11,Karandaaz,711,Conditional Cash Transfer,,,E,H106003,Communication reimbursement,0,0,0,0,Karandaaz PK,Karandaaz PK,Period to date balance type.,Jul-26,PKR,T,Total,,PKR,Natural Account and Additional Segment,Actual,,,,2026-08-20T10:18:09+00:00,Company,Programmes,Natural Account,N
Karandaaz PK,11,Karandaaz,711,Conditional Cash Transfer,,,E,H110002,Health Insurance - Amortization,0,33310,0,33310,Karandaaz PK,Karandaaz PK,Period to date balance type.,Jul-26,PKR,T,Total,,PKR,Natural Account and Additional Segment,Actual,,,,2026-08-20T10:18:09+00:00,Company,Programmes,Natural Account,N
Karandaaz PK,11,Karandaaz,711,Conditional Cash Transfer,,,E,H123005,Staff Training,0,0,0,0,Karandaaz PK,Karandaaz PK,Period to date balance type.,Jul-26,PKR,T,Total,,PKR,Natural Account and Additional Segment,Actual,,,,2026-08-20T10:18:09+00:00,Company,Programmes,Natural Account,N
Karandaaz PK,11,Karandaaz,711,Conditional Cash Transfer,,,E,H123006,EOBI Expense,0,2220,0,2220,Karandaaz PK,Karandaaz PK,Period to date balance type.,Jul-26,PKR,T,Total,,PKR,Natural Account and Additional Segment,Actual,,,,2026-08-20T10:18:09+00:00,Company,Programmes,Natural Account,N
Karandaaz PK,11,Karandaaz,711,Conditional Cash Transfer,,,E,H129021,Life Insurance - Amortization,0,2179,0,2179,Karandaaz PK,Karandaaz PK,Period to date balance type.,Jul-26,PKR,T,Total,,PKR,Natural Account and Additional Segment,Actual,,,,2026-08-20T10:18:09+00:00,Company,Programmes,Natural Account,N
Karandaaz PK,11,Karandaaz,711,Conditional Cash Transfer,,,A,H171002,Income Tax Refundable on Bank Profits,0,0,0,0,Karandaaz PK,Karandaaz PK,Period to date balance type.,Jul-26,PKR,T,Total,,PKR,Natural Account and Additional Segment,Actual,,,,2026-08-20T10:18:09+00:00,Company,Programmes,Natural Account,N
Karandaaz PK,11,Karandaaz,711,Conditional Cash Transfer,,,O,H291001,Restricted Grants (BMGF),-2.90E+08,0,0,-2.90E+08,Karandaaz PK,Karandaaz PK,Period to date balance type.,Jul-26,PKR,T,Total,,PKR,Natural Account and Additional Segment,Actual,,,,2026-08-20T10:18:09+00:00,Company,Programmes,Natural Account,N
Karandaaz PK,11,Karandaaz,711,Conditional Cash Transfer,,,R,OI70101,Profit on PLS Bank Account,0,0,0,0,Karandaaz PK,Karandaaz PK,Period to date balance type.,Jul-26,PKR,T,Total,,PKR,Natural Account and Additional Segment,Actual,,,,2026-08-20T10:18:09+00:00,Company,Programmes,Natural Account,N
Karandaaz PK,11,Karandaaz,711,Conditional Cash Transfer,,,E,SS5H100,Staff Salaries,0,1120452,0,1120452,Karandaaz PK,Karandaaz PK,Period to date balance type.,Jul-26,PKR,T,Total,,PKR,Natural Account and Additional Segment,Actual,,,,2026-08-20T10:18:09+00:00,Company,Programmes,Natural Account,N
Karandaaz PK,11,Karandaaz,711,Conditional Cash Transfer,,,E,SS5H200,Staff Provident Fund,0,112082,0,112082,Karandaaz PK,Karandaaz PK,Period to date balance type.,Jul-26,PKR,T,Total,,PKR,Natural Account and Additional Segment,Actual,,,,2026-08-20T10:18:09+00:00,Company,Programmes,Natural Account,N
Karandaaz PK,11,Karandaaz,711,Conditional Cash Transfer,,,E,SS5H201,Gratuity expense (Staff Salaries),0,0,0,0,Karandaaz PK,Karandaaz PK,Period to date balance type.,Jul-26,PKR,T,Total,,PKR,Natural Account and Additional Segment,Actual,,,,2026-08-20T10:18:09+00:00,Company,Programmes,Natural Account,N
Karandaaz PK,11,Karandaaz,711,Conditional Cash Transfer,,,E,SS5H300,Staff Over time,0,0,0,0,Karandaaz PK,Karandaaz PK,Period to date balance type.,Jul-26,PKR,T,Total,,PKR,Natural Account and Additional Segment,Actual,,,,2026-08-20T10:18:09+00:00,Company,Programmes,Natural Account,N
Karandaaz PK,11,Karandaaz,711,Conditional Cash Transfer,,,E,SS5H400,Staff Car Monetization,0,135000,0,135000,Karandaaz PK,Karandaaz PK,Period to date balance type.,Jul-26,PKR,T,Total,,PKR,Natural Account and Additional Segment,Actual,,,,2026-08-20T10:18:09+00:00,Company,Programmes,Natural Account,N
Karandaaz PK,11,Karandaaz,711,Conditional Cash Transfer,,,E,SS5H500,Staff Child care assistance,0,0,0,0,Karandaaz PK,Karandaaz PK,Period to date balance type.,Jul-26,PKR,T,Total,,PKR,Natural Account and Additional Segment,Actual,,,,2026-08-20T10:18:09+00:00,Company,Programmes,Natural Account,N
Karandaaz PK,11,Karandaaz,711,Conditional Cash Transfer,,,E,SS5H600,Performance payout,0,0,0,0,Karandaaz PK,Karandaaz PK,Period to date balance type.,Jul-26,PKR,T,Total,,PKR,Natural Account and Additional Segment,Actual,,,,2026-08-20T10:18:09+00:00,Company,Programmes,Natural Account,N
Karandaaz PK,11,Karandaaz,711,Conditional Cash Transfer,,,E,SS5H700,Staff Arrears,0,0,0,0,Karandaaz PK,Karandaaz PK,Period to date balance type.,Jul-26,PKR,T,Total,,PKR,Natural Account and Additional Segment,Actual,,,,2026-08-20T10:18:09+00:00,Company,Programmes,Natural Account,N
Karandaaz PK,11,Karandaaz,711,Conditional Cash Transfer,,,E,SS5H800,Other Deductions,0,0,0,0,Karandaaz PK,Karandaaz PK,Period to date balance type.,Jul-26,PKR,T,Total,,PKR,Natural Account and Additional Segment,Actual,,,,2026-08-20T10:18:09+00:00,Company,Programmes,Natural Account,N
Karandaaz PK,11,Karandaaz,711,Conditional Cash Transfer,,,E,SS5H900,Other Reimbursement Expenses,0,0,0,0,Karandaaz PK,Karandaaz PK,Period to date balance type.,Jul-26,PKR,T,Total,,PKR,Natural Account and Additional Segment,Actual,,,,2026-08-20T10:18:09+00:00,Company,Programmes,Natural Account,N
Karandaaz PK,11,Karandaaz,800,FBR Digitization,,,E,D107059,FBR Digitization for Tax System (Stage 3: McKinsey PMO),0,50570744,0,50570744,Karandaaz PK,Karandaaz PK,Period to date balance type.,Jul-26,PKR,T,Total,,PKR,Natural Account and Additional Segment,Actual,,,,2026-08-20T10:18:09+00:00,Company,Programmes,Natural Account,N