ADDITIONAL_SEGMENT_VALUE,ADDITIONAL_SEGMENT_DESC,ACCT_TYPE,NATURAL_ACCT_SEGMENT_VALUE,NATURAL_ACCT_SEGMENT_DESC,BEGIN_BALANCE,TOTAL_DR,TOTAL_CR,END_BALANCE,ACCOUNTING_PERIOD_PARAM
101,FCDO,E,D107011,Company Registry,0,1630388.76,0,1630388.76,Jul-25
101,FCDO,E,D107025,"W4: Technical Advisory, Industry/Int'l Expert Engagement, Learning/Networking Events",0.00E+00,0,0,0.00E+00,Jul-25
101,FCDO,E,H103002,Capacity Building,0,25000,0,25000,Jul-25
101,FCDO,E,H106007,Fuel reimbursement,0,177657.65,0,177657.65,Jul-25
101,FCDO,E,H107001,Depreciation Expense - Furnitures and Fixtures,0,47018.19,0,47018.19,Jul-25
101,FCDO,E,H107002,Depreciation Expense - Office Equipment,0,20869.97,0,20869.97,Jul-25
101,FCDO,E,H107004,Depreciation Expense - Computers,0,290716.64,0,290716.64,Jul-25
101,FCDO,E,H107006,Depreciation Expense - Solar Equipment,0,31806.85,0,31806.85,Jul-25
101,FCDO,E,H123005,Staff Training,0,1154643,384881,769762,Jul-25
101,FCDO,E,I109001,ICF 6 - GCF (Grant),0,1920000,0,1920000,Jul-25
101,FCDO,E,K102006,PR Services,0,5.01,0,5.01,Jul-25
101,FCDO,E,SS5H100,Staff Salaries,0,2492902,0,2492902,Jul-25
101,FCDO,E,SS5H200,Staff Provident Fund,0,201738,0,201738,Jul-25
201,GF,E,D103021,Digital Payments,0.00E+00,0,0,0.00E+00,Jul-25
201,GF,E,D103022,Sectoral Projects - Value chain,0.00E+00,0,0,0.00E+00,Jul-25
201,GF,E,D105002,DFS - Innov. & Incb.. - Agri Program Development,0.00E+00,0,0,0.00E+00,Jul-25
201,GF,E,D107005,Pilot MPG Linked Projects,0.00E+00,0,0,0.00E+00,Jul-25
201,GF,E,D107006,MPG - Mosc Expenses,0.00E+00,0,0,0.00E+00,Jul-25
201,GF,E,D107007,MPG Operations,0.00E+00,0,0,0.00E+00,Jul-25
201,GF,E,D107012,Ecommerce,0.00E+00,0,0,0.00E+00,Jul-25
201,GF,E,D107013,CDNS Phase-2 Development,0.00E+00,0,0,0.00E+00,Jul-25
201,GF,E,D107016,MOPASS,0.00E+00,0,0,0.00E+00,Jul-25
201,GF,E,D107017,RAAST Adoption,0.00E+00,16285427,0,1.63E+07,Jul-25
201,GF,E,D107018,"W1: Technical Advisory, Industry/Int'l Expert Engagement, Learning/Networking Events",0,2044229.06,0,2044229.06,Jul-25
201,GF,E,D107028,E-commerce Value Chain Interventions,0,0.5,0,0.5,Jul-25
201,GF,E,D107030,Adoption Projects,0,7611972,0,7611972,Jul-25
201,GF,E,D107037,FBR - Digital Invoicing Initiative (Landscape Assessment),0.00E+00,115379937.4,0,1.15E+08,Jul-25
201,GF,E,D107043,RAAST Implementation Phase,0,98078.9,0,98078.9,Jul-25
201,GF,E,D107049,Cashless Ecosystem,0,0,1536000,-1536000,Jul-25
201,GF,E,H101001,Bank Charges,0,82049.27,0,82049.27,Jul-25
201,GF,E,H103002,Capacity Building,0,1082978.43,853760,229218.43,Jul-25
201,GF,E,H104001,Travel,0,21327.6,0,21327.6,Jul-25
201,GF,E,H104002,BoD-Travel,0,29400,0,29400,Jul-25
201,GF,E,H105001,HR Consultancies & Internships,0.00E+00,853760,426880,4.27E+05,Jul-25
201,GF,E,H106001,Electricity,0.00E+00,113980,0,1.14E+05,Jul-25
201,GF,E,H106002,Telephone & Internet,0.00E+00,37148,37148,0.00E+00,Jul-25
201,GF,E,H106003,Communication reimbursement,0.00E+00,106619.83,0,1.07E+05,Jul-25
201,GF,E,H106006,Generator Expenses,0.00E+00,63157.6,40150,2.30E+04,Jul-25
201,GF,E,H106007,Fuel reimbursement,0.00E+00,1725503.96,0,1.73E+06,Jul-25
201,GF,E,H107001,Depreciation Expense - Furnitures and Fixtures,0.00E+00,5940.11,0,5.94E+03,Jul-25
201,GF,E,H107004,Depreciation Expense - Computers,0.00E+00,0,0,0.00E+00,Jul-25
201,GF,E,H108001,Road Transportation,0.00E+00,0,0,0.00E+00,Jul-25
201,GF,E,H108002,Vehicle Operations,0,98012.95,0,98012.95,Jul-25
201,GF,E,H108003,Vehicle Maintenance,0.00E+00,23473,0,2.35E+04,Jul-25
201,GF,E,H108004,Vehicle Insurance - Amortization,0.00E+00,5041.65,0,5.04E+03,Jul-25
201,GF,E,H110002,Health Insurance - Amortization,0,1193978.02,0,1193978.02,Jul-25
201,GF,E,H115001,Meeting & Conferences,0,37210.38,0,37210.38,Jul-25
201,GF,E,H116001,Kitchen Supplies,0,74050.34,0,74050.34,Jul-25
201,GF,E,H116004,Office Supplies,0,24190.5,0,24190.5,Jul-25
201,GF,E,H116006,IT Supplies,0,10000,0,10000,Jul-25
201,GF,E,H117001,Office Rent- Islamabad,0,1438910,0,1438910,Jul-25
201,GF,E,H118001,Amortization - Asset and Vehicles Insurance,0,14858.2,0,14858.2,Jul-25
201,GF,E,H119001,Boarding & Lodging,0,1198260.75,0,1198260.75,Jul-25
201,GF,E,H119003,Perdiem,0,79202.5,0,79202.5,Jul-25
201,GF,E,H121002,Stationery Printing,0,26473.3,13729.3,12744,Jul-25
201,GF,E,H122004,Legal Charges,0,125416,0,125416,Jul-25
201,GF,E,H122007,Tax Consultancy,0,28750,0,28750,Jul-25
201,GF,E,H123003,Daily Wages,0,5000,0,5000,Jul-25
201,GF,E,H123005,Staff Training,0,539773.17,170768.39,369004.78,Jul-25
201,GF,E,H124001,Office Repair & Maintenance,0,17190,0,17190,Jul-25
201,GF,E,H124002,Equipment Repair & Maintenance,0,0,150.5,-150.5,Jul-25
201,GF,E,H125001,Software Annual Support Services,0,172363.5,0,172363.5,Jul-25
201,GF,E,H126001,Fee & Subscription,0,5000,0,5000,Jul-25
201,GF,E,H126002,Employee Engagement,0,600,0,600,Jul-25
201,GF,E,H126005,SPOT recognition,0,7500,0,7500,Jul-25
201,GF,E,H128001,Guards & Janitorial Services,0,488088,41055,447033,Jul-25
201,GF,E,H129006,Directors & officers liability insurance,0,136745.83,0,136745.83,Jul-25
201,GF,E,H129021,Life Insurance - Amortization,0,96980.75,0,96980.75,Jul-25
201,GF,E,H130002,Cross-Currency Rounding Account,0,0.16,0,0.16,Jul-25
201,GF,E,K102006,PR Services,0,5,0,5,Jul-25
201,GF,E,K102015,Digital and Social Media,0,1323.13,0,1323.13,Jul-25
201,GF,E,K102017,SME/CIC Market Visibility and Outreach,0,31697.75,0,31697.75,Jul-25
201,GF,E,K103044,"DFS Outreach (videos, publications, photo collections)",0,62700,0,62700,Jul-25
201,GF,E,K103052,"Engagement with Influencer Platforms/Podcasts (Pakistonomy, Tabadlab, etc.)",0,21400,0,21400,Jul-25
201,GF,E,K103062,"Editing and Printing of Internal Notes (e.g. Budget, Import Substitution of Agri Commodities, Digitization of Argi Cooperatives)",0,25750,0,25750,Jul-25
201,GF,E,M102001,Third Party Monitoring of Karandaaz Projects,0,237792.16,0,237792.16,Jul-25
201,GF,E,M112001,Assessment of Incentive Scheme Projects,0,0.5,0,0.5,Jul-25
201,GF,E,SS5H100,Staff Salaries,0,29031002.31,0,29031002.31,Jul-25
201,GF,E,SS5H200,Staff Provident Fund,0,2385664.45,0,2385664.45,Jul-25
201,GF,E,SS5H300,Staff Over time,0,9936,0,9936,Jul-25
401,OSR,E,C103002,MBL-SME Loans-Variable Expenses,0,276897.86,0,276897.86,Jul-25
401,OSR,E,C103005,MIB-SME Loans-Variable Expenses,0,1740,0,1740,Jul-25
401,OSR,E,H101001,Bank Charges,0,13680.68,50.56,13630.12,Jul-25
401,OSR,E,H103002,Capacity Building,0,1057978.43,853760,204218.43,Jul-25
401,OSR,E,H104001,Travel,0,39608.4,0,39608.4,Jul-25
401,OSR,E,H104002,BoD-Travel,0,29400,0,29400,Jul-25
401,OSR,E,H105001,HR Consultancies & Internships,0,853760,426880,426880,Jul-25
401,OSR,E,H106001,Electricity,0,211677,0,211677,Jul-25
401,OSR,E,H106003,Communication reimbursement,0,76998.4,0,76998.4,Jul-25
401,OSR,E,H106006,Generator Expenses,0,82877.4,40149,42728.4,Jul-25
401,OSR,E,H106007,Fuel reimbursement,0,1756134.36,0,1756134.36,Jul-25
401,OSR,E,H107001,Depreciation Expense - Furnitures and Fixtures,0,4612.93,0,4612.93,Jul-25
401,OSR,E,H107002,Depreciation Expense - Office Equipment,0,29493.74,0,29493.74,Jul-25
401,OSR,E,H107004,Depreciation Expense - Computers,0,160236.1,0,160236.1,Jul-25
401,OSR,E,H108001,Road Transportation,0.00E+00,0,0,0.00E+00,Jul-25
401,OSR,E,H108002,Vehicle Operations,0,172439.05,0,172439.05,Jul-25
401,OSR,E,H108003,Vehicle Maintenance,0,23473,0,23473,Jul-25
401,OSR,E,H108004,Vehicle Insurance - Amortization,0,5041.65,0,5041.65,Jul-25
401,OSR,E,H110002,Health Insurance - Amortization,0,1193978.02,0,1193978.02,Jul-25
401,OSR,E,H115001,Meeting & Conferences,0,23692.38,0,23692.38,Jul-25
401,OSR,E,H116001,Kitchen Supplies,0,74050.33,0,74050.33,Jul-25
401,OSR,E,H116004,Office Supplies,0,19190.5,0,19190.5,Jul-25
401,OSR,E,H116006,IT Supplies,0,6000,0,6000,Jul-25
401,OSR,E,H117001,Office Rent- Islamabad,0,1438910,0,1438910,Jul-25
401,OSR,E,H118001,Amortization - Asset and Vehicles Insurance,0,27593.8,0,27593.8,Jul-25
401,OSR,E,H119001,Boarding & Lodging,0,698587.25,0,698587.25,Jul-25
401,OSR,E,H119003,Perdiem,0,94169.5,0,94169.5,Jul-25
401,OSR,E,H121002,Stationery Printing,0,38242.62,25498.62,12744,Jul-25
401,OSR,E,H122004,Legal Charges,0,95416,0,95416,Jul-25
401,OSR,E,H122007,Tax Consultancy,0,28750,0,28750,Jul-25
401,OSR,E,H123003,Daily Wages,0,5000,0,5000,Jul-25
401,OSR,E,H123005,Staff Training,0,512305.17,170768.39,341536.78,Jul-25
401,OSR,E,H124001,Office Repair & Maintenance,0,17190,0,17190,Jul-25
401,OSR,E,H124002,Equipment Repair & Maintenance,0,0,279.5,-279.5,Jul-25
401,OSR,E,H125001,Software Annual Support Services,0,231773.1,0,231773.1,Jul-25
401,OSR,E,H126002,Employee Engagement,0,600,0,600,Jul-25
401,OSR,E,H126005,SPOT recognition,0,7500,0,7500,Jul-25
401,OSR,E,H128001,Guards & Janitorial Services,0,523279,76245,447034,Jul-25
401,OSR,E,H129006,Directors & officers liability insurance,0,136745.83,0,136745.83,Jul-25
401,OSR,E,H129021,Life Insurance - Amortization,0,96980.75,0,96980.75,Jul-25
401,OSR,E,K102015,Digital and Social Media,0,1323.13,0,1323.13,Jul-25
401,OSR,E,K102017,SME/CIC Market Visibility and Outreach,0,129197.75,0,129197.75,Jul-25
401,OSR,E,K102026,"WV - Events, Videos, Briefs",0,449005.5,0,449005.5,Jul-25
401,OSR,E,K103052,"Engagement with Influencer Platforms/Podcasts (Pakistonomy, Tabadlab, etc.)",0,21400,0,21400,Jul-25
401,OSR,E,K103055,"Feasibilities of Innovative Climate Change Investments Projects (e.g. Biomass, Commercial Forestry)",0,0,0.6,-0.6,Jul-25
401,OSR,E,K103062,"Editing and Printing of Internal Notes (e.g. Budget, Import Substitution of Agri Commodities, Digitization of Argi Cooperatives)",0,5050,0,5050,Jul-25
401,OSR,E,M102001,Third Party Monitoring of Karandaaz Projects,0,379437.38,141645.22,237792.16,Jul-25
401,OSR,E,SS5H100,Staff Salaries,0,18933885.74,0,18933885.74,Jul-25
401,OSR,E,SS5H200,Staff Provident Fund,0,1531973.55,0,1531973.55,Jul-25
401,OSR,E,SS5H300,Staff Over time,0,9936,0,9936,Jul-25
501,N/A,E,C130005,CDC Maintenance Charges,0,69808,0,69808,Jul-25
501,N/A,E,H101001,Bank Charges,0,1.37,0.56,0.81,Jul-25
501,N/A,E,H106002,Telephone & Internet,0,228040,114020,114020,Jul-25
501,N/A,E,H106006,Generator Expenses,0,240896,120448,120448,Jul-25
501,N/A,E,H107002,Depreciation Expense - Office Equipment,0,14719.98,0,14719.98,Jul-25
501,N/A,E,H107004,Depreciation Expense - Computers,0,9086.76,0,9086.76,Jul-25
501,N/A,E,H113001,Exchange Gain,0,0,144818.31,-144818.31,Jul-25
501,N/A,E,H113002,Exchange Loss,0,2418603.7,0,2418603.7,Jul-25
501,N/A,E,H116008,Printer Monthly Rental and Usage,0.00E+00,80000,40000,4.00E+04,Jul-25
501,N/A,E,H122004,Legal Charges,0.00E+00,0,0,0.00E+00,Jul-25
501,N/A,E,H122005,Out of Pocket Ext-Audit,0.00E+00,547200,273600,2.74E+05,Jul-25
501,N/A,E,H122007,Tax Consultancy,0.00E+00,0,0,0.00E+00,Jul-25
501,N/A,E,H122010,External Audit Fee - Group Audits,0.00E+00,0,0,0.00E+00,Jul-25
501,N/A,E,H123003,Daily Wages,0.00E+00,0,0,0.00E+00,Jul-25
501,N/A,E,H123005,Staff Training,0.00E+00,0,1452836,-1.45E+06,Jul-25
501,N/A,E,H123006,EOBI Expense,0.00E+00,184260,12136,1.72E+05,Jul-25
501,N/A,E,H123007,Advertisement Expenses,0.00E+00,0,0,0.00E+00,Jul-25
501,N/A,E,H124001,Office Repair & Maintenance,0.00E+00,0,0,0.00E+00,Jul-25
501,N/A,E,H125002,Annual License fee - Amortization,0.00E+00,0,0,0.00E+00,Jul-25
501,N/A,E,H129038,Sales tax - Withholding by clients,0,139000,0,139000,Jul-25
501,N/A,E,H130002,Cross-Currency Rounding Account,0,60463894.53,60463891.13,3.4,Jul-25
501,N/A,E,H13003D,Dummy account as of June-22,0,8866,8866.04,-0.04,Jul-25
101,FCDO,E,C107003,Due diligence cost - Pre & post investment cost,0.00E+00,0,0,0.00E+00,Aug-25
101,FCDO,E,C109001,CIC - Equity Deals,0.00E+00,0,0,0.00E+00,Aug-25
101,FCDO,E,C130004,SEED Technical Assistance                          ,0.00E+00,0,0,0.00E+00,Aug-25
101,FCDO,E,D107011,Company Registry,1.63E+06,0,0,1.63E+06,Aug-25
101,FCDO,E,H103002,Capacity Building,25000,25000,25000,25000,Aug-25
101,FCDO,E,H106007,Fuel reimbursement,177657.65,0,0,177657.65,Aug-25
101,FCDO,E,H107001,Depreciation Expense - Furnitures and Fixtures,47018.19,47018.19,0,94036.38,Aug-25
101,FCDO,E,H107002,Depreciation Expense - Office Equipment,20869.97,20869.97,0,41739.94,Aug-25
101,FCDO,E,H107004,Depreciation Expense - Computers,290716.64,290716.64,0,581433.28,Aug-25
101,FCDO,E,H107006,Depreciation Expense - Solar Equipment,31806.85,31806.85,0,63613.7,Aug-25
101,FCDO,E,H110002,Health Insurance - Amortization,0,85284,0,85284,Aug-25
101,FCDO,E,H123005,Staff Training,769762,0,0,769762,Aug-25
101,FCDO,E,H123006,EOBI Expense,0,6660,0,6660,Aug-25
101,FCDO,E,H126003,Rewards & Compensation Survey,0.00E+00,0,0,0.00E+00,Aug-25
101,FCDO,E,H128001,Guards & Janitorial Services,0.00E+00,0,0,0.00E+00,Aug-25
101,FCDO,E,H129021,Life Insurance - Amortization,0,6927,0,6927,Aug-25
101,FCDO,E,I109001,ICF 6 - GCF (Grant),1920000,0,0,1920000,Aug-25
101,FCDO,E,K102006,PR Services,5.01,0,0,5.01,Aug-25
101,FCDO,E,SS5H100,Staff Salaries,2492902,2005142,25000,4473044,Aug-25
101,FCDO,E,SS5H200,Staff Provident Fund,201738,161325,0,363063,Aug-25
201,GF,E,D107006,MPG - Mosc Expenses,0.00E+00,0,0,0.00E+00,Aug-25
201,GF,E,D107007,MPG Operations,0.00E+00,0,0,0.00E+00,Aug-25
201,GF,E,D107009,Engagement with Fintech Practitioners,0.00E+00,0,0,0.00E+00,Aug-25
201,GF,E,D107016,MOPASS,0.00E+00,0,0,0.00E+00,Aug-25
201,GF,E,D107017,RAAST Adoption,16285427,16862831.42,0,33148258.42,Aug-25
201,GF,E,D107018,"W1: Technical Advisory, Industry/Int'l Expert Engagement, Learning/Networking Events",2044229.06,1055953.05,0,3100182.11,Aug-25
201,GF,E,D107020,Pakistan Stack,0.00E+00,0.00E+00,0.00E+00,0.00E+00,Aug-25
201,GF,E,D107025,"W4: Technical Advisory, Industry/Int'l Expert Engagement, Learning/Networking Events",0,347513.82,0,347513.82,Aug-25
201,GF,E,D107028,E-commerce Value Chain Interventions,0.5,7210085.35,0,7.21E+06,Aug-25
201,GF,E,D107029,Sector Transformation - Agri Value Chain Transformation,0,11465120,0,11465120,Aug-25
201,GF,E,D107030,Adoption Projects,7611972,0,0,7611972,Aug-25
201,GF,E,D107037,FBR - Digital Invoicing Initiative (Landscape Assessment),115379937.4,218900560.2,0,334280497.6,Aug-25
201,GF,E,D107043,RAAST Implementation Phase,98078.9,0,0,98078.9,Aug-25
201,GF,E,D107046,RAAST Governance,0,1798140,0,1798140,Aug-25
201,GF,E,D107049,Cashless Ecosystem,-1536000,0,0,-1536000,Aug-25
201,GF,E,D108008,"W5: Technical Advisory, Industry/International Expert Engagement, Learning/Networking Events",0,44364,0,44364,Aug-25
201,GF,E,H101001,Bank Charges,82049.27,23445.61,0,105494.88,Aug-25
201,GF,E,H103002,Capacity Building,229218.43,346324.19,25000,550542.62,Aug-25
201,GF,E,H104001,Travel,21327.6,77038.25,0,98365.85,Aug-25
201,GF,E,H104002,BoD-Travel,29400,0,46350,-16950,Aug-25
201,GF,E,H105001,HR Consultancies & Internships,426880,249649,0,676529,Aug-25
201,GF,E,H106001,Electricity,113980,148119,0,262099,Aug-25
201,GF,E,H106002,Telephone & Internet,0,53646,0,53646,Aug-25
201,GF,E,H106003,Communication reimbursement,106619.83,91531.26,0,198151.09,Aug-25
201,GF,E,H106006,Generator Expenses,23007.6,60224,0,83231.6,Aug-25
201,GF,E,H106007,Fuel reimbursement,1725503.96,1837776.82,0,3563280.78,Aug-25
201,GF,E,H107001,Depreciation Expense - Furnitures and Fixtures,5940.11,5940.11,0,11880.22,Aug-25
201,GF,E,H108002,Vehicle Operations,98012.95,153373,0,251385.95,Aug-25
201,GF,E,H108003,Vehicle Maintenance,23473,5000,0,28473,Aug-25
201,GF,E,H108004,Vehicle Insurance - Amortization,5041.65,5041.65,0,10083.3,Aug-25
201,GF,E,H110002,Health Insurance - Amortization,1193978.02,1498159,0,2692137.02,Aug-25
201,GF,E,H113002,Exchange Loss,0,356527.65,0,356527.65,Aug-25
201,GF,E,H115001,Meeting & Conferences,37210.38,36514,0,73724.38,Aug-25
201,GF,E,H116001,Kitchen Supplies,74050.34,218403.37,0,292453.71,Aug-25
201,GF,E,H116003,Postage & Courier,0,9984,0,9984,Aug-25
201,GF,E,H116004,Office Supplies,24190.5,66803,0,90993.5,Aug-25
201,GF,E,H116006,IT Supplies,10000,0,0,10000,Aug-25
201,GF,E,H116008,Printer Monthly Rental and Usage,0,23788,0,23788,Aug-25
201,GF,E,H117001,Office Rent- Islamabad,1438910,1438910,0,2877820,Aug-25
201,GF,E,H118001,Amortization - Asset and Vehicles Insurance,14858.2,21226,0,36084.2,Aug-25
201,GF,E,H119001,Boarding & Lodging,1198260.75,39153.5,0,1237414.25,Aug-25
201,GF,E,H119003,Perdiem,79202.5,70000,0,149202.5,Aug-25
201,GF,E,H121002,Stationery Printing,12744,40212.5,0,52956.5,Aug-25
201,GF,E,H122004,Legal Charges,125416,60416.5,0,185832.5,Aug-25
201,GF,E,H122005,Out of Pocket Ext-Audit,0,116400,0,116400,Aug-25
201,GF,E,H122007,Tax Consultancy,28750,304750,0,333500,Aug-25
201,GF,E,H123003,Daily Wages,5000,6000,0,11000,Aug-25
201,GF,E,H123005,Staff Training,369004.78,0,27468,341536.78,Aug-25
201,GF,E,H123006,EOBI Expense,0,116994,0,116994,Aug-25
201,GF,E,H124001,Office Repair & Maintenance,17190,19970,0,37160,Aug-25
201,GF,E,H124002,Equipment Repair & Maintenance,-150.5,0,0,-150.5,Aug-25
201,GF,E,H125001,Software Annual Support Services,172363.5,350189.42,0,522552.92,Aug-25
201,GF,E,H126001,Fee & Subscription,5000,52219.83,0,57219.83,Aug-25
201,GF,E,H126002,Employee Engagement,600,107968,0,108568,Aug-25
201,GF,E,H126005,SPOT recognition,7500,0,0,7500,Aug-25
201,GF,E,H128001,Guards & Janitorial Services,447033,556558,483587,520004,Aug-25
201,GF,E,H129006,Directors & officers liability insurance,136745.83,136745.83,0,273491.66,Aug-25
201,GF,E,H129021,Life Insurance - Amortization,9.70E+04,121688,0,218668.75,Aug-25
201,GF,E,H129031,LT Gov Framework Exercise/Study,0,0,0,0.00E+00,Aug-25
201,GF,E,H130002,Cross-Currency Rounding Account,1.60E-01,0.32,0,0.48,Aug-25
201,GF,E,H130003,Board and Committee Meetings,0,252468,0,2.52E+05,Aug-25
201,GF,E,K102006,PR Services,5,0,0,5,Aug-25
201,GF,E,K102014,Website Maintenance+SEO,0,6353.27,0,6353.27,Aug-25
201,GF,E,K102015,Digital and Social Media,1323.13,0,0,1323.13,Aug-25
201,GF,E,K102016,Marketing Collateral,0,55250,0,55250,Aug-25
201,GF,E,K102017,SME/CIC Market Visibility and Outreach,31697.75,0,0,31697.75,Aug-25
201,GF,E,K103010,Regulatory Researches and Policy Notes,0.00E+00,0,0,0.00E+00,Aug-25
201,GF,E,K103021,Data Portal 2.0 (BMGF),0,288.1,0,288.1,Aug-25
201,GF,E,K103043,Digital Pakistan Conference and Workships/Events/Industry Consultations/Round Tables,0,86274,0,86274,Aug-25
201,GF,E,K103044,"DFS Outreach (videos, publications, photo collections)",62700,35000,0,97700,Aug-25
201,GF,E,K103052,"Engagement with Influencer Platforms/Podcasts (Pakistonomy, Tabadlab, etc.)",21400,0,0,21400,Aug-25
201,GF,E,K103062,"Editing and Printing of Internal Notes (e.g. Budget, Import Substitution of Agri Commodities, Digitization of Argi Cooperatives)",25750,0,0,25750,Aug-25
201,GF,E,K103070,Feasibility Study for an E-invoicing platform in Pakistan,0,1585500,0,1585500,Aug-25
201,GF,E,M102001,Third Party Monitoring of Karandaaz Projects,237792.16,0,0,237792.16,Aug-25
201,GF,E,M112001,Assessment of Incentive Scheme Projects,0.5,0,0,0.5,Aug-25
201,GF,E,SS5H100,Staff Salaries,29031002.31,29554285.55,486489,58098798.86,Aug-25
201,GF,E,SS5H200,Staff Provident Fund,2385664.45,2449421,0,4835085.45,Aug-25
201,GF,E,SS5H300,Staff Over time,9936,0,0,9936,Aug-25
401,OSR,E,C103002,MBL-SME Loans-Variable Expenses,276897.86,210828.31,0,487726.17,Aug-25
401,OSR,E,C103005,MIB-SME Loans-Variable Expenses,1740,1740,0,3480,Aug-25
401,OSR,E,C103008,Soneri-SME Loans-Variable Expenses,0,0,2552,-2552,Aug-25
401,OSR,E,H101001,Bank Charges,13630.12,45743.39,100,59273.51,Aug-25
401,OSR,E,H103002,Capacity Building,204218.43,321324.2,0,525542.63,Aug-25
401,OSR,E,H104001,Travel,39608.4,8205.25,0,47813.65,Aug-25
401,OSR,E,H104002,BoD-Travel,29400,0,46350,-16950,Aug-25
401,OSR,E,H105001,HR Consultancies & Internships,426880,249649,0,676529,Aug-25
401,OSR,E,H106001,Electricity,211677,148119,0,359796,Aug-25
401,OSR,E,H106002,Telephone & Internet,0,53646,0,53646,Aug-25
401,OSR,E,H106003,Communication reimbursement,76998.4,161434.65,0,238433.05,Aug-25
401,OSR,E,H106006,Generator Expenses,42728.4,60224,0,102952.4,Aug-25
401,OSR,E,H106007,Fuel reimbursement,1.76E+06,1837776.82,0,3.59E+06,Aug-25
401,OSR,E,H107001,Depreciation Expense - Furnitures and Fixtures,4612.93,4612.93,0,9225.86,Aug-25
401,OSR,E,H107002,Depreciation Expense - Office Equipment,2.95E+04,29493.74,0,5.90E+04,Aug-25
401,OSR,E,H107004,Depreciation Expense - Computers,1.60E+05,160236.1,0,3.20E+05,Aug-25
401,OSR,E,H108001,Road Transportation,0.00E+00,0,0,0.00E+00,Aug-25
401,OSR,E,H108002,Vehicle Operations,1.72E+05,153373,0,3.26E+05,Aug-25
401,OSR,E,H108003,Vehicle Maintenance,2.35E+04,5000,0,2.85E+04,Aug-25
401,OSR,E,H108004,Vehicle Insurance - Amortization,5041.65,5041.65,0,10083.3,Aug-25
401,OSR,E,H110002,Health Insurance - Amortization,1.19E+06,804514,0,2.00E+06,Aug-25
401,OSR,E,H113001,Exchange Gain,0.00E+00,0,6517,-6.52E+03,Aug-25
401,OSR,E,H115001,Meeting & Conferences,23692.38,28017.99,0,51710.37,Aug-25
401,OSR,E,H116001,Kitchen Supplies,7.41E+04,218403.36,0,2.92E+05,Aug-25
401,OSR,E,H116003,Postage & Courier,0,9983,0,9983,Aug-25
401,OSR,E,H116004,Office Supplies,19190.5,71803,0,90993.5,Aug-25
401,OSR,E,H116006,IT Supplies,6000,0,0,6000,Aug-25
401,OSR,E,H116007,IT - Repair and Maintenance,0.00E+00,0,0,0.00E+00,Aug-25
401,OSR,E,H116008,Printer Monthly Rental and Usage,0.00E+00,23787,0,2.38E+04,Aug-25
401,OSR,E,H117001,Office Rent- Islamabad,1438910,1438910,0,2877820,Aug-25
401,OSR,E,H118001,Amortization - Asset and Vehicles Insurance,27593.8,21226,0,48819.8,Aug-25
401,OSR,E,H119001,Boarding & Lodging,698587.25,120486.5,0,819073.75,Aug-25
401,OSR,E,H119002,BoD-Boarding & Lodging,0.00E+00,0,0,0.00E+00,Aug-25
401,OSR,E,H119003,Perdiem,94169.5,26000,0,120169.5,Aug-25
401,OSR,E,H121001,Office Stationery,0.00E+00,0,0,0.00E+00,Aug-25
401,OSR,E,H121002,Stationery Printing,12744,40212.5,0,52956.5,Aug-25
401,OSR,E,H122001,IT Consultancy,0.00E+00,0,0,0.00E+00,Aug-25
401,OSR,E,H122004,Legal Charges,95416,60416.5,0,155832.5,Aug-25
401,OSR,E,H122005,Out of Pocket Ext-Audit,0,116400,0,116400,Aug-25
401,OSR,E,H122007,Tax Consultancy,2.88E+04,304750,0,3.34E+05,Aug-25
401,OSR,E,H123003,Daily Wages,5.00E+03,6000,0,1.10E+04,Aug-25
401,OSR,E,H123005,Staff Training,341536.78,0,0,341536.78,Aug-25
401,OSR,E,H123006,EOBI Expense,0,62826,0,62826,Aug-25
401,OSR,E,H124001,Office Repair & Maintenance,17190,19970,0,37160,Aug-25
401,OSR,E,H124002,Equipment Repair & Maintenance,-279.5,0,0,-279.5,Aug-25
401,OSR,E,H125001,Software Annual Support Services,231773.1,350189.42,0,581962.52,Aug-25
401,OSR,E,H125002,Annual License fee - Amortization,0.00E+00,0,0.00E+00,0.00E+00,Aug-25
401,OSR,E,H126001,Fee & Subscription,0,57429.82,0,57429.82,Aug-25
401,OSR,E,H126002,Employee Engagement,6.00E+02,107968,0,1.09E+05,Aug-25
401,OSR,E,H126005,SPOT recognition,7500,0,0,7500,Aug-25
401,OSR,E,H128001,Guards & Janitorial Services,447034,591749,483588,555195,Aug-25
401,OSR,E,H128002,Corporate and Social Responsibility,0,900000,0,900000,Aug-25
401,OSR,E,H129006,Directors & officers liability insurance,136745.83,136745.83,0,273491.66,Aug-25
401,OSR,E,H129008,Other Expense,0.00E+00,0,0,0.00E+00,Aug-25
401,OSR,E,H129021,Life Insurance - Amortization,9.70E+04,65347,0,1.62E+05,Aug-25
401,OSR,E,H129033,Management fee expense PFSL,0.00E+00,421521.43,0,4.22E+05,Aug-25
401,OSR,E,H129036,Modification loss on KRN convertible loans,0.00E+00,0,0,0.00E+00,Aug-25
401,OSR,E,H130003,Board and Committee Meetings,0.00E+00,75000,0,7.50E+04,Aug-25
401,OSR,E,H13003D,Dummy account as of June-22,0.00E+00,0,0,0.00E+00,Aug-25
401,OSR,E,I109004,Ancillary Cost / Portfolio through PFSL,0.00E+00,202700.07,0,2.03E+05,Aug-25
401,OSR,E,I114001,WV: Capacity Building Funds,0.00E+00,0,0,0.00E+00,Aug-25
401,OSR,E,K102014,Website Maintenance+SEO,0.00E+00,6353.27,0,6.35E+03,Aug-25
401,OSR,E,K102015,Digital and Social Media,1.32E+03,0,0,1.32E+03,Aug-25
401,OSR,E,K102016,Marketing Collateral,0.00E+00,55250,0,5.53E+04,Aug-25
401,OSR,E,K102017,SME/CIC Market Visibility and Outreach,1.29E+05,0,0,1.29E+05,Aug-25
401,OSR,E,K102026,"WV - Events, Videos, Briefs",4.49E+05,0,0,4.49E+05,Aug-25
401,OSR,E,K102036,Production equipment,0.00E+00,0,0,0.00E+00,Aug-25
401,OSR,E,K103035,Constant Contact,0.00E+00,0,0,0.00E+00,Aug-25
401,OSR,E,K103052,"Engagement with Influencer Platforms/Podcasts (Pakistonomy, Tabadlab, etc.)",2.14E+04,0,0,2.14E+04,Aug-25
401,OSR,E,K103055,"Feasibilities of Innovative Climate Change Investments Projects (e.g. Biomass, Commercial Forestry)",-6.00E-01,0,0,-6.00E-01,Aug-25
401,OSR,E,K103062,"Editing and Printing of Internal Notes (e.g. Budget, Import Substitution of Agri Commodities, Digitization of Argi Cooperatives)",5.05E+03,0,0,5.05E+03,Aug-25
401,OSR,E,K103069,Identifying WEE inclusive sectors and opportunities for anchor models,0,0,25909.96,-25909.96,Aug-25
401,OSR,E,M102001,Third Party Monitoring of Karandaaz Projects,237792.16,681645.22,0,919437.38,Aug-25
401,OSR,E,SS5H100,Staff Salaries,18933885.74,19679387.45,388511,38224762.19,Aug-25
401,OSR,E,SS5H200,Staff Provident Fund,1531973.55,1582155,0,3114128.55,Aug-25
401,OSR,E,SS5H300,Staff Over time,9936,0,0,9936,Aug-25
501,N/A,E,C101001,FCDO - Amortization of Deferred Grant,0.00E+00,0,0,0.00E+00,Aug-25
501,N/A,E,C103002,MBL-SME Loans-Variable Expenses,0.00E+00,0,0,0.00E+00,Aug-25
501,N/A,E,C109002,Equity - Pre & post investment cost,0,29674,0,29674,Aug-25
501,N/A,E,C130005,CDC Maintenance Charges,69808,0,0,69808,Aug-25
501,N/A,E,D103016,Fintech Disrupt Challenge,0.00E+00,0,0,0.00E+00,Aug-25
501,N/A,E,D105004,CDNS,0.00E+00,0,0,0.00E+00,Aug-25
501,N/A,E,D106004,BISP- ERP & Payment reconciliation system,0.00E+00,0,0,0.00E+00,Aug-25
501,N/A,E,H101001,Bank Charges,0.81,4195.79,0.18,4196.42,Aug-25
501,N/A,E,H106002,Telephone & Internet,114020,0,0,114020,Aug-25
501,N/A,E,H106006,Generator Expenses,120448,0,0,120448,Aug-25
501,N/A,E,H107002,Depreciation Expense - Office Equipment,14719.98,17088.96,0,31808.94,Aug-25
501,N/A,E,H107004,Depreciation Expense - Computers,9086.76,9086.76,0,18173.52,Aug-25
501,N/A,E,H113001,Exchange Gain,-144818.31,0,0,-144818.31,Aug-25
501,N/A,E,H113002,Exchange Loss,2418603.7,0,0,2418603.7,Aug-25
501,N/A,E,H116008,Printer Monthly Rental and Usage,40000,0,0,40000,Aug-25
501,N/A,E,H122005,Out of Pocket Ext-Audit,273600,0,0,273600,Aug-25
501,N/A,E,H123005,Staff Training,-1452836,0,0,-1452836,Aug-25
501,N/A,E,H123006,EOBI Expense,172124,0,6590,165534,Aug-25
501,N/A,E,H123007,Advertisement Expenses,0.00E+00,0,0,0.00E+00,Aug-25
501,N/A,E,H125002,Annual License fee - Amortization,0.00E+00,0,0,0.00E+00,Aug-25
501,N/A,E,H126001,Fee & Subscription,0.00E+00,0,0,0.00E+00,Aug-25
501,N/A,E,H126002,Employee Engagement,0.00E+00,0,0,0.00E+00,Aug-25
501,N/A,E,H128001,Guards & Janitorial Services,0.00E+00,0,0,0.00E+00,Aug-25
501,N/A,E,H129009,JSK Feeds - Management Expense,0.00E+00,0,0,0.00E+00,Aug-25
501,N/A,E,H129018,Finance Cost on Lease Liability,0.00E+00,0,0,0.00E+00,Aug-25
501,N/A,E,H129019,Loss on below market rate loans - PFSL,0.00E+00,0,0,0.00E+00,Aug-25
501,N/A,E,H129021,Life Insurance - Amortization,0.00E+00,0,0,0.00E+00,Aug-25
501,N/A,E,H129024,Unwinding of Interest on loans through PFSL,0.00E+00,0,0,0.00E+00,Aug-25
501,N/A,E,H129028,BFBL-SME Loans-Variable Expenses,0.00E+00,0,0,0.00E+00,Aug-25
501,N/A,E,H129029,Nizam- SME Loans- Variable Expenses,0.00E+00,0,0,0.00E+00,Aug-25
501,N/A,E,H129034,Modification loss / gain on BFBL,0.00E+00,0,0,0.00E+00,Aug-25
501,N/A,E,H129035,Modification loss / gain due to change in cashflow on IHV,0.00E+00,0,0,0.00E+00,Aug-25
501,N/A,E,H129037,Brokerage fee and Ancillary charges,0.00E+00,0,0,0.00E+00,Aug-25
501,N/A,E,H129038,Sales tax - Withholding by clients,1.39E+05,0,0,1.39E+05,Aug-25
501,N/A,E,H130002,Cross-Currency Rounding Account,3.40E+00,37215692.96,37215694.39,1.97E+00,Aug-25
501,N/A,E,H13003D,Dummy account as of June-22,-4.00E-02,0,0.01,-5.00E-02,Aug-25
501,N/A,E,I107003,Women Entrepreneurship Challenge 2020,0.00E+00,0,0,0.00E+00,Aug-25
501,N/A,E,I109001,ICF 6 - GCF (Grant),0.00E+00,0,0,0.00E+00,Aug-25
501,N/A,E,I109004,Ancillary Cost / Portfolio through PFSL,0.00E+00,0,0,0.00E+00,Aug-25
501,N/A,E,I112001,WV: Technical Assistance (BDS),0.00E+00,0,0,0.00E+00,Aug-25
501,N/A,E,K102015,Digital and Social Media,0.00E+00,0,0,0.00E+00,Aug-25
501,N/A,E,SS5H100,Staff Salaries,0,0,419712,-419712,Aug-25
101,FCDO,E,C106002,CIC Transaction cost - Legal D.D & Documentation,0.00E+00,0.00E+00,0.00E+00,0.00E+00,Sept-25
101,FCDO,E,C107003,Due diligence cost - Pre & post investment cost,0.00E+00,0,0,0.00E+00,Sept-25
101,FCDO,E,C108002,Credit - Pre & post investment cost,0.00E+00,0,0,0.00E+00,Sept-25
101,FCDO,E,C130001,Capacity Building of Partners,0.00E+00,0,0,0.00E+00,Sept-25
101,FCDO,E,C130004,SEED Technical Assistance                          ,0.00E+00,0,0,0.00E+00,Sept-25
101,FCDO,E,D105012,Secured Transaction Registry (STR),0,0,0,0.00E+00,Sept-25
101,FCDO,E,D105013,SECP Overhead,0.00E+00,0,0,0.00E+00,Sept-25
101,FCDO,E,D107011,Company Registry,1630388.76,7245815.17,0,8876203.93,Sept-25
101,FCDO,E,D107021,LEAP PMO,0.00E+00,0,0,0.00E+00,Sept-25
101,FCDO,E,D107022,SOC Implementation,0,14785657.65,0,14785657.65,Sept-25
101,FCDO,E,D107025,"W4: Technical Advisory, Industry/Int'l Expert Engagement, Learning/Networking Events",0.00E+00,0,0,0.00E+00,Sept-25
101,FCDO,E,H101001,Bank Charges,0.00E+00,0,0,0.00E+00,Sept-25
101,FCDO,E,H103002,Capacity Building,2.50E+04,25000,0,5.00E+04,Sept-25
101,FCDO,E,H104001,Travel,0.00E+00,0,0,0.00E+00,Sept-25
101,FCDO,E,H105001,HR Consultancies & Internships,0.00E+00,0,0,0.00E+00,Sept-25
101,FCDO,E,H106001,Electricity,0.00E+00,0,0,0.00E+00,Sept-25
101,FCDO,E,H106002,Telephone & Internet,0.00E+00,0,0,0.00E+00,Sept-25
101,FCDO,E,H106003,Communication reimbursement,0.00E+00,2300,0,2.30E+03,Sept-25
101,FCDO,E,H106006,Generator Expenses,0.00E+00,0,0,0.00E+00,Sept-25
101,FCDO,E,H106007,Fuel reimbursement,1.78E+05,173749.08,0,3.51E+05,Sept-25
101,FCDO,E,H107001,Depreciation Expense - Furnitures and Fixtures,9.40E+04,45211.44,0,1.39E+05,Sept-25
101,FCDO,E,H107002,Depreciation Expense - Office Equipment,41739.94,20196.75,0,61936.69,Sept-25
101,FCDO,E,H107004,Depreciation Expense - Computers,581433.28,281338.71,0,862771.99,Sept-25
101,FCDO,E,H107006,Depreciation Expense - Solar Equipment,6.36E+04,30780.82,0,9.44E+04,Sept-25
101,FCDO,E,H108001,Road Transportation,0.00E+00,0,0,0.00E+00,Sept-25
101,FCDO,E,H108003,Vehicle Maintenance,0.00E+00,0,0,0.00E+00,Sept-25
101,FCDO,E,H110002,Health Insurance - Amortization,85284,83301,0,168585,Sept-25
101,FCDO,E,H113002,Exchange Loss,0.00E+00,0,0,0.00E+00,Sept-25
101,FCDO,E,H119001,Boarding & Lodging,0.00E+00,0,0,0.00E+00,Sept-25
101,FCDO,E,H122004,Legal Charges,0.00E+00,0,0,0.00E+00,Sept-25
101,FCDO,E,H122007,Tax Consultancy,0.00E+00,0,0,0.00E+00,Sept-25
101,FCDO,E,H123005,Staff Training,769762,0,0,769762,Sept-25
101,FCDO,E,H123006,EOBI Expense,6660,6660,0,13320,Sept-25
101,FCDO,E,H129021,Life Insurance - Amortization,6.93E+03,6766,0,1.37E+04,Sept-25
101,FCDO,E,I109001,ICF 6 - GCF (Grant),1920000,0,0,1920000,Sept-25
101,FCDO,E,K102006,PR Services,5.01,0,0,5.01,Sept-25
101,FCDO,E,K102014,Website Maintenance+SEO,0,161700,0,161700,Sept-25
101,FCDO,E,SS5H100,Staff Salaries,4473044,1980142,0,6453186,Sept-25
101,FCDO,E,SS5H200,Staff Provident Fund,363063,161325,0,524388,Sept-25
201,GF,E,D106008,"W3: Technical Advisory, Industry/International Expert Engagement, Learning/Networking Events",0,9163,0,9163,Sept-25
201,GF,E,D107017,RAAST Adoption,33148258.42,18276436.39,0,51424694.81,Sept-25
201,GF,E,D107018,"W1: Technical Advisory, Industry/Int'l Expert Engagement, Learning/Networking Events",3100182.11,333242.84,0,3433424.95,Sept-25
201,GF,E,D107025,"W4: Technical Advisory, Industry/Int'l Expert Engagement, Learning/Networking Events",347513.82,185365.09,0,532878.91,Sept-25
201,GF,E,D107028,E-commerce Value Chain Interventions,7210085.85,0,111526.35,7098559.5,Sept-25
201,GF,E,D107029,Sector Transformation - Agri Value Chain Transformation,11465120,809304,0,12274424,Sept-25
201,GF,E,D107030,Adoption Projects,7611972,0,0,7611972,Sept-25
201,GF,E,D107037,FBR - Digital Invoicing Initiative (Landscape Assessment),334280497.6,5197500,0,339477997.6,Sept-25
201,GF,E,D107039,RAAST S&M,0,118217284.8,0,118217284.8,Sept-25
201,GF,E,D107043,RAAST Implementation Phase,98078.9,0,0,98078.9,Sept-25
201,GF,E,D107046,RAAST Governance,1798140,899070,0,2697210,Sept-25
201,GF,E,D107049,Cashless Ecosystem,-1536000,0,0,-1536000,Sept-25
201,GF,E,D108005,Mainstreaming,0,393258.43,0,393258.43,Sept-25
201,GF,E,D108008,"W5: Technical Advisory, Industry/International Expert Engagement, Learning/Networking Events",44364,0,0,44364,Sept-25
201,GF,E,H101001,Bank Charges,105494.88,13336.03,0,118830.91,Sept-25
201,GF,E,H103002,Capacity Building,550542.62,6971506,4086180,3435868.62,Sept-25
201,GF,E,H104001,Travel,98365.85,0,0,98365.85,Sept-25
201,GF,E,H104002,BoD-Travel,-16950,0,0,-16950,Sept-25
201,GF,E,H105001,HR Consultancies & Internships,676529,272920,0,949449,Sept-25
201,GF,E,H106001,Electricity,262099,151161,16567,396693,Sept-25
201,GF,E,H106002,Telephone & Internet,53646,53398,0,107044,Sept-25
201,GF,E,H106003,Communication reimbursement,198151.09,183770.27,0,381921.36,Sept-25
201,GF,E,H106006,Generator Expenses,83231.6,65018.13,0,148249.73,Sept-25
201,GF,E,H106007,Fuel reimbursement,3563280.78,1796405.79,0,5359686.57,Sept-25
201,GF,E,H107001,Depreciation Expense - Furnitures and Fixtures,11880.22,5748.49,0,17628.71,Sept-25
201,GF,E,H108002,Vehicle Operations,251385.95,81738.47,0,333124.42,Sept-25
201,GF,E,H108003,Vehicle Maintenance,28473,21550,0,50023,Sept-25
201,GF,E,H108004,Vehicle Insurance - Amortization,10083.3,5062.5,0,15145.8,Sept-25
201,GF,E,H110002,Health Insurance - Amortization,2692137.02,1944576.01,0,4636713.03,Sept-25
201,GF,E,H113002,Exchange Loss,356527.65,0,0,356527.65,Sept-25
201,GF,E,H115001,Meeting & Conferences,73724.38,260814.89,0,334539.27,Sept-25
201,GF,E,H116001,Kitchen Supplies,292453.71,158396.88,0,450850.59,Sept-25
201,GF,E,H116002,Cleaning Material,0,18286,0,18286,Sept-25
201,GF,E,H116003,Postage & Courier,9984,2700,0,12684,Sept-25
201,GF,E,H116004,Office Supplies,90993.5,19099,0,110092.5,Sept-25
201,GF,E,H116006,IT Supplies,10000,12650,0,22650,Sept-25
201,GF,E,H116007,IT - Repair and Maintenance,0,38881,0,38881,Sept-25
201,GF,E,H116008,Printer Monthly Rental and Usage,23788,12248,0,36036,Sept-25
201,GF,E,H117001,Office Rent- Islamabad,2877820,1438910,0,4316730,Sept-25
201,GF,E,H118001,Amortization - Asset and Vehicles Insurance,36084.2,19069.13,0,55153.33,Sept-25
201,GF,E,H119001,Boarding & Lodging,1237414.25,180467.98,0,1417882.23,Sept-25
201,GF,E,H119003,Perdiem,149202.5,60000,0,209202.5,Sept-25
201,GF,E,H121002,Stationery Printing,52956.5,0,0,52956.5,Sept-25
201,GF,E,H122004,Legal Charges,185832.5,60416.5,0,246249,Sept-25
201,GF,E,H122005,Out of Pocket Ext-Audit,116400,0,0,116400,Sept-25
201,GF,E,H122007,Tax Consultancy,333500,28750,0,362250,Sept-25
201,GF,E,H123003,Daily Wages,11000,12000,0,23000,Sept-25
201,GF,E,H123005,Staff Training,341536.78,0,0,341536.78,Sept-25
201,GF,E,H123006,EOBI Expense,116994,116994,0,233988,Sept-25
201,GF,E,H124001,Office Repair & Maintenance,37160,14275,0,51435,Sept-25
201,GF,E,H124002,Equipment Repair & Maintenance,-150.5,0,0,-150.5,Sept-25
201,GF,E,H125001,Software Annual Support Services,522552.92,42431.55,0,564984.47,Sept-25
201,GF,E,H126001,Fee & Subscription,57219.83,9000,0,66219.83,Sept-25
201,GF,E,H126002,Employee Engagement,108568,39526.5,0,148094.5,Sept-25
201,GF,E,H126005,SPOT recognition,7500,3396.05,0,10896.05,Sept-25
201,GF,E,H128001,Guards & Janitorial Services,520004,170846,0,690850,Sept-25
201,GF,E,H129006,Directors & officers liability insurance,273491.66,136745.83,0,410237.49,Sept-25
201,GF,E,H129021,Life Insurance - Amortization,218668.75,118858,0,337526.75,Sept-25
201,GF,E,H130002,Cross-Currency Rounding Account,0.48,0,0,0.48,Sept-25
201,GF,E,H130003,Board and Committee Meetings,252468,835000,0,1087468,Sept-25
201,GF,E,K102006,PR Services,5,605193.6,0,605198.6,Sept-25
201,GF,E,K102014,Website Maintenance+SEO,6353.27,168013.38,0,174366.65,Sept-25
201,GF,E,K102015,Digital and Social Media,1323.13,0,0,1323.13,Sept-25
201,GF,E,K102016,Marketing Collateral,55250,81397.5,0,136647.5,Sept-25
201,GF,E,K102017,SME/CIC Market Visibility and Outreach,31697.75,0,0,31697.75,Sept-25
201,GF,E,K103021,Data Portal 2.0 (BMGF),288.1,0,0,288.1,Sept-25
201,GF,E,K103043,Digital Pakistan Conference and Workships/Events/Industry Consultations/Round Tables,86274,1598672.5,0,1684946.5,Sept-25
201,GF,E,K103044,"DFS Outreach (videos, publications, photo collections)",97700,0,0,97700,Sept-25
201,GF,E,K103052,"Engagement with Influencer Platforms/Podcasts (Pakistonomy, Tabadlab, etc.)",21400,0,0,21400,Sept-25
201,GF,E,K103061,Improving DFS Adoption Among Women,0,2510000,0,2510000,Sept-25
201,GF,E,K103062,"Editing and Printing of Internal Notes (e.g. Budget, Import Substitution of Agri Commodities, Digitization of Argi Cooperatives)",25750,0,0,25750,Sept-25
201,GF,E,K103065,Knowledge Partnerships BMGF (FAW),0,652560.26,0,652560.26,Sept-25
201,GF,E,K103070,Feasibility Study for an E-invoicing platform in Pakistan,1585500,0,0,1585500,Sept-25
201,GF,E,M102001,Third Party Monitoring of Karandaaz Projects,237792.16,0,0,237792.16,Sept-25
201,GF,E,M112001,Assessment of Incentive Scheme Projects,0.5,0,0,0.5,Sept-25
201,GF,E,SS5H100,Staff Salaries,58098798.86,33525473,0,91624271.86,Sept-25
201,GF,E,SS5H200,Staff Provident Fund,4835085.45,2636937,0,7472022.45,Sept-25
201,GF,E,SS5H300,Staff Over time,9936,0,0,9936,Sept-25
401,OSR,E,C103002,MBL-SME Loans-Variable Expenses,487726.17,226729.64,0,714455.81,Sept-25
401,OSR,E,C103005,MIB-SME Loans-Variable Expenses,3480,1970.84,0,5450.84,Sept-25
401,OSR,E,C103008,Soneri-SME Loans-Variable Expenses,-2552,0,0,-2552,Sept-25
401,OSR,E,C109002,Equity - Pre & post investment cost,0,27273,0,27273,Sept-25
401,OSR,E,H101001,Bank Charges,59273.51,279040.47,126001.4,212312.58,Sept-25
401,OSR,E,H103002,Capacity Building,525542.63,6946506,4086180,3385868.63,Sept-25
401,OSR,E,H104001,Travel,47813.65,0,0,47813.65,Sept-25
401,OSR,E,H104002,BoD-Travel,-16950,0,0,-16950,Sept-25
401,OSR,E,H105001,HR Consultancies & Internships,676529,272920,0,949449,Sept-25
401,OSR,E,H106001,Electricity,359796,151161,16567,494390,Sept-25
401,OSR,E,H106002,Telephone & Internet,53646,53399,0,107045,Sept-25
401,OSR,E,H106003,Communication reimbursement,238433.05,140967.55,0,379400.6,Sept-25
401,OSR,E,H106006,Generator Expenses,102952.4,69127.37,0,172079.77,Sept-25
401,OSR,E,H106007,Fuel reimbursement,3593911.18,1758986.46,0,5352897.64,Sept-25
401,OSR,E,H107001,Depreciation Expense - Furnitures and Fixtures,9225.86,4464.13,0,13689.99,Sept-25
401,OSR,E,H107002,Depreciation Expense - Office Equipment,58987.48,28542.35,0,87529.83,Sept-25
401,OSR,E,H107004,Depreciation Expense - Computers,320472.2,156837.37,0,477309.57,Sept-25
401,OSR,E,H108002,Vehicle Operations,325812.05,144036.03,0,469848.08,Sept-25
401,OSR,E,H108003,Vehicle Maintenance,28473,21550,0,50023,Sept-25
401,OSR,E,H108004,Vehicle Insurance - Amortization,10083.3,5062.5,0,15145.8,Sept-25
401,OSR,E,H110002,Health Insurance - Amortization,1998492.02,1322597.01,0,3321089.03,Sept-25
401,OSR,E,H113001,Exchange Gain,-6517,0,0,-6517,Sept-25
401,OSR,E,H115001,Meeting & Conferences,51710.37,133909.29,0,185619.66,Sept-25
401,OSR,E,H116001,Kitchen Supplies,292453.69,158396.88,0,450850.57,Sept-25
401,OSR,E,H116002,Cleaning Material,0,18286,0,18286,Sept-25
401,OSR,E,H116003,Postage & Courier,9983,2699,0,12682,Sept-25
401,OSR,E,H116004,Office Supplies,90993.5,17399,0,108392.5,Sept-25
401,OSR,E,H116006,IT Supplies,6000,12650,0,18650,Sept-25
401,OSR,E,H116007,IT - Repair and Maintenance,0,38881,0,38881,Sept-25
401,OSR,E,H116008,Printer Monthly Rental and Usage,23787,12249,0,36036,Sept-25
401,OSR,E,H117001,Office Rent- Islamabad,2877820,1438910,0,4316730,Sept-25
401,OSR,E,H118001,Amortization - Asset and Vehicles Insurance,48819.8,19069.13,0,67888.93,Sept-25
401,OSR,E,H119001,Boarding & Lodging,819073.75,176376.75,0,995450.5,Sept-25
401,OSR,E,H119003,Perdiem,120169.5,48000,0,168169.5,Sept-25
401,OSR,E,H121002,Stationery Printing,52956.5,0,0,52956.5,Sept-25
401,OSR,E,H122004,Legal Charges,155832.5,60416.5,0,216249,Sept-25
401,OSR,E,H122005,Out of Pocket Ext-Audit,116400,0,0,116400,Sept-25
401,OSR,E,H122007,Tax Consultancy,333500,28750,0,362250,Sept-25
401,OSR,E,H123003,Daily Wages,11000,12000,0,23000,Sept-25
401,OSR,E,H123005,Staff Training,341536.78,0,0,341536.78,Sept-25
401,OSR,E,H123006,EOBI Expense,62826,67266,0,130092,Sept-25
401,OSR,E,H124001,Office Repair & Maintenance,37160,14275,0,51435,Sept-25
401,OSR,E,H124002,Equipment Repair & Maintenance,-279.5,0,0,-279.5,Sept-25
401,OSR,E,H125001,Software Annual Support Services,581962.52,42431.55,0,624394.07,Sept-25
401,OSR,E,H126001,Fee & Subscription,57429.82,0,0,57429.82,Sept-25
401,OSR,E,H126002,Employee Engagement,108568,39526.5,0,148094.5,Sept-25
401,OSR,E,H126005,SPOT recognition,7500,6306.95,0,13806.95,Sept-25
401,OSR,E,H128001,Guards & Janitorial Services,555195,153252,17595,690852,Sept-25
401,OSR,E,H128002,Corporate and Social Responsibility,900000,0,0,900000,Sept-25
401,OSR,E,H129006,Directors & officers liability insurance,273491.66,136745.83,0,410237.49,Sept-25
401,OSR,E,H129021,Life Insurance - Amortization,162327.75,68339,0,230666.75,Sept-25
401,OSR,E,H129033,Management fee expense PFSL,421521.43,0,0,421521.43,Sept-25
401,OSR,E,H129037,Brokerage fee and Ancillary charges,0,1614000,807000,807000,Sept-25
401,OSR,E,H130003,Board and Committee Meetings,75000,860000,0,935000,Sept-25
401,OSR,E,I109004,Ancillary Cost / Portfolio through PFSL,202700.07,0,0,202700.07,Sept-25
401,OSR,E,K102006,PR Services,0,605193.6,0,605193.6,Sept-25
401,OSR,E,K102014,Website Maintenance+SEO,6353.27,6313.38,0,12666.65,Sept-25
401,OSR,E,K102015,Digital and Social Media,1323.13,0,0,1323.13,Sept-25
401,OSR,E,K102016,Marketing Collateral,55250,81397.5,0,136647.5,Sept-25
401,OSR,E,K102017,SME/CIC Market Visibility and Outreach,129197.75,0,0,129197.75,Sept-25
401,OSR,E,K102026,"WV - Events, Videos, Briefs",449005.5,0,0,449005.5,Sept-25
401,OSR,E,K103052,"Engagement with Influencer Platforms/Podcasts (Pakistonomy, Tabadlab, etc.)",21400,0,0,21400,Sept-25
401,OSR,E,K103055,"Feasibilities of Innovative Climate Change Investments Projects (e.g. Biomass, Commercial Forestry)",-0.6,750000.1,0.1,749999.4,Sept-25
401,OSR,E,K103062,"Editing and Printing of Internal Notes (e.g. Budget, Import Substitution of Agri Commodities, Digitization of Argi Cooperatives)",5050,0,0,5050,Sept-25
401,OSR,E,K103069,Identifying WEE inclusive sectors and opportunities for anchor models,-25909.96,744929,0,719019.04,Sept-25
401,OSR,E,M102001,Third Party Monitoring of Karandaaz Projects,919437.38,720000,0,1639437.38,Sept-25
401,OSR,E,SS5H100,Staff Salaries,38224762.19,22350889,0,60575651.19,Sept-25
401,OSR,E,SS5H200,Staff Provident Fund,3114128.55,1819412,0,4933540.55,Sept-25
401,OSR,E,SS5H300,Staff Over time,9936,0,0,9936,Sept-25
501,N/A,E,C109002,Equity - Pre & post investment cost,29674,60000,0,89674,Sept-25
501,N/A,E,C130005,CDC Maintenance Charges,69808,0,0,69808,Sept-25
501,N/A,E,H101001,Bank Charges,4196.42,0.06,0,4196.48,Sept-25
501,N/A,E,H102001,Amortization of Intangible Assets,0,3487921,0,3487921,Sept-25
501,N/A,E,H106002,Telephone & Internet,114020,0,0,114020,Sept-25
501,N/A,E,H106006,Generator Expenses,120448,0,0,120448,Sept-25
501,N/A,E,H107002,Depreciation Expense - Office Equipment,31808.94,21803.3,0,53612.24,Sept-25
501,N/A,E,H107004,Depreciation Expense - Computers,18173.52,8793.64,0,26967.16,Sept-25
501,N/A,E,H113001,Exchange Gain,-144818.31,0,0,-144818.31,Sept-25
501,N/A,E,H113002,Exchange Loss,2418603.7,0,0,2418603.7,Sept-25
501,N/A,E,H116008,Printer Monthly Rental and Usage,40000,0,0,40000,Sept-25
501,N/A,E,H122005,Out of Pocket Ext-Audit,273600,0,0,273600,Sept-25
501,N/A,E,H123005,Staff Training,-1452836,0,0,-1452836,Sept-25
501,N/A,E,H123006,EOBI Expense,165534,0,1861,163673,Sept-25
501,N/A,E,H125002,Annual License fee - Amortization,0,2772825.84,0,2772825.84,Sept-25
501,N/A,E,H129038,Sales tax - Withholding by clients,139000,0,0,139000,Sept-25
501,N/A,E,H130002,Cross-Currency Rounding Account,1.97,1.6,0,3.57,Sept-25
501,N/A,E,H13003D,Dummy account as of June-22,-0.05,1575000045,1575000000,44.92,Sept-25
501,N/A,E,SS5H100,Staff Salaries,-419712,0,0,-419712,Sept-25
101,FCDO,E,D107011,Company Registry,8876203.93,18377356.42,0,27253560.35,Oct-25
101,FCDO,E,D107022,SOC Implementation,14785657.65,11089243.28,0,25874900.93,Oct-25
101,FCDO,E,H103002,Capacity Building,50000,25000,0,75000,Oct-25
101,FCDO,E,H106003,Communication reimbursement,2300,0,0,2300,Oct-25
101,FCDO,E,H106007,Fuel reimbursement,351406.73,173845.88,0,525252.61,Oct-25
101,FCDO,E,H107001,Depreciation Expense - Furnitures and Fixtures,139247.82,46119.11,0,185366.93,Oct-25
101,FCDO,E,H107002,Depreciation Expense - Office Equipment,61936.69,20497.02,0,82433.71,Oct-25
101,FCDO,E,H107004,Depreciation Expense - Computers,862771.99,290716.64,0,1153488.63,Oct-25
101,FCDO,E,H107006,Depreciation Expense - Solar Equipment,94394.52,31806.85,0,126201.37,Oct-25
101,FCDO,E,H110002,Health Insurance - Amortization,168585,224118,140817,251886,Oct-25
101,FCDO,E,H123005,Staff Training,769762,0,0,769762,Oct-25
101,FCDO,E,H123006,EOBI Expense,13320,13320,6660,19980,Oct-25
101,FCDO,E,H129021,Life Insurance - Amortization,13693,13612,6846,20459,Oct-25
101,FCDO,E,I109001,ICF 6 - GCF (Grant),1920000,0,0,1920000,Oct-25
101,FCDO,E,K102006,PR Services,5.01,0,0,5.01,Oct-25
101,FCDO,E,K102014,Website Maintenance+SEO,161700,0,0,161700,Oct-25
101,FCDO,E,SS5H100,Staff Salaries,6453186,3960284,1980142,8433328,Oct-25
101,FCDO,E,SS5H200,Staff Provident Fund,524388,322650,161325,685713,Oct-25
201,GF,E,D103021,Digital Payments,0,17422500,0,17422500,Oct-25
201,GF,E,D107015,New Accounts Acquisition,0,5430469,0,5430469,Oct-25
201,GF,E,D107017,RAAST Adoption,51424694.81,5456900,0,56881594.81,Oct-25
201,GF,E,D107018,"W1: Technical Advisory, Industry/Int'l Expert Engagement, Learning/Networking Events",3433424.95,908723.22,0,4342148.17,Oct-25
201,GF,E,D107025,"W4: Technical Advisory, Industry/Int'l Expert Engagement, Learning/Networking Events",532878.91,495388.65,0,1028267.56,Oct-25
201,GF,E,D107028,E-commerce Value Chain Interventions,7098559.5,0,0,7098559.5,Oct-25
201,GF,E,D107029,Sector Transformation - Agri Value Chain Transformation,12274424,0,0,12274424,Oct-25
201,GF,E,D107030,Adoption Projects,7611972,0,0,7611972,Oct-25
201,GF,E,D107037,FBR - Digital Invoicing Initiative (Landscape Assessment),339477997.6,59727268,0,399205265.6,Oct-25
201,GF,E,D107039,RAAST S&M,118217284.8,0,0,118217284.8,Oct-25
201,GF,E,D107043,RAAST Implementation Phase,98078.9,0,0,98078.9,Oct-25
201,GF,E,D107044,Buna-RAAST Connectivity,0,750000,0,750000,Oct-25
201,GF,E,D107046,RAAST Governance,2697210,899070,0,3596280,Oct-25
201,GF,E,D107049,Cashless Ecosystem,-1536000,0,0,-1536000,Oct-25
201,GF,E,D108002,CCT Program to eradicate Polio,0,1000000,0,1000000,Oct-25
201,GF,E,D108005,Mainstreaming,393258.43,0,0,393258.43,Oct-25
201,GF,E,D108008,"W5: Technical Advisory, Industry/International Expert Engagement, Learning/Networking Events",44364,0,0,44364,Oct-25
201,GF,E,H101001,Bank Charges,118830.91,0,0,118830.91,Oct-25
201,GF,E,H103002,Capacity Building,3435868.62,3457415.51,20475,6872809.13,Oct-25
201,GF,E,H104001,Travel,98365.85,28822.15,0,127188,Oct-25
201,GF,E,H104002,BoD-Travel,-16950,0,0,-16950,Oct-25
201,GF,E,H105001,HR Consultancies & Internships,949449,257785,0,1207234,Oct-25
201,GF,E,H106001,Electricity,396693,98880,0,495573,Oct-25
201,GF,E,H106002,Telephone & Internet,107044,53342,0,160386,Oct-25
201,GF,E,H106003,Communication reimbursement,381921.36,164418.29,0,546339.65,Oct-25
201,GF,E,H106006,Generator Expenses,148249.73,60224,0,208473.73,Oct-25
201,GF,E,H106007,Fuel reimbursement,5359686.57,1802977.23,0,7162663.8,Oct-25
201,GF,E,H107001,Depreciation Expense - Furnitures and Fixtures,17628.71,5940.11,0,23568.82,Oct-25
201,GF,E,H108002,Vehicle Operations,333124.42,112158.9,0,445283.32,Oct-25
201,GF,E,H108003,Vehicle Maintenance,50023,41155,0,91178,Oct-25
201,GF,E,H108004,Vehicle Insurance - Amortization,15145.8,5062.5,0,20208.3,Oct-25
201,GF,E,H110002,Health Insurance - Amortization,4636713.03,3938617,2457250,6118080.03,Oct-25
201,GF,E,H113002,Exchange Loss,356527.65,0,0,356527.65,Oct-25
201,GF,E,H115001,Meeting & Conferences,334539.27,107789.5,0,442328.77,Oct-25
201,GF,E,H116001,Kitchen Supplies,450850.59,158284.03,0,609134.62,Oct-25
201,GF,E,H116002,Cleaning Material,18286,0,0,18286,Oct-25
201,GF,E,H116003,Postage & Courier,12684,4820,0,17504,Oct-25
201,GF,E,H116004,Office Supplies,110092.5,47177.5,0,157270,Oct-25
201,GF,E,H116006,IT Supplies,22650,0,0,22650,Oct-25
201,GF,E,H116007,IT - Repair and Maintenance,38881,0,0,38881,Oct-25
201,GF,E,H116008,Printer Monthly Rental and Usage,36036,21277,0,57313,Oct-25
201,GF,E,H117001,Office Rent- Islamabad,4316730,1438910,0,5755640,Oct-25
201,GF,E,H118001,Amortization - Asset and Vehicles Insurance,55153.33,19069.13,0,74222.46,Oct-25
201,GF,E,H119001,Boarding & Lodging,1417882.23,1756117.95,0,3174000.18,Oct-25
201,GF,E,H119002,BoD-Boarding & Lodging,0,43680,0,43680,Oct-25
201,GF,E,H119003,Perdiem,209202.5,582867.1,0,792069.6,Oct-25
201,GF,E,H121002,Stationery Printing,52956.5,14160,0,67116.5,Oct-25
201,GF,E,H122004,Legal Charges,246249,684688.73,576772.23,354165.5,Oct-25
201,GF,E,H122005,Out of Pocket Ext-Audit,116400,32800,0,149200,Oct-25
201,GF,E,H122007,Tax Consultancy,362250,28750,0,391000,Oct-25
201,GF,E,H123003,Daily Wages,23000,0,0,23000,Oct-25
201,GF,E,H123005,Staff Training,341536.78,0,0,341536.78,Oct-25
201,GF,E,H123006,EOBI Expense,233988,234654,116217,352425,Oct-25
201,GF,E,H124001,Office Repair & Maintenance,51435,14065,0,65500,Oct-25
201,GF,E,H124002,Equipment Repair & Maintenance,-150.5,0,0,-150.5,Oct-25
201,GF,E,H125001,Software Annual Support Services,564984.47,276955.26,0,841939.73,Oct-25
201,GF,E,H126001,Fee & Subscription,66219.83,6650,0,72869.83,Oct-25
201,GF,E,H126002,Employee Engagement,148094.5,64284,0,212378.5,Oct-25
201,GF,E,H126005,SPOT recognition,10896.05,136000,0,146896.05,Oct-25
201,GF,E,H128001,Guards & Janitorial Services,690850,160029,0,850879,Oct-25
201,GF,E,H129006,Directors & officers liability insurance,410237.49,136745.83,0,546983.32,Oct-25
201,GF,E,H129021,Life Insurance - Amortization,337526.75,239782,119458,457850.75,Oct-25
201,GF,E,H130002,Cross-Currency Rounding Account,0.48,0,0.19,0.29,Oct-25
201,GF,E,H130003,Board and Committee Meetings,1087468,748500,0,1835968,Oct-25
201,GF,E,K102006,PR Services,605198.6,27508.8,0,632707.4,Oct-25
201,GF,E,K102014,Website Maintenance+SEO,174366.65,6313.38,0,180680.03,Oct-25
201,GF,E,K102015,Digital and Social Media,1323.13,30954.51,0,32277.64,Oct-25
201,GF,E,K102016,Marketing Collateral,136647.5,225000,0,361647.5,Oct-25
201,GF,E,K102017,SME/CIC Market Visibility and Outreach,31697.75,0,0,31697.75,Oct-25
201,GF,E,K103021,Data Portal 2.0 (BMGF),288.1,921876.95,0,922165.05,Oct-25
201,GF,E,K103035,Constant Contact,0,115787.46,0,115787.46,Oct-25
201,GF,E,K103043,Digital Pakistan Conference and Workships/Events/Industry Consultations/Round Tables,1684946.5,203780,0,1888726.5,Oct-25
201,GF,E,K103044,"DFS Outreach (videos, publications, photo collections)",97700,17250,0,114950,Oct-25
201,GF,E,K103052,"Engagement with Influencer Platforms/Podcasts (Pakistonomy, Tabadlab, etc.)",21400,0,0,21400,Oct-25
201,GF,E,K103061,Improving DFS Adoption Among Women,2510000,0,0,2510000,Oct-25
201,GF,E,K103062,"Editing and Printing of Internal Notes (e.g. Budget, Import Substitution of Agri Commodities, Digitization of Argi Cooperatives)",25750,0,0,25750,Oct-25
201,GF,E,K103065,Knowledge Partnerships BMGF (FAW),652560.26,487708.9,0,1140269.16,Oct-25
201,GF,E,K103070,Feasibility Study for an E-invoicing platform in Pakistan,1585500,0.17,0,1585500.17,Oct-25
201,GF,E,M102001,Third Party Monitoring of Karandaaz Projects,237792.16,162634.35,0,400426.51,Oct-25
201,GF,E,M112001,Assessment of Incentive Scheme Projects,0.5,0,0,0.5,Oct-25
201,GF,E,SS5H100,Staff Salaries,91624271.86,60443158,29647832,122419597.9,Oct-25
201,GF,E,SS5H200,Staff Provident Fund,7472022.45,5047138,2516993,10002167.45,Oct-25
201,GF,E,SS5H300,Staff Over time,9936,0,0,9936,Oct-25
301,OSR,E,H119003,Perdiem,0,2000,0,2000,Oct-25
401,OSR,E,C103002,MBL-SME Loans-Variable Expenses,714455.81,296843.18,0,1011298.99,Oct-25
401,OSR,E,C103005,MIB-SME Loans-Variable Expenses,5450.84,1740,0,7190.84,Oct-25
401,OSR,E,C103008,Soneri-SME Loans-Variable Expenses,-2552,0,0,-2552,Oct-25
401,OSR,E,C108002,Credit - Pre & post investment cost,0,370000,0,370000,Oct-25
401,OSR,E,C109002,Equity - Pre & post investment cost,27273,400000,0,427273,Oct-25
401,OSR,E,H101001,Bank Charges,212312.58,7980.8,40.6,220252.78,Oct-25
401,OSR,E,H103002,Capacity Building,3385868.63,3432415.51,20475,6797809.14,Oct-25
401,OSR,E,H104001,Travel,47813.65,59526.85,0,107340.5,Oct-25
401,OSR,E,H104002,BoD-Travel,-16950,0,0,-16950,Oct-25
401,OSR,E,H105001,HR Consultancies & Internships,949449,257785,0,1207234,Oct-25
401,OSR,E,H106001,Electricity,494390,98880,0,593270,Oct-25
401,OSR,E,H106002,Telephone & Internet,107045,53342,0,160387,Oct-25
401,OSR,E,H106003,Communication reimbursement,379400.6,165629.85,0,545030.45,Oct-25
401,OSR,E,H106006,Generator Expenses,172079.77,60224,0,232303.77,Oct-25
401,OSR,E,H106007,Fuel reimbursement,5352897.64,1850334.22,0,7203231.86,Oct-25
401,OSR,E,H107001,Depreciation Expense - Furnitures and Fixtures,13689.99,4612.93,0,18302.92,Oct-25
401,OSR,E,H107002,Depreciation Expense - Office Equipment,87529.83,29493.74,0,117023.57,Oct-25
401,OSR,E,H107004,Depreciation Expense - Computers,477309.57,215110.5,0,692420.07,Oct-25
401,OSR,E,H108002,Vehicle Operations,469848.08,200405.1,0,670253.18,Oct-25
401,OSR,E,H108003,Vehicle Maintenance,50023,41155,0,91178,Oct-25
401,OSR,E,H108004,Vehicle Insurance - Amortization,15145.8,5062.5,0,20208.3,Oct-25
401,OSR,E,H110002,Health Insurance - Amortization,3321089.03,2215027,1391737,4144379.03,Oct-25
401,OSR,E,H113001,Exchange Gain,-6517,0,0,-6517,Oct-25
401,OSR,E,H115001,Meeting & Conferences,185619.66,95436.5,0,281056.16,Oct-25
401,OSR,E,H116001,Kitchen Supplies,450850.57,158284.03,0,609134.6,Oct-25
401,OSR,E,H116002,Cleaning Material,18286,0,0,18286,Oct-25
401,OSR,E,H116003,Postage & Courier,12682,4820,0,17502,Oct-25
401,OSR,E,H116004,Office Supplies,108392.5,47177.5,0,155570,Oct-25
401,OSR,E,H116006,IT Supplies,18650,0,0,18650,Oct-25
401,OSR,E,H116007,IT - Repair and Maintenance,38881,0,0,38881,Oct-25
401,OSR,E,H116008,Printer Monthly Rental and Usage,36036,21277,0,57313,Oct-25
401,OSR,E,H117001,Office Rent- Islamabad,4316730,1438910,0,5755640,Oct-25
401,OSR,E,H118001,Amortization - Asset and Vehicles Insurance,67888.93,19069.13,0,86958.06,Oct-25
401,OSR,E,H119001,Boarding & Lodging,995450.5,1203029.05,0,2198479.55,Oct-25
401,OSR,E,H119003,Perdiem,168169.5,234427.8,0,402597.3,Oct-25
401,OSR,E,H121002,Stationery Printing,52956.5,34160,0,87116.5,Oct-25
401,OSR,E,H122004,Legal Charges,216249,216563.78,108647.28,324165.5,Oct-25
401,OSR,E,H122005,Out of Pocket Ext-Audit,116400,32800,0,149200,Oct-25
401,OSR,E,H122007,Tax Consultancy,362250,28750,0,391000,Oct-25
401,OSR,E,H123003,Daily Wages,23000,0,0,23000,Oct-25
401,OSR,E,H123005,Staff Training,341536.78,293531,293531,341536.78,Oct-25
401,OSR,E,H123006,EOBI Expense,130092,131646,65823,195915,Oct-25
401,OSR,E,H124001,Office Repair & Maintenance,51435,14065,0,65500,Oct-25
401,OSR,E,H124002,Equipment Repair & Maintenance,-279.5,0,0,-279.5,Oct-25
401,OSR,E,H125001,Software Annual Support Services,624394.07,398050.26,0,1022444.33,Oct-25
401,OSR,E,H126001,Fee & Subscription,57429.82,2650,0,60079.82,Oct-25
401,OSR,E,H126002,Employee Engagement,148094.5,64284,0,212378.5,Oct-25
401,OSR,E,H126005,SPOT recognition,13806.95,72000,0,85806.95,Oct-25
401,OSR,E,H128001,Guards & Janitorial Services,690852,160029,0,850881,Oct-25
401,OSR,E,H128002,Corporate and Social Responsibility,900000,0,0,900000,Oct-25
401,OSR,E,H129006,Directors & officers liability insurance,410237.49,136745.83,0,546983.32,Oct-25
401,OSR,E,H129021,Life Insurance - Amortization,230666.75,134533,67660,297539.75,Oct-25
401,OSR,E,H129033,Management fee expense PFSL,421521.43,14272332.15,0,14693853.58,Oct-25
401,OSR,E,H129037,Brokerage fee and Ancillary charges,807000,0,0,807000,Oct-25
401,OSR,E,H130003,Board and Committee Meetings,935000,748500,0,1683500,Oct-25
401,OSR,E,I109004,Ancillary Cost / Portfolio through PFSL,202700.07,1167642,0,1370342.07,Oct-25
401,OSR,E,K102006,PR Services,605193.6,27508.8,0,632702.4,Oct-25
401,OSR,E,K102008,Product-Oriented Research on Select Agri Value Chains,0,122000,0,122000,Oct-25
401,OSR,E,K102014,Website Maintenance+SEO,12666.65,6313.38,0,18980.03,Oct-25
401,OSR,E,K102015,Digital and Social Media,1323.13,30954.51,0,32277.64,Oct-25
401,OSR,E,K102016,Marketing Collateral,136647.5,225000,0,361647.5,Oct-25
401,OSR,E,K102017,SME/CIC Market Visibility and Outreach,129197.75,0,0,129197.75,Oct-25
401,OSR,E,K102026,"WV - Events, Videos, Briefs",449005.5,0,0,449005.5,Oct-25
401,OSR,E,K103035,Constant Contact,0,115787.46,0,115787.46,Oct-25
401,OSR,E,K103052,"Engagement with Influencer Platforms/Podcasts (Pakistonomy, Tabadlab, etc.)",21400,0,0,21400,Oct-25
401,OSR,E,K103055,"Feasibilities of Innovative Climate Change Investments Projects (e.g. Biomass, Commercial Forestry)",749999.4,0,0,749999.4,Oct-25
401,OSR,E,K103062,"Editing and Printing of Internal Notes (e.g. Budget, Import Substitution of Agri Commodities, Digitization of Argi Cooperatives)",5050,0,0,5050,Oct-25
401,OSR,E,K103069,Identifying WEE inclusive sectors and opportunities for anchor models,719019.04,0,0,719019.04,Oct-25
401,OSR,E,M102001,Third Party Monitoring of Karandaaz Projects,1639437.38,327820.35,0,1967257.73,Oct-25
401,OSR,E,SS5H100,Staff Salaries,60575651.19,42131479,21294561,81412569.19,Oct-25
401,OSR,E,SS5H200,Staff Provident Fund,4933540.55,3393084,1696542,6630082.55,Oct-25
401,OSR,E,SS5H300,Staff Over time,9936,0,0,9936,Oct-25
501,N/A,E,C109002,Equity - Pre & post investment cost,89674,7703,0,97377,Oct-25
501,N/A,E,C130005,CDC Maintenance Charges,69808,0,0,69808,Oct-25
501,N/A,E,H101001,Bank Charges,4196.48,1.6,0.15,4197.93,Oct-25
501,N/A,E,H102001,Amortization of Intangible Assets,3487921,0,0,3487921,Oct-25
501,N/A,E,H106002,Telephone & Internet,114020,0,0,114020,Oct-25
501,N/A,E,H106006,Generator Expenses,120448,0,0,120448,Oct-25
501,N/A,E,H107002,Depreciation Expense - Office Equipment,53612.24,22530.07,0,76142.31,Oct-25
501,N/A,E,H107004,Depreciation Expense - Computers,26967.16,9086.76,0,36053.92,Oct-25
501,N/A,E,H113001,Exchange Gain,-144818.31,0,0,-144818.31,Oct-25
501,N/A,E,H113002,Exchange Loss,2418603.7,0,0,2418603.7,Oct-25
501,N/A,E,H116008,Printer Monthly Rental and Usage,40000,0,0,40000,Oct-25
501,N/A,E,H122005,Out of Pocket Ext-Audit,273600,0,0,273600,Oct-25
501,N/A,E,H123005,Staff Training,-1452836,0,0,-1452836,Oct-25
501,N/A,E,H123006,EOBI Expense,163673,0,0,163673,Oct-25
501,N/A,E,H125002,Annual License fee - Amortization,2772825.84,0,0,2772825.84,Oct-25
501,N/A,E,H129038,Sales tax - Withholding by clients,139000,0,0,139000,Oct-25
501,N/A,E,H130002,Cross-Currency Rounding Account,3.57,6955984.57,6955984.84,3.3,Oct-25
501,N/A,E,H13003D,Dummy account as of June-22,44.92,3503488,3503488.04,44.88,Oct-25
501,N/A,E,SS5H100,Staff Salaries,-419712,0,0,-419712,Oct-25
101,FCDO,E,D107011,Company Registry,35355783.34,62462754,0,97818537.34,Dec-25
101,FCDO,E,D107022,SOC Implementation,33267729.78,0,0,33267729.78,Dec-25
101,FCDO,E,H103002,Capacity Building,100000,25000,0,125000,Dec-25
101,FCDO,E,H106003,Communication reimbursement,2300,2250,0,4550,Dec-25
101,FCDO,E,H106007,Fuel reimbursement,699563.31,174331.47,0,873894.78,Dec-25
101,FCDO,E,H107001,Depreciation Expense - Furnitures and Fixtures,229998.3,46119.11,0,276117.41,Dec-25
101,FCDO,E,H107002,Depreciation Expense - Office Equipment,98882.96,14870.54,0,113753.5,Dec-25
101,FCDO,E,H107004,Depreciation Expense - Computers,1374485.82,212485.39,0,1586971.21,Dec-25
101,FCDO,E,H107006,Depreciation Expense - Solar Equipment,156982.19,31806.85,0,188789.04,Dec-25
101,FCDO,E,H108003,Vehicle Maintenance,0,56640,0,56640,Dec-25
101,FCDO,E,H110002,Health Insurance - Amortization,392703,71015,0,463718,Dec-25
101,FCDO,E,H123005,Staff Training,769762,406250,0,1176012,Dec-25
101,FCDO,E,H123006,EOBI Expense,26640,6660,0,33300,Dec-25
101,FCDO,E,H129021,Life Insurance - Amortization,27305,6766,0,34071,Dec-25
101,FCDO,E,I109001,ICF 6 - GCF (Grant),1920000,0,0,1920000,Dec-25
101,FCDO,E,K102006,PR Services,5.01,0,0,5.01,Dec-25
101,FCDO,E,K102014,Website Maintenance+SEO,238507.46,0,0,238507.46,Dec-25
101,FCDO,E,SS5H100,Staff Salaries,10413470,2650768,0,13064238,Dec-25
101,FCDO,E,SS5H200,Staff Provident Fund,847038,161325,0,1008363,Dec-25
101,FCDO,E,SS5H201,Gratuity expense (Staff Salaries),0,403635.65,0,403635.65,Dec-25
201,GF,E,D103004,DFS - Digital Financial Inclusion for Women,0,1178000.2,0.2,1178000,Dec-25
201,GF,E,D103021,Digital Payments,17422500,0,0,17422500,Dec-25
201,GF,E,D106008,"W3: Technical Advisory, Industry/International Expert Engagement, Learning/Networking Events",0,113291,0,113291,Dec-25
201,GF,E,D107015,New Accounts Acquisition,5430469,5610938,0,11041407,Dec-25
201,GF,E,D107017,RAAST Adoption,59653161.34,2775205.05,0,62428366.39,Dec-25
201,GF,E,D107018,"W1: Technical Advisory, Industry/Int'l Expert Engagement, Learning/Networking Events",13094046.79,73999,0,13168045.79,Dec-25
201,GF,E,D107025,"W4: Technical Advisory, Industry/Int'l Expert Engagement, Learning/Networking Events",1332867.05,12000,0,1344867.05,Dec-25
201,GF,E,D107028,E-commerce Value Chain Interventions,11501182.7,371753.6,185876.8,11687059.5,Dec-25
201,GF,E,D107029,Sector Transformation - Agri Value Chain Transformation,12274424,8504588,0,20779012,Dec-25
201,GF,E,D107030,Adoption Projects,30894786.62,18327100,0,49221886.62,Dec-25
201,GF,E,D107037,FBR - Digital Invoicing Initiative (Landscape Assessment),431675595.8,149476746,0,581152341.8,Dec-25
201,GF,E,D107038,DFA-C,0,8125000,0,8125000,Dec-25
201,GF,E,D107039,RAAST S&M,118217284.8,0,0,118217284.8,Dec-25
201,GF,E,D107043,RAAST Implementation Phase,98078.9,205321112.6,435556.25,204983635.3,Dec-25
201,GF,E,D107044,Buna-RAAST Connectivity,750000,0,0,750000,Dec-25
201,GF,E,D107046,RAAST Governance,3596280,0,0,3596280,Dec-25
201,GF,E,D107049,Cashless Ecosystem,-1536000,8352000,1152000,5664000,Dec-25
201,GF,E,D107052,FBR - Digitization for Tax System (Stage 2: Project & Change Management ),0,255417986,0,255417986,Dec-25
201,GF,E,D107055,Raast-BUNA: Implementation,0,124132225.5,0,124132225.5,Dec-25
201,GF,E,D108002,CCT Program to eradicate Polio,2000000,2260000,0,4260000,Dec-25
201,GF,E,D108005,Mainstreaming,393258.43,0,0,393258.43,Dec-25
201,GF,E,D108006,Disruption and Experimentation: Innovative Solutions for Women's Inclusion,2500000,435555,0,2935555,Dec-25
201,GF,E,D108008,"W5: Technical Advisory, Industry/International Expert Engagement, Learning/Networking Events",200488.5,1543679.38,0,1744167.88,Dec-25
201,GF,E,H101001,Bank Charges,177379.32,3329.2,0,180708.52,Dec-25
201,GF,E,H103002,Capacity Building,6933598.13,322441.1,0,7256039.23,Dec-25
201,GF,E,H104001,Travel,223777.5,19880,0,243657.5,Dec-25
201,GF,E,H104002,BoD-Travel,-16950,0,0,-16950,Dec-25
201,GF,E,H105001,HR Consultancies & Internships,1528827,235035,0,1763862,Dec-25
201,GF,E,H106001,Electricity,550154,87361,2959,634556,Dec-25
201,GF,E,H106002,Telephone & Internet,213723,53383,0,267106,Dec-25
201,GF,E,H106003,Communication reimbursement,691792.3,320372.86,0,1012165.16,Dec-25
201,GF,E,H106006,Generator Expenses,278381.18,70223.5,0,348604.68,Dec-25
201,GF,E,H106007,Fuel reimbursement,8997476.57,1777049.88,0,10774526.45,Dec-25
201,GF,E,H107001,Depreciation Expense - Furnitures and Fixtures,29317.31,5940.11,0,35257.42,Dec-25
201,GF,E,H107002,Depreciation Expense - Office Equipment,958.8,4246.12,0,5204.92,Dec-25
201,GF,E,H108002,Vehicle Operations,562482.62,77745.45,0,640228.07,Dec-25
201,GF,E,H108003,Vehicle Maintenance,101103,64515,0,165618,Dec-25
201,GF,E,H108004,Vehicle Insurance - Amortization,25270.8,5062.5,0,30333.3,Dec-25
201,GF,E,H109001,Directors - Trainings & Workshops,60000,0,0,60000,Dec-25
201,GF,E,H110002,Health Insurance - Amortization,8575330.03,1262880,0,9838210.03,Dec-25
201,GF,E,H113002,Exchange Loss,356527.65,0,0,356527.65,Dec-25
201,GF,E,H115001,Meeting & Conferences,562188.89,178577.64,0,740766.53,Dec-25
201,GF,E,H116001,Kitchen Supplies,793186.84,167183.59,0,960370.43,Dec-25
201,GF,E,H116002,Cleaning Material,18286,16504.5,0,34790.5,Dec-25
201,GF,E,H116003,Postage & Courier,24570,3872,0,28442,Dec-25
201,GF,E,H116004,Office Supplies,206528.5,45169.5,0,251698,Dec-25
201,GF,E,H116006,IT Supplies,47961,18456.08,0,66417.08,Dec-25
201,GF,E,H116007,IT - Repair and Maintenance,62301,0,0,62301,Dec-25
201,GF,E,H116008,Printer Monthly Rental and Usage,79447,23776,0,103223,Dec-25
201,GF,E,H117001,Office Rent- Islamabad,7194550,1438910,0,8633460,Dec-25
201,GF,E,H118001,Amortization - Asset and Vehicles Insurance,93291.59,19069.13,0,112360.72,Dec-25
201,GF,E,H119001,Boarding & Lodging,3179000.18,3000,0,3182000.18,Dec-25
201,GF,E,H119002,BoD-Boarding & Lodging,43680,0,0,43680,Dec-25
201,GF,E,H119003,Perdiem,1030834.6,8200,0,1039034.6,Dec-25
201,GF,E,H121002,Stationery Printing,123166.5,38882.5,0,162049,Dec-25
201,GF,E,H122004,Legal Charges,474998.5,143453,0,618451.5,Dec-25
201,GF,E,H122005,Out of Pocket Ext-Audit,173200,0,0,173200,Dec-25
201,GF,E,H122007,Tax Consultancy,419750,28750,0,448500,Dec-25
201,GF,E,H123003,Daily Wages,29000,6000,0,35000,Dec-25
201,GF,E,H123005,Staff Training,341536.78,4738232.02,0,5079768.8,Dec-25
201,GF,E,H123006,EOBI Expense,468642,118437,0,587079,Dec-25
201,GF,E,H124001,Office Repair & Maintenance,223425,188806,0,412231,Dec-25
201,GF,E,H124002,Equipment Repair & Maintenance,-150.5,0,0,-150.5,Dec-25
201,GF,E,H125001,Software Annual Support Services,1095709.55,134787.46,0,1230497.01,Dec-25
201,GF,E,H126001,Fee & Subscription,91802.08,0,0,91802.08,Dec-25
201,GF,E,H126002,Employee Engagement,238241.01,133967.5,0,372208.51,Dec-25
201,GF,E,H126005,SPOT recognition,146896.05,40000,0,186896.05,Dec-25
201,GF,E,H128001,Guards & Janitorial Services,943682,226498,0,1170180,Dec-25
201,GF,E,H129006,Directors & officers liability insurance,682579.15,135595.83,0,818174.98,Dec-25
201,GF,E,H129021,Life Insurance - Amortization,577308.75,120324,0,697632.75,Dec-25
201,GF,E,H130002,Cross-Currency Rounding Account,0.62,0.44,0,1.06,Dec-25
201,GF,E,H130003,Board and Committee Meetings,1835968,1285500,390233,2731235,Dec-25
201,GF,E,K102006,PR Services,843608.2,366784,0,1210392.2,Dec-25
201,GF,E,K102014,Website Maintenance+SEO,449749.22,280599.57,0,730348.79,Dec-25
201,GF,E,K102015,Digital and Social Media,83574.13,44726.63,0,128300.76,Dec-25
201,GF,E,K102016,Marketing Collateral,431306.91,74855,0,506161.91,Dec-25
201,GF,E,K102017,SME/CIC Market Visibility and Outreach,31697.75,0,0,31697.75,Dec-25
201,GF,E,K103021,Data Portal 2.0 (BMGF),1088938.05,166750,0,1255688.05,Dec-25
201,GF,E,K103035,Constant Contact,115787.46,0,0,115787.46,Dec-25
201,GF,E,K103043,Digital Pakistan Conference and Workships/Events/Industry Consultations/Round Tables,1888726.5,304730,0,2193456.5,Dec-25
201,GF,E,K103044,"DFS Outreach (videos, publications, photo collections)",262450,0,0,262450,Dec-25
201,GF,E,K103052,"Engagement with Influencer Platforms/Podcasts (Pakistonomy, Tabadlab, etc.)",21400,0,0,21400,Dec-25
201,GF,E,K103061,Improving DFS Adoption Among Women,2510000,0,0,2510000,Dec-25
201,GF,E,K103062,"Editing and Printing of Internal Notes (e.g. Budget, Import Substitution of Agri Commodities, Digitization of Argi Cooperatives)",25750,0,0,25750,Dec-25
201,GF,E,K103065,Knowledge Partnerships BMGF (FAW),1627634.69,324683.78,0,1952318.47,Dec-25
201,GF,E,K103070,Feasibility Study for an E-invoicing platform in Pakistan,1585500.17,0,0,1585500.17,Dec-25
201,GF,E,M102001,Third Party Monitoring of Karandaaz Projects,400426.51,0,0,400426.51,Dec-25
201,GF,E,M103001,Assessment of SCF market adoption,0,2825000,0,2825000,Dec-25
201,GF,E,M112001,Assessment of Incentive Scheme Projects,0.5,0,0,0.5,Dec-25
201,GF,E,SS5H100,Staff Salaries,152161570.6,32620416,0,184781986.6,Dec-25
201,GF,E,SS5H200,Staff Provident Fund,12519160.45,2530193,0,15049353.45,Dec-25
201,GF,E,SS5H201,Gratuity expense (Staff Salaries),0,6327527.36,0,6327527.36,Dec-25
201,GF,E,SS5H300,Staff Over time,9936,0,0,9936,Dec-25
301,OSR,E,H106003,Communication reimbursement,0,523,0,523,Dec-25
301,OSR,E,H119003,Perdiem,2000,0,0,2000,Dec-25
401,OSR,E,C103002,MBL-SME Loans-Variable Expenses,1333752.29,362777.78,0,1696530.07,Dec-25
401,OSR,E,C103005,MIB-SME Loans-Variable Expenses,8930.84,1740,0,10670.84,Dec-25
401,OSR,E,C103008,Soneri-SME Loans-Variable Expenses,-2552,0,0,-2552,Dec-25
401,OSR,E,C108002,Credit - Pre & post investment cost,370000,300000,0,670000,Dec-25
401,OSR,E,C109002,Equity - Pre & post investment cost,427273,634500,0,1061773,Dec-25
401,OSR,E,C110002,GREEN - Pre & post investment cost,0,500000,0,500000,Dec-25
401,OSR,E,H101001,Bank Charges,254654.49,28912.24,0,283566.73,Dec-25
401,OSR,E,H103002,Capacity Building,6833598.14,297441.1,0,7131039.24,Dec-25
401,OSR,E,H104001,Travel,286721,19880,0,306601,Dec-25
401,OSR,E,H104002,BoD-Travel,-16950,0,0,-16950,Dec-25
401,OSR,E,H105001,HR Consultancies & Internships,1528827,235035,0,1763862,Dec-25
401,OSR,E,H106001,Electricity,647852,87362,2959,732255,Dec-25
401,OSR,E,H106002,Telephone & Internet,213724,53381,0,267105,Dec-25
401,OSR,E,H106003,Communication reimbursement,657712.35,187547.35,0,845259.7,Dec-25
401,OSR,E,H106006,Generator Expenses,310511.32,78794.5,0,389305.82,Dec-25
401,OSR,E,H106007,Fuel reimbursement,9014304.62,1824121.84,0,10838426.46,Dec-25
401,OSR,E,H107001,Depreciation Expense - Furnitures and Fixtures,22767.05,4612.93,0,27379.98,Dec-25
401,OSR,E,H107002,Depreciation Expense - Office Equipment,145565.92,29493.74,0,175059.66,Dec-25
401,OSR,E,H107004,Depreciation Expense - Computers,900591.59,215110.5,0,1115702.09,Dec-25
401,OSR,E,H108002,Vehicle Operations,879941.88,144281.55,0,1024223.43,Dec-25
401,OSR,E,H108003,Vehicle Maintenance,101103,7875,0,108978,Dec-25
401,OSR,E,H108004,Vehicle Insurance - Amortization,25270.8,5062.5,0,30333.3,Dec-25
401,OSR,E,H109001,Directors - Trainings & Workshops,300000,0,0,300000,Dec-25
401,OSR,E,H110002,Health Insurance - Amortization,5536116.03,701863,0,6237979.03,Dec-25
401,OSR,E,H113001,Exchange Gain,-6517,0,0,-6517,Dec-25
401,OSR,E,H115001,Meeting & Conferences,311588.66,19481.5,0,331070.16,Dec-25
401,OSR,E,H116001,Kitchen Supplies,793186.82,167183.59,0,960370.41,Dec-25
401,OSR,E,H116002,Cleaning Material,18286,16504.5,0,34790.5,Dec-25
401,OSR,E,H116003,Postage & Courier,24567,3871,0,28438,Dec-25
401,OSR,E,H116004,Office Supplies,204828.5,45169.5,0,249998,Dec-25
401,OSR,E,H116006,IT Supplies,43961,18456.08,0,62417.08,Dec-25
401,OSR,E,H116007,IT - Repair and Maintenance,62301,0,0,62301,Dec-25
401,OSR,E,H116008,Printer Monthly Rental and Usage,79447,23776,0,103223,Dec-25
401,OSR,E,H117001,Office Rent- Islamabad,7194550,1438910,0,8633460,Dec-25
401,OSR,E,H118001,Amortization - Asset and Vehicles Insurance,106027.19,19069.13,0,125096.32,Dec-25
401,OSR,E,H119001,Boarding & Lodging,3053595,529506.37,0,3583101.37,Dec-25
401,OSR,E,H119002,BoD-Boarding & Lodging,104052,18361.2,0,122413.2,Dec-25
401,OSR,E,H119003,Perdiem,747685.8,278096,0,1025781.8,Dec-25
401,OSR,E,H121002,Stationery Printing,163666.5,38882.5,0,202549,Dec-25
401,OSR,E,H122004,Legal Charges,324896.28,22620,0,347516.28,Dec-25
401,OSR,E,H122005,Out of Pocket Ext-Audit,173200,0,0,173200,Dec-25
401,OSR,E,H122007,Tax Consultancy,419750,28750,0,448500,Dec-25
401,OSR,E,H123003,Daily Wages,29000,6000,0,35000,Dec-25
401,OSR,E,H123005,Staff Training,341536.78,3290603.6,0,3632140.38,Dec-25
401,OSR,E,H123006,EOBI Expense,261738,65823,0,327561,Dec-25
401,OSR,E,H124001,Office Repair & Maintenance,93920,188806,0,282726,Dec-25
401,OSR,E,H124002,Equipment Repair & Maintenance,-279.5,0,0,-279.5,Dec-25
401,OSR,E,H125001,Software Annual Support Services,1276214.16,134787.46,0,1411001.62,Dec-25
401,OSR,E,H126001,Fee & Subscription,71012.07,0,0,71012.07,Dec-25
401,OSR,E,H126002,Employee Engagement,238241.01,133967.5,0,372208.51,Dec-25
401,OSR,E,H126005,SPOT recognition,85806.95,40000,0,125806.95,Dec-25
401,OSR,E,H128001,Guards & Janitorial Services,943684,226500,0,1170184,Dec-25
401,OSR,E,H128002,Corporate and Social Responsibility,900000,0,0,900000,Dec-25
401,OSR,E,H129006,Directors & officers liability insurance,682579.15,135595.83,0,818174.98,Dec-25
401,OSR,E,H129021,Life Insurance - Amortization,365199.75,66873,0,432072.75,Dec-25
401,OSR,E,H129033,Management fee expense PFSL,14693853.58,752926.24,0,15446779.82,Dec-25
401,OSR,E,H129037,Brokerage fee and Ancillary charges,807000,0,0,807000,Dec-25
401,OSR,E,H130003,Board and Committee Meetings,2298500,918500,268233,2948767,Dec-25
401,OSR,E,I109004,Ancillary Cost / Portfolio through PFSL,1370342.07,1622569,0,2992911.07,Dec-25
401,OSR,E,K102006,PR Services,843603.2,366784,0,1210387.2,Dec-25
401,OSR,E,K102008,Product-Oriented Research on Select Agri Value Chains,401567.75,357798,0,759365.75,Dec-25
401,OSR,E,K102014,Website Maintenance+SEO,211241.77,280599.57,0,491841.34,Dec-25
401,OSR,E,K102015,Digital and Social Media,83574.13,44726.63,0,128300.76,Dec-25
401,OSR,E,K102016,Marketing Collateral,431306.91,74855,0,506161.91,Dec-25
401,OSR,E,K102017,SME/CIC Market Visibility and Outreach,129197.75,0,0,129197.75,Dec-25
401,OSR,E,K102026,"WV - Events, Videos, Briefs",449005.5,0,0,449005.5,Dec-25
401,OSR,E,K103035,Constant Contact,115787.46,0,0,115787.46,Dec-25
401,OSR,E,K103052,"Engagement with Influencer Platforms/Podcasts (Pakistonomy, Tabadlab, etc.)",21400,0,0,21400,Dec-25
401,OSR,E,K103055,"Feasibilities of Innovative Climate Change Investments Projects (e.g. Biomass, Commercial Forestry)",749999.4,0,0,749999.4,Dec-25
401,OSR,E,K103062,"Editing and Printing of Internal Notes (e.g. Budget, Import Substitution of Agri Commodities, Digitization of Argi Cooperatives)",5050,0,0,5050,Dec-25
401,OSR,E,K103069,Identifying WEE inclusive sectors and opportunities for anchor models,719019.04,0,0,719019.04,Dec-25
401,OSR,E,M102001,Third Party Monitoring of Karandaaz Projects,1967257.73,0,0,1967257.73,Dec-25
401,OSR,E,SS5H100,Staff Salaries,102805648.5,23051497.98,0,125857146.5,Dec-25
401,OSR,E,SS5H200,Staff Provident Fund,8326624.55,1696542,0,10023166.55,Dec-25
401,OSR,E,SS5H201,Gratuity expense (Staff Salaries),0,4244740.89,0,4244740.89,Dec-25
401,OSR,E,SS5H300,Staff Over time,9936,0,0,9936,Dec-25
501,N/A,E,C109002,Equity - Pre & post investment cost,192897,0,0,192897,Dec-25
501,N/A,E,C130005,CDC Maintenance Charges,69808,0,0,69808,Dec-25
501,N/A,E,H101001,Bank Charges,4198.02,0,1.01,4197.01,Dec-25
501,N/A,E,H102001,Amortization of Intangible Assets,3487921,3487921,0,6975842,Dec-25
501,N/A,E,H106002,Telephone & Internet,114020,0,0,114020,Dec-25
501,N/A,E,H106006,Generator Expenses,120448,0,0,120448,Dec-25
501,N/A,E,H107001,Depreciation Expense - Furnitures and Fixtures,0,1150.61,0,1150.61,Dec-25
501,N/A,E,H107002,Depreciation Expense - Office Equipment,97945.61,29320.26,0,127265.87,Dec-25
501,N/A,E,H107004,Depreciation Expense - Computers,44847.56,9086.76,0,53934.32,Dec-25
501,N/A,E,H113001,Exchange Gain,-144818.31,0,2592.38,-147410.69,Dec-25
501,N/A,E,H113002,Exchange Loss,2598773.82,0,0,2598773.82,Dec-25
501,N/A,E,H116007,IT - Repair and Maintenance,-4200.5,0,0,-4200.5,Dec-25
501,N/A,E,H116008,Printer Monthly Rental and Usage,40000,0,0,40000,Dec-25
501,N/A,E,H122005,Out of Pocket Ext-Audit,273600,0,0,273600,Dec-25
501,N/A,E,H123005,Staff Training,-1452836,0,0,-1452836,Dec-25
501,N/A,E,H123006,EOBI Expense,161453,0,1998,159455,Dec-25
501,N/A,E,H125002,Annual License fee - Amortization,2772825.84,2772825.84,0,5545651.68,Dec-25
501,N/A,E,H129038,Sales tax - Withholding by clients,139000,0,0,139000,Dec-25
501,N/A,E,H130002,Cross-Currency Rounding Account,2.7,7778135.95,7778134.86,3.79,Dec-25
501,N/A,E,H13003D,Dummy account as of June-22,44.83,40396103.53,40396103.58,44.78,Dec-25
501,N/A,E,SS5H100,Staff Salaries,-419712,48998.85,0,-370713.15,Dec-25
101,FCDO,E,D107011,Company Registry,97818537.34,0,0,97818537.34,Jan-26
101,FCDO,E,D107022,SOC Implementation,33267729.78,0,0,33267729.78,Jan-26
101,FCDO,E,D107023,XBRL Implementation,0,330268,0,330268,Jan-26
101,FCDO,E,H103002,Capacity Building,125000,25000,0,150000,Jan-26
101,FCDO,E,H106003,Communication reimbursement,4550,0,0,4550,Jan-26
101,FCDO,E,H106007,Fuel reimbursement,873894.78,173189.74,0,1047084.52,Jan-26
101,FCDO,E,H107001,Depreciation Expense - Furnitures and Fixtures,276117.41,46119.11,0,322236.52,Jan-26
101,FCDO,E,H107002,Depreciation Expense - Office Equipment,113753.5,14632.28,0,128385.78,Jan-26
101,FCDO,E,H107004,Depreciation Expense - Computers,1586971.21,212485.39,0,1799456.6,Jan-26
101,FCDO,E,H107006,Depreciation Expense - Solar Equipment,188789.04,31806.85,0,220595.89,Jan-26
101,FCDO,E,H108003,Vehicle Maintenance,56640,0,2000,54640,Jan-26
101,FCDO,E,H110002,Health Insurance - Amortization,463718,112753,0,576471,Jan-26
101,FCDO,E,H123005,Staff Training,1176012,0,0,1176012,Jan-26
101,FCDO,E,H123006,EOBI Expense,33300,6660,0,39960,Jan-26
101,FCDO,E,H129021,Life Insurance - Amortization,34071,6927,0,40998,Jan-26
101,FCDO,E,I109001,ICF 6 - GCF (Grant),1920000,0,0,1920000,Jan-26
101,FCDO,E,K102006,PR Services,5.01,0,0,5.01,Jan-26
101,FCDO,E,K102014,Website Maintenance+SEO,238507.46,0,0,238507.46,Jan-26
101,FCDO,E,SS5H100,Staff Salaries,13064238,1980142,0,15044380,Jan-26
101,FCDO,E,SS5H200,Staff Provident Fund,1008363,161325,0,1169688,Jan-26
101,FCDO,E,SS5H201,Gratuity expense (Staff Salaries),403635.65,0,0,403635.65,Jan-26
201,GF,E,D103004,DFS - Digital Financial Inclusion for Women,1178000,0,0,1178000,Jan-26
201,GF,E,D103021,Digital Payments,17422500,0,0,17422500,Jan-26
201,GF,E,D106008,"W3: Technical Advisory, Industry/International Expert Engagement, Learning/Networking Events",113291,1331026.75,0,1444317.75,Jan-26
201,GF,E,D107015,New Accounts Acquisition,11041407,0,0,11041407,Jan-26
201,GF,E,D107017,RAAST Adoption,62428366.39,3846495.23,0,66274861.62,Jan-26
201,GF,E,D107018,"W1: Technical Advisory, Industry/Int'l Expert Engagement, Learning/Networking Events",13168045.79,890733.04,0,14058778.83,Jan-26
201,GF,E,D107025,"W4: Technical Advisory, Industry/Int'l Expert Engagement, Learning/Networking Events",1344867.05,297769.72,0,1642636.77,Jan-26
201,GF,E,D107028,E-commerce Value Chain Interventions,11687059.5,0,0,11687059.5,Jan-26
201,GF,E,D107029,Sector Transformation - Agri Value Chain Transformation,20779012,0,0,20779012,Jan-26
201,GF,E,D107030,Adoption Projects,49221886.62,0,0,49221886.62,Jan-26
201,GF,E,D107037,FBR - Digital Invoicing Initiative (Landscape Assessment),581152341.8,7425000,0,588577341.8,Jan-26
201,GF,E,D107038,DFA-C,8125000,0,0,8125000,Jan-26
201,GF,E,D107039,RAAST S&M,118217284.8,0,0,118217284.8,Jan-26
201,GF,E,D107043,RAAST Implementation Phase,204983635.3,4275624.23,0,209259259.5,Jan-26
201,GF,E,D107044,Buna-RAAST Connectivity,750000,0,0,750000,Jan-26
201,GF,E,D107046,RAAST Governance,3596280,0,0,3596280,Jan-26
201,GF,E,D107049,Cashless Ecosystem,5664000,0,0,5664000,Jan-26
201,GF,E,D107052,FBR - Digitization for Tax System (Stage 2: Project & Change Management ),255417986,40284900,0,295702886,Jan-26
201,GF,E,D107055,Raast-BUNA: Implementation,124132225.5,0,0,124132225.5,Jan-26
201,GF,E,D108002,CCT Program to eradicate Polio,4260000,1000000,0,5260000,Jan-26
201,GF,E,D108005,Mainstreaming,393258.43,0,0,393258.43,Jan-26
201,GF,E,D108006,Disruption and Experimentation: Innovative Solutions for Women's Inclusion,2935555,0,0,2935555,Jan-26
201,GF,E,D108008,"W5: Technical Advisory, Industry/International Expert Engagement, Learning/Networking Events",1744167.88,82400,0,1826567.88,Jan-26
201,GF,E,H101001,Bank Charges,180708.52,59622.67,0,240331.19,Jan-26
201,GF,E,H103002,Capacity Building,7256039.23,974519.75,0,8230558.98,Jan-26
201,GF,E,H104001,Travel,243657.5,35474.25,0,279131.75,Jan-26
201,GF,E,H104002,BoD-Travel,-16950,0,0,-16950,Jan-26
201,GF,E,H105001,HR Consultancies & Internships,1763862,257488,0,2021350,Jan-26
201,GF,E,H106001,Electricity,634556,114090,0,748646,Jan-26
201,GF,E,H106002,Telephone & Internet,267106,46112,0,313218,Jan-26
201,GF,E,H106003,Communication reimbursement,1012165.16,124047.65,0,1136212.81,Jan-26
201,GF,E,H106006,Generator Expenses,348604.68,108404.3,0,457008.98,Jan-26
201,GF,E,H106007,Fuel reimbursement,10774526.45,1658259.02,24.85,12432760.62,Jan-26
201,GF,E,H107001,Depreciation Expense - Furnitures and Fixtures,35257.42,5940.11,0,41197.53,Jan-26
201,GF,E,H107002,Depreciation Expense - Office Equipment,5204.92,4246.12,0,9451.04,Jan-26
201,GF,E,H108002,Vehicle Operations,640228.07,94237.85,0,734465.92,Jan-26
201,GF,E,H108003,Vehicle Maintenance,165618,5000,2000,168618,Jan-26
201,GF,E,H108004,Vehicle Insurance - Amortization,30333.3,5062.5,0,35395.8,Jan-26
201,GF,E,H109001,Directors - Trainings & Workshops,60000,0,0,60000,Jan-26
201,GF,E,H110002,Health Insurance - Amortization,9838210.03,1948748,0,11786958.03,Jan-26
201,GF,E,H113002,Exchange Loss,356527.65,0,0,356527.65,Jan-26
201,GF,E,H115001,Meeting & Conferences,740766.53,61824.54,0,802591.07,Jan-26
201,GF,E,H116001,Kitchen Supplies,960370.43,155544.92,0,1115915.35,Jan-26
201,GF,E,H116002,Cleaning Material,34790.5,55377,0,90167.5,Jan-26
201,GF,E,H116003,Postage & Courier,28442,6535,0,34977,Jan-26
201,GF,E,H116004,Office Supplies,251698,11500,0,263198,Jan-26
201,GF,E,H116006,IT Supplies,66417.08,0,0,66417.08,Jan-26
201,GF,E,H116007,IT - Repair and Maintenance,62301,0,0,62301,Jan-26
201,GF,E,H116008,Printer Monthly Rental and Usage,103223,26427,0,129650,Jan-26
201,GF,E,H117001,Office Rent- Islamabad,8633460,1438910,0,10072370,Jan-26
201,GF,E,H118001,Amortization - Asset and Vehicles Insurance,112360.72,19069.13,0,131429.85,Jan-26
201,GF,E,H119001,Boarding & Lodging,3182000.18,22500,0,3204500.18,Jan-26
201,GF,E,H119002,BoD-Boarding & Lodging,43680,4249.8,0,47929.8,Jan-26
201,GF,E,H119003,Perdiem,1039034.6,6300,0,1045334.6,Jan-26
201,GF,E,H121002,Stationery Printing,162049,0,0,162049,Jan-26
201,GF,E,H122004,Legal Charges,618451.5,120833,0,739284.5,Jan-26
201,GF,E,H122005,Out of Pocket Ext-Audit,173200,0,0,173200,Jan-26
201,GF,E,H122007,Tax Consultancy,448500,28750,0,477250,Jan-26
201,GF,E,H123003,Daily Wages,35000,6000,0,41000,Jan-26
201,GF,E,H123005,Staff Training,5079768.8,241698.57,241699,5079768.37,Jan-26
201,GF,E,H123006,EOBI Expense,587079,115107,0,702186,Jan-26
201,GF,E,H124001,Office Repair & Maintenance,412231,26442.5,0,438673.5,Jan-26
201,GF,E,H124002,Equipment Repair & Maintenance,-150.5,0,0,-150.5,Jan-26
201,GF,E,H125001,Software Annual Support Services,1230497.01,133657.82,0,1364154.83,Jan-26
201,GF,E,H126001,Fee & Subscription,91802.08,5000,0,96802.08,Jan-26
201,GF,E,H126002,Employee Engagement,372208.51,13878.5,0,386087.01,Jan-26
201,GF,E,H126005,SPOT recognition,186896.05,68000,0,254896.05,Jan-26
201,GF,E,H128001,Guards & Janitorial Services,1170180,163491,0,1333671,Jan-26
201,GF,E,H129006,Directors & officers liability insurance,818174.98,135595.83,0,953770.81,Jan-26
201,GF,E,H129021,Life Insurance - Amortization,697632.75,119725,0,817357.75,Jan-26
201,GF,E,H130002,Cross-Currency Rounding Account,1.06,0,0,1.06,Jan-26
201,GF,E,H130003,Board and Committee Meetings,2731235,0,0,2731235,Jan-26
201,GF,E,K102003,Alternate Revenue Models for National Payment System,0,6711975,0,6711975,Jan-26
201,GF,E,K102004,Collateral Regime required to optimize EWRF in Pakistan,0,2535888,0,2535888,Jan-26
201,GF,E,K102006,PR Services,1210392.2,238409.6,0,1448801.8,Jan-26
201,GF,E,K102014,Website Maintenance+SEO,730348.79,169305.86,0,899654.65,Jan-26
201,GF,E,K102015,Digital and Social Media,128300.76,21406.3,0,149707.06,Jan-26
201,GF,E,K102016,Marketing Collateral,506161.91,90353.43,0,596515.34,Jan-26
201,GF,E,K102017,SME/CIC Market Visibility and Outreach,31697.75,0,0,31697.75,Jan-26
201,GF,E,K103021,Data Portal 2.0 (BMGF),1255688.05,921876.95,0,2177565,Jan-26
201,GF,E,K103035,Constant Contact,115787.46,0,0,115787.46,Jan-26
201,GF,E,K103043,Digital Pakistan Conference and Workships/Events/Industry Consultations/Round Tables,2193456.5,0,0,2193456.5,Jan-26
201,GF,E,K103044,"DFS Outreach (videos, publications, photo collections)",262450,0,0,262450,Jan-26
201,GF,E,K103052,"Engagement with Influencer Platforms/Podcasts (Pakistonomy, Tabadlab, etc.)",21400,0,0,21400,Jan-26
201,GF,E,K103061,Improving DFS Adoption Among Women,2510000,0,0,2510000,Jan-26
201,GF,E,K103062,"Editing and Printing of Internal Notes (e.g. Budget, Import Substitution of Agri Commodities, Digitization of Argi Cooperatives)",25750,0,0,25750,Jan-26
201,GF,E,K103065,Knowledge Partnerships BMGF (FAW),1952318.47,487109.74,0,2439428.21,Jan-26
201,GF,E,K103070,Feasibility Study for an E-invoicing platform in Pakistan,1585500.17,0,0,1585500.17,Jan-26
201,GF,E,K103072,RAAST Awareness Campaign,0,1562250,0,1562250,Jan-26
201,GF,E,M102001,Third Party Monitoring of Karandaaz Projects,400426.51,0,0,400426.51,Jan-26
201,GF,E,M103001,Assessment of SCF market adoption,2825000,423750,0,3248750,Jan-26
201,GF,E,M103003,Mid-cycle assessmentof Raast merchant onboarding,0,1817124,0,1817124,Jan-26
201,GF,E,M112001,Assessment of Incentive Scheme Projects,0.5,0,0,0.5,Jan-26
201,GF,E,SS5H100,Staff Salaries,184781986.6,29267111.2,288255,213760842.8,Jan-26
201,GF,E,SS5H200,Staff Provident Fund,15049353.45,2449026,0,17498379.45,Jan-26
201,GF,E,SS5H201,Gratuity expense (Staff Salaries),6327527.36,0,0,6327527.36,Jan-26
201,GF,E,SS5H300,Staff Over time,9936,0,0,9936,Jan-26
301,OSR,E,H106003,Communication reimbursement,523,0,0,523,Jan-26
301,OSR,E,H119003,Perdiem,2000,0,0,2000,Jan-26
401,OSR,E,C103002,MBL-SME Loans-Variable Expenses,1696530.07,381851.61,0,2078381.68,Jan-26
401,OSR,E,C103005,MIB-SME Loans-Variable Expenses,10670.84,1740,0,12410.84,Jan-26
401,OSR,E,C103008,Soneri-SME Loans-Variable Expenses,-2552,0,0,-2552,Jan-26
401,OSR,E,C108002,Credit - Pre & post investment cost,670000,112000,0,782000,Jan-26
401,OSR,E,C109002,Equity - Pre & post investment cost,1061773,350000,0,1411773,Jan-26
401,OSR,E,C110002,GREEN - Pre & post investment cost,500000,308000,0,808000,Jan-26
401,OSR,E,H101001,Bank Charges,283566.73,29371.02,0,312937.75,Jan-26
401,OSR,E,H103002,Capacity Building,7131039.24,949519.75,0,8080558.99,Jan-26
401,OSR,E,H104001,Travel,306601,65880.75,0,372481.75,Jan-26
401,OSR,E,H104002,BoD-Travel,-16950,0,0,-16950,Jan-26
401,OSR,E,H105001,HR Consultancies & Internships,1763862,257488,0,2021350,Jan-26
401,OSR,E,H106001,Electricity,732255,114089,0,846344,Jan-26
401,OSR,E,H106002,Telephone & Internet,267105,46110,0,313215,Jan-26
401,OSR,E,H106003,Communication reimbursement,845259.7,150929.9,0,996189.6,Jan-26
401,OSR,E,H106006,Generator Expenses,389305.82,149701.7,0,539007.52,Jan-26
401,OSR,E,H106007,Fuel reimbursement,10838426.46,1859122.93,46.15,12697503.24,Jan-26
401,OSR,E,H107001,Depreciation Expense - Furnitures and Fixtures,27379.98,4612.93,0,31992.91,Jan-26
401,OSR,E,H107002,Depreciation Expense - Office Equipment,175059.66,29493.74,0,204553.4,Jan-26
401,OSR,E,H107004,Depreciation Expense - Computers,1115702.09,215110.5,0,1330812.59,Jan-26
401,OSR,E,H108002,Vehicle Operations,1024223.43,175013.15,0,1199236.58,Jan-26
401,OSR,E,H108003,Vehicle Maintenance,108978,5000,0,113978,Jan-26
401,OSR,E,H108004,Vehicle Insurance - Amortization,30333.3,5062.5,0,35395.8,Jan-26
401,OSR,E,H109001,Directors - Trainings & Workshops,300000,123711,0,423711,Jan-26
401,OSR,E,H110002,Health Insurance - Amortization,6237979.03,1095584,0,7333563.03,Jan-26
401,OSR,E,H113001,Exchange Gain,-6517,0,0,-6517,Jan-26
401,OSR,E,H115001,Meeting & Conferences,331070.16,55721.53,0,386791.69,Jan-26
401,OSR,E,H116001,Kitchen Supplies,960370.41,155544.92,0,1115915.33,Jan-26
401,OSR,E,H116002,Cleaning Material,34790.5,55377,0,90167.5,Jan-26
401,OSR,E,H116003,Postage & Courier,28438,6535,0,34973,Jan-26
401,OSR,E,H116004,Office Supplies,249998,11500,0,261498,Jan-26
401,OSR,E,H116006,IT Supplies,62417.08,0,0,62417.08,Jan-26
401,OSR,E,H116007,IT - Repair and Maintenance,62301,0,0,62301,Jan-26
401,OSR,E,H116008,Printer Monthly Rental and Usage,103223,26427,0,129650,Jan-26
401,OSR,E,H117001,Office Rent- Islamabad,8633460,1438910,0,10072370,Jan-26
401,OSR,E,H118001,Amortization - Asset and Vehicles Insurance,125096.32,19069.13,0,144165.45,Jan-26
401,OSR,E,H119001,Boarding & Lodging,3583101.37,283430.75,0,3866532.12,Jan-26
401,OSR,E,H119002,BoD-Boarding & Lodging,122413.2,4249.8,0,126663,Jan-26
401,OSR,E,H119003,Perdiem,1025781.8,71700,0,1097481.8,Jan-26
401,OSR,E,H121002,Stationery Printing,202549,0,0,202549,Jan-26
401,OSR,E,H122004,Legal Charges,347516.28,0,0,347516.28,Jan-26
401,OSR,E,H122005,Out of Pocket Ext-Audit,173200,0,0,173200,Jan-26
401,OSR,E,H122007,Tax Consultancy,448500,28750,0,477250,Jan-26
401,OSR,E,H123003,Daily Wages,35000,6000,0,41000,Jan-26
401,OSR,E,H123005,Staff Training,3632140.38,0,0,3632140.38,Jan-26
401,OSR,E,H123006,EOBI Expense,327561,64713,0,392274,Jan-26
401,OSR,E,H124001,Office Repair & Maintenance,282726,26442.5,0,309168.5,Jan-26
401,OSR,E,H124002,Equipment Repair & Maintenance,-279.5,0,0,-279.5,Jan-26
401,OSR,E,H125001,Software Annual Support Services,1411001.62,133657.82,0,1544659.44,Jan-26
401,OSR,E,H126001,Fee & Subscription,71012.07,0,0,71012.07,Jan-26
401,OSR,E,H126002,Employee Engagement,372208.51,13878.5,0,386087.01,Jan-26
401,OSR,E,H126005,SPOT recognition,125806.95,60000,0,185806.95,Jan-26
401,OSR,E,H128001,Guards & Janitorial Services,1170184,163491,0,1333675,Jan-26
401,OSR,E,H128002,Corporate and Social Responsibility,900000,0,0,900000,Jan-26
401,OSR,E,H129006,Directors & officers liability insurance,818174.98,135595.83,0,953770.81,Jan-26
401,OSR,E,H129021,Life Insurance - Amortization,432072.75,67310,0,499382.75,Jan-26
401,OSR,E,H129033,Management fee expense PFSL,15446779.82,0,0,15446779.82,Jan-26
401,OSR,E,H129037,Brokerage fee and Ancillary charges,807000,0,0,807000,Jan-26
401,OSR,E,H130003,Board and Committee Meetings,2948767,153100,0,3101867,Jan-26
401,OSR,E,I109004,Ancillary Cost / Portfolio through PFSL,2992911.07,0,0,2992911.07,Jan-26
401,OSR,E,K102006,PR Services,1210387.2,238409.6,0,1448796.8,Jan-26
401,OSR,E,K102008,Product-Oriented Research on Select Agri Value Chains,759365.75,416819.64,0,1176185.39,Jan-26
401,OSR,E,K102014,Website Maintenance+SEO,491841.34,169305.86,0,661147.2,Jan-26
401,OSR,E,K102015,Digital and Social Media,128300.76,21406.3,0,149707.06,Jan-26
401,OSR,E,K102016,Marketing Collateral,506161.91,90353.43,0,596515.34,Jan-26
401,OSR,E,K102017,SME/CIC Market Visibility and Outreach,129197.75,0,0,129197.75,Jan-26
401,OSR,E,K102025,ICF Marketing & MEL,0,529000,0,529000,Jan-26
401,OSR,E,K102026,"WV - Events, Videos, Briefs",449005.5,0,0,449005.5,Jan-26
401,OSR,E,K103035,Constant Contact,115787.46,0,0,115787.46,Jan-26
401,OSR,E,K103052,"Engagement with Influencer Platforms/Podcasts (Pakistonomy, Tabadlab, etc.)",21400,0,0,21400,Jan-26
401,OSR,E,K103055,"Feasibilities of Innovative Climate Change Investments Projects (e.g. Biomass, Commercial Forestry)",749999.4,750000,0,1499999.4,Jan-26
401,OSR,E,K103062,"Editing and Printing of Internal Notes (e.g. Budget, Import Substitution of Agri Commodities, Digitization of Argi Cooperatives)",5050,0,0,5050,Jan-26
401,OSR,E,K103069,Identifying WEE inclusive sectors and opportunities for anchor models,719019.04,0,0,719019.04,Jan-26
401,OSR,E,M102001,Third Party Monitoring of Karandaaz Projects,1967257.73,0,0,1967257.73,Jan-26
401,OSR,E,SS5H100,Staff Salaries,125857146.5,20708266.8,0,146565413.3,Jan-26
401,OSR,E,SS5H200,Staff Provident Fund,10023166.55,1649264,0,11672430.55,Jan-26
401,OSR,E,SS5H201,Gratuity expense (Staff Salaries),4244740.89,0,0,4244740.89,Jan-26
401,OSR,E,SS5H300,Staff Over time,9936,0,0,9936,Jan-26
501,N/A,E,C109002,Equity - Pre & post investment cost,192897,23957,0,216854,Jan-26
501,N/A,E,C130005,CDC Maintenance Charges,69808,0,0,69808,Jan-26
501,N/A,E,H101001,Bank Charges,4197.01,0.05,0,4197.06,Jan-26
501,N/A,E,H102001,Amortization of Intangible Assets,6975842,0,0,6975842,Jan-26
501,N/A,E,H106002,Telephone & Internet,114020,0,0,114020,Jan-26
501,N/A,E,H106006,Generator Expenses,120448,0,0,120448,Jan-26
501,N/A,E,H107001,Depreciation Expense - Furnitures and Fixtures,1150.61,2547.78,0,3698.39,Jan-26
501,N/A,E,H107002,Depreciation Expense - Office Equipment,127265.87,32098.06,0,159363.93,Jan-26
501,N/A,E,H107004,Depreciation Expense - Computers,53934.32,9086.76,0,63021.08,Jan-26
501,N/A,E,H113001,Exchange Gain,-147410.69,0,95578.4,-242989.09,Jan-26
501,N/A,E,H113002,Exchange Loss,2598773.82,0,0,2598773.82,Jan-26
501,N/A,E,H116007,IT - Repair and Maintenance,-4200.5,0,0,-4200.5,Jan-26
501,N/A,E,H116008,Printer Monthly Rental and Usage,40000,0,0,40000,Jan-26
501,N/A,E,H122005,Out of Pocket Ext-Audit,273600,0,0,273600,Jan-26
501,N/A,E,H123005,Staff Training,-1452836,0,0,-1452836,Jan-26
501,N/A,E,H123006,EOBI Expense,159455,0,6660,152795,Jan-26
501,N/A,E,H125002,Annual License fee - Amortization,5545651.68,0,0,5545651.68,Jan-26
501,N/A,E,H129035,Modification loss / gain due to change in cashflow on IHV,0,25850143.12,0,25850143.12,Jan-26
501,N/A,E,H129038,Sales tax - Withholding by clients,139000,0,0,139000,Jan-26
501,N/A,E,H130002,Cross-Currency Rounding Account,3.79,1.06,0.01,4.84,Jan-26
501,N/A,E,H13003D,Dummy account as of June-22,44.78,361096.85,361096.89,44.74,Jan-26
501,N/A,E,SS5H100,Staff Salaries,-370713.15,0,117948,-488661.15,Jan-26
101,FCDO,E,D107011,Company Registry,97818537.34,446485.69,439828.6,97825194.43,Feb-26
101,FCDO,E,D107022,SOC Implementation,33267729.78,0,0,33267729.78,Feb-26
101,FCDO,E,D107023,XBRL Implementation,330268,314227,0,644495,Feb-26
101,FCDO,E,H103002,Capacity Building,150000,26236.17,1236.17,175000,Feb-26
101,FCDO,E,H106003,Communication reimbursement,4550,0,0,4550,Feb-26
101,FCDO,E,H106007,Fuel reimbursement,1047084.52,166289.84,0,1213374.36,Feb-26
101,FCDO,E,H107001,Depreciation Expense - Furnitures and Fixtures,322236.52,41655.96,0,363892.48,Feb-26
101,FCDO,E,H107002,Depreciation Expense - Office Equipment,128385.78,13216.26,0,141602.04,Feb-26
101,FCDO,E,H107004,Depreciation Expense - Computers,1799456.6,191922.33,0,1991378.93,Feb-26
101,FCDO,E,H107006,Depreciation Expense - Solar Equipment,220595.89,28728.77,0,249324.66,Feb-26
101,FCDO,E,H108003,Vehicle Maintenance,54640,2000,2000,54640,Feb-26
101,FCDO,E,H110002,Health Insurance - Amortization,576471,95146,0,671617,Feb-26
101,FCDO,E,H123005,Staff Training,1176012,0,0,1176012,Feb-26
101,FCDO,E,H123006,EOBI Expense,39960,6660,0,46620,Feb-26
101,FCDO,E,H129021,Life Insurance - Amortization,40998,6766,0,47764,Feb-26
101,FCDO,E,I109001,ICF 6 - GCF (Grant),1920000,0,0,1920000,Feb-26
101,FCDO,E,K102006,PR Services,5.01,10.31,10.31,5.01,Feb-26
101,FCDO,E,K102014,Website Maintenance+SEO,238507.46,4042.64,4042.64,238507.46,Feb-26
101,FCDO,E,SS5H100,Staff Salaries,15044380,2550505,0,17594885,Feb-26
101,FCDO,E,SS5H200,Staff Provident Fund,1169688,161325,0,1331013,Feb-26
101,FCDO,E,SS5H201,Gratuity expense (Staff Salaries),403635.65,0,0,403635.65,Feb-26
201,GF,E,D103004,DFS - Digital Financial Inclusion for Women,1178000,0.2,0.2,1178000,Feb-26
201,GF,E,D103021,Digital Payments,17422500,0,0,17422500,Feb-26
201,GF,E,D106008,"W3: Technical Advisory, Industry/International Expert Engagement, Learning/Networking Events",1444317.75,0,0,1444317.75,Feb-26
201,GF,E,D107003,MPG - Consultant (Mckinsey),0,1320119.65,1196630.36,123489.29,Feb-26
201,GF,E,D107015,New Accounts Acquisition,11041407,0,0,11041407,Feb-26
201,GF,E,D107017,RAAST Adoption,66274861.62,0,0,66274861.62,Feb-26
201,GF,E,D107018,"W1: Technical Advisory, Industry/Int'l Expert Engagement, Learning/Networking Events",14058778.83,1466358.62,0,15525137.45,Feb-26
201,GF,E,D107025,"W4: Technical Advisory, Industry/Int'l Expert Engagement, Learning/Networking Events",1642636.77,74649,5405.4,1711880.37,Feb-26
201,GF,E,D107026,FIWC - 4 (Account or channel specifIc),0,3106250,0,3106250,Feb-26
201,GF,E,D107028,E-commerce Value Chain Interventions,11687059.5,743508.2,743508.2,11687059.5,Feb-26
201,GF,E,D107029,Sector Transformation - Agri Value Chain Transformation,20779012,0,0,20779012,Feb-26
201,GF,E,D107030,Adoption Projects,49221886.62,1598500,0,50820386.62,Feb-26
201,GF,E,D107037,FBR - Digital Invoicing Initiative (Landscape Assessment),588577341.8,35673169.56,8629317.56,615621193.8,Feb-26
201,GF,E,D107038,DFA-C,8125000,0,0,8125000,Feb-26
201,GF,E,D107039,RAAST S&M,118217284.8,108442.06,169552.13,118156174.8,Feb-26
201,GF,E,D107043,RAAST Implementation Phase,209259259.5,270336.61,435556.25,209094039.9,Feb-26
201,GF,E,D107044,Buna-RAAST Connectivity,750000,53404372.75,147246,54007126.75,Feb-26
201,GF,E,D107046,RAAST Governance,3596280,0,0,3596280,Feb-26
201,GF,E,D107049,Cashless Ecosystem,5664000,3840000,3840000,5664000,Feb-26
201,GF,E,D107052,FBR - Digitization for Tax System (Stage 2: Project & Change Management ),295702886,40281152,0,335984038,Feb-26
201,GF,E,D107054,BISP - BISP and RAAST integration,0,452812.5,0,452812.5,Feb-26
201,GF,E,D107055,Raast-BUNA: Implementation,124132225.5,3243750,0,127375975.5,Feb-26
201,GF,E,D108002,CCT Program to eradicate Polio,5260000,1840000,0,7100000,Feb-26
201,GF,E,D108005,Mainstreaming,393258.43,0,0,393258.43,Feb-26
201,GF,E,D108006,Disruption and Experimentation: Innovative Solutions for Women's Inclusion,2935555,5276471,0,8212026,Feb-26
201,GF,E,D108008,"W5: Technical Advisory, Industry/International Expert Engagement, Learning/Networking Events",1826567.88,0,0,1826567.88,Feb-26
201,GF,E,H101001,Bank Charges,240331.19,11028.87,0,251360.06,Feb-26
201,GF,E,H103002,Capacity Building,8230558.98,376681.8,154323.75,8452917.03,Feb-26
201,GF,E,H104001,Travel,279131.75,96951.45,0,376083.2,Feb-26
201,GF,E,H104002,BoD-Travel,-16950,0,0,-16950,Feb-26
201,GF,E,H105001,HR Consultancies & Internships,2021350,282475.5,13282.5,2290543,Feb-26
201,GF,E,H106001,Electricity,748646,124787,0,873433,Feb-26
201,GF,E,H106002,Telephone & Internet,313218,65441,0,378659,Feb-26
201,GF,E,H106003,Communication reimbursement,1136212.81,180852.47,0,1317065.28,Feb-26
201,GF,E,H106006,Generator Expenses,457008.98,64744.6,0,521753.58,Feb-26
201,GF,E,H106007,Fuel reimbursement,12432760.62,1644739.22,368.88,14077130.96,Feb-26
201,GF,E,H107001,Depreciation Expense - Furnitures and Fixtures,41197.53,5365.26,0,46562.79,Feb-26
201,GF,E,H107002,Depreciation Expense - Office Equipment,9451.04,3835.21,0,13286.25,Feb-26
201,GF,E,H108002,Vehicle Operations,734465.92,76225.9,0,810691.82,Feb-26
201,GF,E,H108003,Vehicle Maintenance,168618,15485,2000,182103,Feb-26
201,GF,E,H108004,Vehicle Insurance - Amortization,35395.8,5062.5,0,40458.3,Feb-26
201,GF,E,H109001,Directors - Trainings & Workshops,60000,0,0,60000,Feb-26
201,GF,E,H110002,Health Insurance - Amortization,11786958.03,1655545,0,13442503.03,Feb-26
201,GF,E,H113002,Exchange Loss,356527.65,0,0,356527.65,Feb-26
201,GF,E,H115001,Meeting & Conferences,802591.07,55105,0,857696.07,Feb-26
201,GF,E,H116001,Kitchen Supplies,1115915.35,232767.55,0,1348682.9,Feb-26
201,GF,E,H116002,Cleaning Material,90167.5,0,0,90167.5,Feb-26
201,GF,E,H116003,Postage & Courier,34977,6197,0,41174,Feb-26
201,GF,E,H116004,Office Supplies,263198,32061,0,295259,Feb-26
201,GF,E,H116006,IT Supplies,66417.08,17280.86,5031,78666.94,Feb-26
201,GF,E,H116007,IT - Repair and Maintenance,62301,7210,130,69381,Feb-26
201,GF,E,H116008,Printer Monthly Rental and Usage,129650,16719,0,146369,Feb-26
201,GF,E,H117001,Office Rent- Islamabad,10072370,1438910,0,11511280,Feb-26
201,GF,E,H118001,Amortization - Asset and Vehicles Insurance,131429.85,19069.13,0,150498.98,Feb-26
201,GF,E,H119001,Boarding & Lodging,3204500.18,606154.31,0,3810654.49,Feb-26
201,GF,E,H119002,BoD-Boarding & Lodging,47929.8,462600,0,510529.8,Feb-26
201,GF,E,H119003,Perdiem,1045334.6,42000,0,1087334.6,Feb-26
201,GF,E,H121002,Stationery Printing,162049,48281.52,48281.52,162049,Feb-26
201,GF,E,H122004,Legal Charges,739284.5,60644.88,228.38,799701,Feb-26
201,GF,E,H122005,Out of Pocket Ext-Audit,173200,4000,0,177200,Feb-26
201,GF,E,H122007,Tax Consultancy,477250,28750,0,506000,Feb-26
201,GF,E,H123003,Daily Wages,41000,6000,0,47000,Feb-26
201,GF,E,H123005,Staff Training,5079768.37,0,0,5079768.37,Feb-26
201,GF,E,H123006,EOBI Expense,702186,115884,0,818070,Feb-26
201,GF,E,H124001,Office Repair & Maintenance,438673.5,98673,0,537346.5,Feb-26
201,GF,E,H124002,Equipment Repair & Maintenance,-150.5,150.5,150.5,-150.5,Feb-26
201,GF,E,H125001,Software Annual Support Services,1364154.83,306517.85,6744.24,1663928.44,Feb-26
201,GF,E,H125003,ERP support and maintenance cost,0,400000,0,400000,Feb-26
201,GF,E,H126001,Fee & Subscription,96802.08,1050,0,97852.08,Feb-26
201,GF,E,H126002,Employee Engagement,386087.01,73382.5,0,459469.51,Feb-26
201,GF,E,H126005,SPOT recognition,254896.05,128000,0,382896.05,Feb-26
201,GF,E,H128001,Guards & Janitorial Services,1333671,153562,0,1487233,Feb-26
201,GF,E,H129006,Directors & officers liability insurance,953770.81,135595.83,0,1089366.64,Feb-26
201,GF,E,H129021,Life Insurance - Amortization,817357.75,117730,0,935087.75,Feb-26
201,GF,E,H130002,Cross-Currency Rounding Account,1.06,0,0,1.06,Feb-26
201,GF,E,H130003,Board and Committee Meetings,2731235,0,0,2731235,Feb-26
201,GF,E,K102002,Landscape Study of Digital Lending for Small and Medium-Sized Merchants in Urban Pakistan,0,2100000,0,2100000,Feb-26
201,GF,E,K102003,Alternate Revenue Models for National Payment System,6711975,0,0,6711975,Feb-26
201,GF,E,K102004,Collateral Regime required to optimize EWRF in Pakistan,2535888,3803832,0,6339720,Feb-26
201,GF,E,K102006,PR Services,1448801.8,403472.7,192571.9,1659702.6,Feb-26
201,GF,E,K102014,Website Maintenance+SEO,899654.65,79985.44,4042.63,975597.46,Feb-26
201,GF,E,K102015,Digital and Social Media,149707.06,0,0,149707.06,Feb-26
201,GF,E,K102016,Marketing Collateral,596515.34,25000,0,621515.34,Feb-26
201,GF,E,K102017,SME/CIC Market Visibility and Outreach,31697.75,0,0,31697.75,Feb-26
201,GF,E,K103021,Data Portal 2.0 (BMGF),2177565,1300.44,1300.44,2177565,Feb-26
201,GF,E,K103035,Constant Contact,115787.46,0,0,115787.46,Feb-26
201,GF,E,K103043,Digital Pakistan Conference and Workships/Events/Industry Consultations/Round Tables,2193456.5,33690,33690,2193456.5,Feb-26
201,GF,E,K103044,"DFS Outreach (videos, publications, photo collections)",262450,230068,84018,408500,Feb-26
201,GF,E,K103052,"Engagement with Influencer Platforms/Podcasts (Pakistonomy, Tabadlab, etc.)",21400,0,0,21400,Feb-26
201,GF,E,K103061,Improving DFS Adoption Among Women,2510000,0,0,2510000,Feb-26
201,GF,E,K103062,"Editing and Printing of Internal Notes (e.g. Budget, Import Substitution of Agri Commodities, Digitization of Argi Cooperatives)",25750,0,0,25750,Feb-26
201,GF,E,K103065,Knowledge Partnerships BMGF (FAW),2439428.21,525193.02,0,2964621.23,Feb-26
201,GF,E,K103070,Feasibility Study for an E-invoicing platform in Pakistan,1585500.17,1.62,1.62,1585500.17,Feb-26
201,GF,E,K103072,RAAST Awareness Campaign,1562250,0,0,1562250,Feb-26
201,GF,E,M102001,Third Party Monitoring of Karandaaz Projects,400426.51,88637.5,0,489064.01,Feb-26
201,GF,E,M103001,Assessment of SCF market adoption,3248750,0,0,3248750,Feb-26
201,GF,E,M103003,Mid-cycle assessmentof Raast merchant onboarding,1817124,0,0,1817124,Feb-26
201,GF,E,M112001,Assessment of Incentive Scheme Projects,0.5,1.5,1.5,0.5,Feb-26
201,GF,E,SS5H100,Staff Salaries,213760842.8,33598251,0,247359093.8,Feb-26
201,GF,E,SS5H200,Staff Provident Fund,17498379.45,2399252,0,19897631.45,Feb-26
201,GF,E,SS5H201,Gratuity expense (Staff Salaries),6327527.36,0,0,6327527.36,Feb-26
201,GF,E,SS5H300,Staff Over time,9936,0,0,9936,Feb-26
301,OSR,E,H106003,Communication reimbursement,523,0,0,523,Feb-26
301,OSR,E,H119003,Perdiem,2000,0,0,2000,Feb-26
401,OSR,E,C103002,MBL-SME Loans-Variable Expenses,2078381.68,345086.96,0,2423468.64,Feb-26
401,OSR,E,C103005,MIB-SME Loans-Variable Expenses,12410.84,1740,0,14150.84,Feb-26
401,OSR,E,C103008,Soneri-SME Loans-Variable Expenses,-2552,0,0,-2552,Feb-26
401,OSR,E,C108002,Credit - Pre & post investment cost,782000,0,0,782000,Feb-26
401,OSR,E,C109002,Equity - Pre & post investment cost,1411773,0,0,1411773,Feb-26
401,OSR,E,C110002,GREEN - Pre & post investment cost,808000,0,0,808000,Feb-26
401,OSR,E,H101001,Bank Charges,312937.75,22427.87,348,335017.62,Feb-26
401,OSR,E,H103002,Capacity Building,8080558.99,350680.48,153322.43,8277917.04,Feb-26
401,OSR,E,H104001,Travel,372481.75,126782.55,0,499264.3,Feb-26
401,OSR,E,H104002,BoD-Travel,-16950,0,0,-16950,Feb-26
401,OSR,E,H105001,HR Consultancies & Internships,2021350,293860.5,24667.5,2290543,Feb-26
401,OSR,E,H106001,Electricity,846344,124787,0,971131,Feb-26
401,OSR,E,H106002,Telephone & Internet,313215,65440,0,378655,Feb-26
401,OSR,E,H106003,Communication reimbursement,996189.6,163386,0,1159575.6,Feb-26
401,OSR,E,H106006,Generator Expenses,539007.52,68619.4,0,607626.92,Feb-26
401,OSR,E,H106007,Fuel reimbursement,12697503.24,1689543.9,2389.33,14384657.81,Feb-26
401,OSR,E,H107001,Depreciation Expense - Furnitures and Fixtures,31992.91,4166.52,0,36159.43,Feb-26
401,OSR,E,H107002,Depreciation Expense - Office Equipment,204553.4,26639.53,0,231192.93,Feb-26
401,OSR,E,H107004,Depreciation Expense - Computers,1330812.59,194293.41,0,1525106,Feb-26
401,OSR,E,H108002,Vehicle Operations,1199236.58,139248.1,0,1338484.68,Feb-26
401,OSR,E,H108003,Vehicle Maintenance,113978,13485,0,127463,Feb-26
401,OSR,E,H108004,Vehicle Insurance - Amortization,35395.8,5062.5,0,40458.3,Feb-26
401,OSR,E,H109001,Directors - Trainings & Workshops,423711,0,0,423711,Feb-26
401,OSR,E,H110002,Health Insurance - Amortization,7333563.03,976835,0,8310398.03,Feb-26
401,OSR,E,H113001,Exchange Gain,-6517,0,0,-6517,Feb-26
401,OSR,E,H115001,Meeting & Conferences,386791.69,54054,0,440845.69,Feb-26
401,OSR,E,H116001,Kitchen Supplies,1115915.33,232767.54,0,1348682.87,Feb-26
401,OSR,E,H116002,Cleaning Material,90167.5,0,0,90167.5,Feb-26
401,OSR,E,H116003,Postage & Courier,34973,6197,0,41170,Feb-26
401,OSR,E,H116004,Office Supplies,261498,32061,0,293559,Feb-26
401,OSR,E,H116006,IT Supplies,62417.08,14958.86,2709,74666.94,Feb-26
401,OSR,E,H116007,IT - Repair and Maintenance,62301,7150,70,69381,Feb-26
401,OSR,E,H116008,Printer Monthly Rental and Usage,129650,16719,0,146369,Feb-26
401,OSR,E,H117001,Office Rent- Islamabad,10072370,1438910,0,11511280,Feb-26
401,OSR,E,H118001,Amortization - Asset and Vehicles Insurance,144165.45,19069.13,0,163234.58,Feb-26
401,OSR,E,H119001,Boarding & Lodging,3866532.12,49000,0,3915532.12,Feb-26
401,OSR,E,H119002,BoD-Boarding & Lodging,126663,0,0,126663,Feb-26
401,OSR,E,H119003,Perdiem,1097481.8,297525,0,1395006.8,Feb-26
401,OSR,E,H121002,Stationery Printing,202549,54534.72,54534.72,202549,Feb-26
401,OSR,E,H122004,Legal Charges,347516.28,60840.63,424.13,407932.78,Feb-26
401,OSR,E,H122005,Out of Pocket Ext-Audit,173200,4000,0,177200,Feb-26
401,OSR,E,H122007,Tax Consultancy,477250,28750,0,506000,Feb-26
401,OSR,E,H123003,Daily Wages,41000,6000,0,47000,Feb-26
401,OSR,E,H123005,Staff Training,3632140.38,0,0,3632140.38,Feb-26
401,OSR,E,H123006,EOBI Expense,392274,68376,0,460650,Feb-26
401,OSR,E,H124001,Office Repair & Maintenance,309168.5,98673,0,407841.5,Feb-26
401,OSR,E,H124002,Equipment Repair & Maintenance,-279.5,279.5,279.5,-279.5,Feb-26
401,OSR,E,H125001,Software Annual Support Services,1544659.44,300028.38,254.76,1844433.06,Feb-26
401,OSR,E,H125003,ERP support and maintenance cost,0,400000,0,400000,Feb-26
401,OSR,E,H126001,Fee & Subscription,71012.07,1050,0,72062.07,Feb-26
401,OSR,E,H126002,Employee Engagement,386087.01,73382.5,0,459469.51,Feb-26
401,OSR,E,H126005,SPOT recognition,185806.95,80000,0,265806.95,Feb-26
401,OSR,E,H128001,Guards & Janitorial Services,1333675,153563,0,1487238,Feb-26
401,OSR,E,H128002,Corporate and Social Responsibility,900000,33535.6,33535.6,900000,Feb-26
401,OSR,E,H129006,Directors & officers liability insurance,953770.81,135595.83,0,1089366.64,Feb-26
401,OSR,E,H129021,Life Insurance - Amortization,499382.75,69466,0,568848.75,Feb-26
401,OSR,E,H129033,Management fee expense PFSL,15446779.82,2445353.96,0,17892133.78,Feb-26
401,OSR,E,H129037,Brokerage fee and Ancillary charges,807000,0,0,807000,Feb-26
401,OSR,E,H130003,Board and Committee Meetings,3101867,0,0,3101867,Feb-26
401,OSR,E,I109004,Ancillary Cost / Portfolio through PFSL,2992911.07,876133,0,3869044.07,Feb-26
401,OSR,E,I112001,WV: Technical Assistance (BDS),0,130000,0,130000,Feb-26
401,OSR,E,K102006,PR Services,1448796.8,403462.4,192561.6,1659697.6,Feb-26
401,OSR,E,K102008,Product-Oriented Research on Select Agri Value Chains,1176185.39,609407.6,0,1785592.99,Feb-26
401,OSR,E,K102014,Website Maintenance+SEO,661147.2,75942.81,0,737090.01,Feb-26
401,OSR,E,K102015,Digital and Social Media,149707.06,0,0,149707.06,Feb-26
401,OSR,E,K102016,Marketing Collateral,596515.34,25000,0,621515.34,Feb-26
401,OSR,E,K102017,SME/CIC Market Visibility and Outreach,129197.75,131190,131190,129197.75,Feb-26
401,OSR,E,K102025,ICF Marketing & MEL,529000,927400.2,211600.2,1244800,Feb-26
401,OSR,E,K102026,"WV - Events, Videos, Briefs",449005.5,533755.5,533755.5,449005.5,Feb-26
401,OSR,E,K103035,Constant Contact,115787.46,0,0,115787.46,Feb-26
401,OSR,E,K103052,"Engagement with Influencer Platforms/Podcasts (Pakistonomy, Tabadlab, etc.)",21400,0,0,21400,Feb-26
401,OSR,E,K103055,"Feasibilities of Innovative Climate Change Investments Projects (e.g. Biomass, Commercial Forestry)",1499999.4,3.8,3.8,1499999.4,Feb-26
401,OSR,E,K103062,"Editing and Printing of Internal Notes (e.g. Budget, Import Substitution of Agri Commodities, Digitization of Argi Cooperatives)",5050,0,0,5050,Feb-26
401,OSR,E,K103069,Identifying WEE inclusive sectors and opportunities for anchor models,719019.04,310931.65,310931.65,719019.04,Feb-26
401,OSR,E,K103071,Feasibility Study of Investible Green Projects (new),0,4448775,0,4448775,Feb-26
401,OSR,E,M102001,Third Party Monitoring of Karandaaz Projects,1967257.73,1009131.16,920493.66,2055895.23,Feb-26
401,OSR,E,SS5H100,Staff Salaries,146565413.3,24627488,0,171192901.3,Feb-26
401,OSR,E,SS5H200,Staff Provident Fund,11672430.55,1732349,0,13404779.55,Feb-26
401,OSR,E,SS5H201,Gratuity expense (Staff Salaries),4244740.89,0,0,4244740.89,Feb-26
401,OSR,E,SS5H300,Staff Over time,9936,0,0,9936,Feb-26
501,N/A,E,C109002,Equity - Pre & post investment cost,216854,25049,0,241903,Feb-26
501,N/A,E,C130005,CDC Maintenance Charges,69808,0,0,69808,Feb-26
501,N/A,E,H101001,Bank Charges,4197.06,0,0.28,4196.78,Feb-26
501,N/A,E,H102001,Amortization of Intangible Assets,6975842,0,0,6975842,Feb-26
501,N/A,E,H106002,Telephone & Internet,114020,0,0,114020,Feb-26
501,N/A,E,H106006,Generator Expenses,120448,0,0,120448,Feb-26
501,N/A,E,H107001,Depreciation Expense - Furnitures and Fixtures,3698.39,2301.22,0,5999.61,Feb-26
501,N/A,E,H107002,Depreciation Expense - Office Equipment,159363.93,28991.81,0,188355.74,Feb-26
501,N/A,E,H107004,Depreciation Expense - Computers,63021.08,8207.4,0,71228.48,Feb-26
501,N/A,E,H113001,Exchange Gain,-242989.09,0,0,-242989.09,Feb-26
501,N/A,E,H113002,Exchange Loss,2598773.82,0,0,2598773.82,Feb-26
501,N/A,E,H116007,IT - Repair and Maintenance,-4200.5,0,0,-4200.5,Feb-26
501,N/A,E,H116008,Printer Monthly Rental and Usage,40000,0,0,40000,Feb-26
501,N/A,E,H122005,Out of Pocket Ext-Audit,273600,0,0,273600,Feb-26
501,N/A,E,H123005,Staff Training,-1452836,0,0,-1452836,Feb-26
501,N/A,E,H123006,EOBI Expense,152795,0,2220,150575,Feb-26
501,N/A,E,H125002,Annual License fee - Amortization,5545651.68,0,0,5545651.68,Feb-26
501,N/A,E,H129035,Modification loss / gain due to change in cashflow on IHV,25850143.12,0,0,25850143.12,Feb-26
501,N/A,E,H129038,Sales tax - Withholding by clients,139000,0,0,139000,Feb-26
501,N/A,E,H130002,Cross-Currency Rounding Account,4.84,0.56,0,5.4,Feb-26
501,N/A,E,H13003D,Dummy account as of June-22,44.74,1,2001.02,-1955.28,Feb-26
501,N/A,E,SS5H100,Staff Salaries,-488661.15,0,0,-488661.15,Feb-26
101,FCDO,E,D107011,Company Registry,97825194.43,14832999.41,0,112658193.8,Mar-26
101,FCDO,E,D107022,SOC Implementation,33267729.78,0,0,33267729.78,Mar-26
101,FCDO,E,D107023,XBRL Implementation,644495,0,0,644495,Mar-26
101,FCDO,E,H103002,Capacity Building,175000,25000,0,200000,Mar-26
101,FCDO,E,H106003,Communication reimbursement,4550,18588,0,23138,Mar-26
101,FCDO,E,H106007,Fuel reimbursement,1213374.36,167395.93,0,1380770.29,Mar-26
101,FCDO,E,H107001,Depreciation Expense - Furnitures and Fixtures,363892.48,43641.83,0,407534.31,Mar-26
101,FCDO,E,H107002,Depreciation Expense - Office Equipment,141602.04,14632.28,0,156234.32,Mar-26
101,FCDO,E,H107004,Depreciation Expense - Computers,1991378.93,212485.39,0,2203864.32,Mar-26
101,FCDO,E,H107006,Depreciation Expense - Solar Equipment,249324.66,31806.85,0,281131.51,Mar-26
101,FCDO,E,H108003,Vehicle Maintenance,54640,0,0,54640,Mar-26
101,FCDO,E,H110002,Health Insurance - Amortization,671617,95146,0,766763,Mar-26
101,FCDO,E,H115001,Meeting & Conferences,0,9215.67,0,9215.67,Mar-26
101,FCDO,E,H123005,Staff Training,1176012,0,0,1176012,Mar-26
101,FCDO,E,H123006,EOBI Expense,46620,6660,0,53280,Mar-26
101,FCDO,E,H129021,Life Insurance - Amortization,47764,6766,0,54530,Mar-26
101,FCDO,E,I109001,ICF 6 - GCF (Grant),1920000,0,0,1920000,Mar-26
101,FCDO,E,K102006,PR Services,5.01,0,0,5.01,Mar-26
101,FCDO,E,K102014,Website Maintenance+SEO,238507.46,0,0,238507.46,Mar-26
101,FCDO,E,SS5H100,Staff Salaries,17594885,1962239,0,19557124,Mar-26
101,FCDO,E,SS5H200,Staff Provident Fund,1331013,161325,0,1492338,Mar-26
101,FCDO,E,SS5H201,Gratuity expense (Staff Salaries),403635.65,0,0,403635.65,Mar-26
201,GF,E,D103004,DFS - Digital Financial Inclusion for Women,1178000,0,0,1178000,Mar-26
201,GF,E,D103021,Digital Payments,17422500,0,0,17422500,Mar-26
201,GF,E,D106008,"W3: Technical Advisory, Industry/International Expert Engagement, Learning/Networking Events",1444317.75,503240,0,1947557.75,Mar-26
201,GF,E,D107003,MPG - Consultant (Mckinsey),123489.29,0,0,123489.29,Mar-26
201,GF,E,D107015,New Accounts Acquisition,11041407,0,0,11041407,Mar-26
201,GF,E,D107017,RAAST Adoption,66274861.62,0,0,66274861.62,Mar-26
201,GF,E,D107018,"W1: Technical Advisory, Industry/Int'l Expert Engagement, Learning/Networking Events",15525137.45,1267490.59,0,16792628.04,Mar-26
201,GF,E,D107025,"W4: Technical Advisory, Industry/Int'l Expert Engagement, Learning/Networking Events",1711880.37,0,0,1711880.37,Mar-26
201,GF,E,D107026,FIWC - 4 (Account or channel specifIc),3106250,0,0,3106250,Mar-26
201,GF,E,D107028,E-commerce Value Chain Interventions,11687059.5,0,0,11687059.5,Mar-26
201,GF,E,D107029,Sector Transformation - Agri Value Chain Transformation,20779012,0,0,20779012,Mar-26
201,GF,E,D107030,Adoption Projects,50820386.62,0,0,50820386.62,Mar-26
201,GF,E,D107037,FBR - Digital Invoicing Initiative (Landscape Assessment),615621193.8,0,0,615621193.8,Mar-26
201,GF,E,D107038,DFA-C,8125000,0,0,8125000,Mar-26
201,GF,E,D107039,RAAST S&M,118156174.8,130606932.9,0,248763107.7,Mar-26
201,GF,E,D107043,RAAST Implementation Phase,209094039.9,0,0,209094039.9,Mar-26
201,GF,E,D107044,Buna-RAAST Connectivity,54007126.75,105726233.3,0,159733360,Mar-26
201,GF,E,D107046,RAAST Governance,3596280,3298140,0,6894420,Mar-26
201,GF,E,D107049,Cashless Ecosystem,5664000,0,0,5664000,Mar-26
201,GF,E,D107052,FBR - Digitization for Tax System (Stage 2: Project & Change Management ),335984038,10360081,0,346344119,Mar-26
201,GF,E,D107053,FBR - Digitalization for Tax System: Individual Consultant,0,10395000,0,10395000,Mar-26
201,GF,E,D107054,BISP - BISP and RAAST integration,452812.5,0,0,452812.5,Mar-26
201,GF,E,D107055,Raast-BUNA: Implementation,127375975.5,127516423.7,0,254892399.2,Mar-26
201,GF,E,D108002,CCT Program to eradicate Polio,7100000,1000000,0,8100000,Mar-26
201,GF,E,D108005,Mainstreaming,393258.43,0,0,393258.43,Mar-26
201,GF,E,D108006,Disruption and Experimentation: Innovative Solutions for Women's Inclusion,8212026,0,0,8212026,Mar-26
201,GF,E,D108008,"W5: Technical Advisory, Industry/International Expert Engagement, Learning/Networking Events",1826567.88,118967.5,0,1945535.38,Mar-26
201,GF,E,H101001,Bank Charges,251360.06,39059.72,0,290419.78,Mar-26
201,GF,E,H103002,Capacity Building,8452917.03,116922.3,25475.65,8544363.68,Mar-26
201,GF,E,H104001,Travel,376083.2,26537.7,0,402620.9,Mar-26
201,GF,E,H104002,BoD-Travel,-16950,0,0,-16950,Mar-26
201,GF,E,H105001,HR Consultancies & Internships,2290543,251596,0,2542139,Mar-26
201,GF,E,H106001,Electricity,873433,64271,0,937704,Mar-26
201,GF,E,H106002,Telephone & Internet,378659,50011,0,428670,Mar-26
201,GF,E,H106003,Communication reimbursement,1317065.28,158563.27,0,1475628.55,Mar-26
201,GF,E,H106006,Generator Expenses,521753.58,60224,0,581977.58,Mar-26
201,GF,E,H106007,Fuel reimbursement,14077130.96,1618189,0,15695319.96,Mar-26
201,GF,E,H107001,Depreciation Expense - Furnitures and Fixtures,46562.79,5940.11,0,52502.9,Mar-26
201,GF,E,H107002,Depreciation Expense - Office Equipment,13286.25,4246.12,0,17532.37,Mar-26
201,GF,E,H108002,Vehicle Operations,810691.82,81073.35,0,891765.17,Mar-26
201,GF,E,H108003,Vehicle Maintenance,182103,36250,0,218353,Mar-26
201,GF,E,H108004,Vehicle Insurance - Amortization,40458.3,5062.5,0,45520.8,Mar-26
201,GF,E,H109001,Directors - Trainings & Workshops,60000,0,0,60000,Mar-26
201,GF,E,H110002,Health Insurance - Amortization,13442503.03,2168520.11,135373.5,15475649.64,Mar-26
201,GF,E,H113002,Exchange Loss,356527.65,0,0,356527.65,Mar-26
201,GF,E,H115001,Meeting & Conferences,857696.07,85640,0,943336.07,Mar-26
201,GF,E,H116001,Kitchen Supplies,1348682.9,67879.89,0,1416562.79,Mar-26
201,GF,E,H116002,Cleaning Material,90167.5,0,0,90167.5,Mar-26
201,GF,E,H116003,Postage & Courier,41174,9124,0,50298,Mar-26
201,GF,E,H116004,Office Supplies,295259,43934.5,0,339193.5,Mar-26
201,GF,E,H116006,IT Supplies,78666.94,10915,0,89581.94,Mar-26
201,GF,E,H116007,IT - Repair and Maintenance,69381,0,0,69381,Mar-26
201,GF,E,H116008,Printer Monthly Rental and Usage,146369,15505,0,161874,Mar-26
201,GF,E,H117001,Office Rent- Islamabad,11511280,1438910,0,12950190,Mar-26
201,GF,E,H118001,Amortization - Asset and Vehicles Insurance,150498.98,19069.13,0,169568.11,Mar-26
201,GF,E,H119001,Boarding & Lodging,3810654.49,153273.3,0,3963927.79,Mar-26
201,GF,E,H119002,BoD-Boarding & Lodging,510529.8,0,0,510529.8,Mar-26
201,GF,E,H119003,Perdiem,1087334.6,39500,0,1126834.6,Mar-26
201,GF,E,H121002,Stationery Printing,162049,6372,0,168421,Mar-26
201,GF,E,H122004,Legal Charges,799701,241666,60416.5,980950.5,Mar-26
201,GF,E,H122005,Out of Pocket Ext-Audit,177200,0,0,177200,Mar-26
201,GF,E,H122007,Tax Consultancy,506000,503412.5,0,1009412.5,Mar-26
201,GF,E,H123003,Daily Wages,47000,6000,0,53000,Mar-26
201,GF,E,H123005,Staff Training,5079768.37,0,0,5079768.37,Mar-26
201,GF,E,H123006,EOBI Expense,818070,118104,0,936174,Mar-26
201,GF,E,H124001,Office Repair & Maintenance,537346.5,20610,0,557956.5,Mar-26
201,GF,E,H124002,Equipment Repair & Maintenance,-150.5,19800,4800,14849.5,Mar-26
201,GF,E,H125001,Software Annual Support Services,1663928.44,18741.61,0,1682670.05,Mar-26
201,GF,E,H125003,ERP support and maintenance cost,400000,0,0,400000,Mar-26
201,GF,E,H126001,Fee & Subscription,97852.08,20650,0,118502.08,Mar-26
201,GF,E,H126002,Employee Engagement,459469.51,213709.5,14875,658304.01,Mar-26
201,GF,E,H126005,SPOT recognition,382896.05,8000,0,390896.05,Mar-26
201,GF,E,H128001,Guards & Janitorial Services,1487233,157783,0,1645016,Mar-26
201,GF,E,H128002,Corporate and Social Responsibility,0,62000,0,62000,Mar-26
201,GF,E,H129006,Directors & officers liability insurance,1089366.64,135595.83,0,1224962.47,Mar-26
201,GF,E,H129021,Life Insurance - Amortization,935087.75,119986,0,1055073.75,Mar-26
201,GF,E,H130002,Cross-Currency Rounding Account,1.06,0,0.27,0.79,Mar-26
201,GF,E,H130003,Board and Committee Meetings,2731235,1225000,0,3956235,Mar-26
201,GF,E,K102002,Landscape Study of Digital Lending for Small and Medium-Sized Merchants in Urban Pakistan,2100000,3500000,2100000,3500000,Mar-26
201,GF,E,K102003,Alternate Revenue Models for National Payment System,6711975,0,0,6711975,Mar-26
201,GF,E,K102004,Collateral Regime required to optimize EWRF in Pakistan,6339720,0,0,6339720,Mar-26
201,GF,E,K102006,PR Services,1659702.6,55017.6,27508.8,1687211.4,Mar-26
201,GF,E,K102014,Website Maintenance+SEO,975597.46,76241.92,0,1051839.38,Mar-26
201,GF,E,K102015,Digital and Social Media,149707.06,38444.18,0,188151.24,Mar-26
201,GF,E,K102016,Marketing Collateral,621515.34,735350,0,1356865.34,Mar-26
201,GF,E,K102017,SME/CIC Market Visibility and Outreach,31697.75,0,0,31697.75,Mar-26
201,GF,E,K103021,Data Portal 2.0 (BMGF),2177565,1059635.48,0,3237200.48,Mar-26
201,GF,E,K103035,Constant Contact,115787.46,0,0,115787.46,Mar-26
201,GF,E,K103043,Digital Pakistan Conference and Workships/Events/Industry Consultations/Round Tables,2193456.5,0,0,2193456.5,Mar-26
201,GF,E,K103044,"DFS Outreach (videos, publications, photo collections)",408500,30475,0,438975,Mar-26
201,GF,E,K103052,"Engagement with Influencer Platforms/Podcasts (Pakistonomy, Tabadlab, etc.)",21400,164612.75,0,186012.75,Mar-26
201,GF,E,K103053,SBP Campaign - Digital Fraud,0,4862506,0,4862506,Mar-26
201,GF,E,K103061,Improving DFS Adoption Among Women,2510000,0,0,2510000,Mar-26
201,GF,E,K103062,"Editing and Printing of Internal Notes (e.g. Budget, Import Substitution of Agri Commodities, Digitization of Argi Cooperatives)",25750,0,0,25750,Mar-26
201,GF,E,K103065,Knowledge Partnerships BMGF (FAW),2964621.23,525285.37,0,3489906.6,Mar-26
201,GF,E,K103070,Feasibility Study for an E-invoicing platform in Pakistan,1585500.17,0,0,1585500.17,Mar-26
201,GF,E,K103072,RAAST Awareness Campaign,1562250,11676500,0,13238750,Mar-26
201,GF,E,M102001,Third Party Monitoring of Karandaaz Projects,489064.01,0,0,489064.01,Mar-26
201,GF,E,M103001,Assessment of SCF market adoption,3248750,3248750,0,6497500,Mar-26
201,GF,E,M103003,Mid-cycle assessmentof Raast merchant onboarding,1817124,0,0,1817124,Mar-26
201,GF,E,M104004,GrowTech Assessment,0,2598400,0,2598400,Mar-26
201,GF,E,M112001,Assessment of Incentive Scheme Projects,0.5,0,0,0.5,Mar-26
201,GF,E,SS5H100,Staff Salaries,247359093.8,31049652.26,145922.26,278262823.8,Mar-26
201,GF,E,SS5H200,Staff Provident Fund,19897631.45,2436309,0,22333940.45,Mar-26
201,GF,E,SS5H201,Gratuity expense (Staff Salaries),6327527.36,0,0,6327527.36,Mar-26
201,GF,E,SS5H300,Staff Over time,9936,0,0,9936,Mar-26
301,OSR,E,H106003,Communication reimbursement,523,0,0,523,Mar-26
301,OSR,E,H115001,Meeting & Conferences,0,16671.5,0,16671.5,Mar-26
301,OSR,E,H119003,Perdiem,2000,0,0,2000,Mar-26
401,OSR,E,C103002,MBL-SME Loans-Variable Expenses,2423468.64,266023.34,0,2689491.98,Mar-26
401,OSR,E,C103005,MIB-SME Loans-Variable Expenses,14150.84,1740,0,15890.84,Mar-26
401,OSR,E,C103008,Soneri-SME Loans-Variable Expenses,-2552,0,0,-2552,Mar-26
401,OSR,E,C108002,Credit - Pre & post investment cost,782000,0,0,782000,Mar-26
401,OSR,E,C109002,Equity - Pre & post investment cost,1411773,0,0,1411773,Mar-26
401,OSR,E,C110002,GREEN - Pre & post investment cost,808000,0,0,808000,Mar-26
401,OSR,E,H101001,Bank Charges,335017.62,7567.34,121.8,342463.16,Mar-26
401,OSR,E,H103002,Capacity Building,8277917.04,91922.3,25475.65,8344363.69,Mar-26
401,OSR,E,H104001,Travel,499264.3,49284.3,0,548548.6,Mar-26
401,OSR,E,H104002,BoD-Travel,-16950,0,0,-16950,Mar-26
401,OSR,E,H105001,HR Consultancies & Internships,2290543,251596,0,2542139,Mar-26
401,OSR,E,H106001,Electricity,971131,64271,0,1035402,Mar-26
401,OSR,E,H106002,Telephone & Internet,378655,50012,0,428667,Mar-26
401,OSR,E,H106003,Communication reimbursement,1159575.6,214400.2,0,1373975.8,Mar-26
401,OSR,E,H106006,Generator Expenses,607626.92,60224,0,667850.92,Mar-26
401,OSR,E,H106007,Fuel reimbursement,14384657.81,1708776.29,0,16093434.1,Mar-26
401,OSR,E,H107001,Depreciation Expense - Furnitures and Fixtures,36159.43,4612.93,0,40772.36,Mar-26
401,OSR,E,H107002,Depreciation Expense - Office Equipment,231192.93,29493.74,0,260686.67,Mar-26
401,OSR,E,H107004,Depreciation Expense - Computers,1525106,215110.5,0,1740216.5,Mar-26
401,OSR,E,H108002,Vehicle Operations,1338484.68,146167.65,0,1484652.33,Mar-26
401,OSR,E,H108003,Vehicle Maintenance,127463,36250,0,163713,Mar-26
401,OSR,E,H108004,Vehicle Insurance - Amortization,40458.3,5062.5,0,45520.8,Mar-26
401,OSR,E,H109001,Directors - Trainings & Workshops,423711,0,0,423711,Mar-26
401,OSR,E,H110002,Health Insurance - Amortization,8310398.03,1426379.11,135373.5,9601403.64,Mar-26
401,OSR,E,H113001,Exchange Gain,-6517,0,0,-6517,Mar-26
401,OSR,E,H115001,Meeting & Conferences,440845.69,40166.5,0,481012.19,Mar-26
401,OSR,E,H116001,Kitchen Supplies,1348682.87,67879.89,0,1416562.76,Mar-26
401,OSR,E,H116002,Cleaning Material,90167.5,0,0,90167.5,Mar-26
401,OSR,E,H116003,Postage & Courier,41170,9124,0,50294,Mar-26
401,OSR,E,H116004,Office Supplies,293559,43934.5,0,337493.5,Mar-26
401,OSR,E,H116006,IT Supplies,74666.94,10915,0,85581.94,Mar-26
401,OSR,E,H116007,IT - Repair and Maintenance,69381,0,0,69381,Mar-26
401,OSR,E,H116008,Printer Monthly Rental and Usage,146369,15504,0,161873,Mar-26
401,OSR,E,H117001,Office Rent- Islamabad,11511280,1438910,0,12950190,Mar-26
401,OSR,E,H118001,Amortization - Asset and Vehicles Insurance,163234.58,19069.13,0,182303.71,Mar-26
401,OSR,E,H119001,Boarding & Lodging,3915532.12,284707.5,0,4200239.62,Mar-26
401,OSR,E,H119002,BoD-Boarding & Lodging,126663,0,0,126663,Mar-26
401,OSR,E,H119003,Perdiem,1395006.8,46500,0,1441506.8,Mar-26
401,OSR,E,H121002,Stationery Printing,202549,6372,0,208921,Mar-26
401,OSR,E,H122004,Legal Charges,407932.78,0,60416.5,347516.28,Mar-26
401,OSR,E,H122005,Out of Pocket Ext-Audit,177200,0,0,177200,Mar-26
401,OSR,E,H122007,Tax Consultancy,506000,503412.5,0,1009412.5,Mar-26
401,OSR,E,H123003,Daily Wages,47000,6000,0,53000,Mar-26
401,OSR,E,H123005,Staff Training,3632140.38,0,0,3632140.38,Mar-26
401,OSR,E,H123006,EOBI Expense,460650,66156,0,526806,Mar-26
401,OSR,E,H124001,Office Repair & Maintenance,407841.5,20610,0,428451.5,Mar-26
401,OSR,E,H124002,Equipment Repair & Maintenance,-279.5,19800,4800,14720.5,Mar-26
401,OSR,E,H125001,Software Annual Support Services,1844433.06,18741.61,0,1863174.67,Mar-26
401,OSR,E,H125003,ERP support and maintenance cost,400000,0,0,400000,Mar-26
401,OSR,E,H126001,Fee & Subscription,72062.07,20650,0,92712.07,Mar-26
401,OSR,E,H126002,Employee Engagement,459469.51,215509.5,14875,660104.01,Mar-26
401,OSR,E,H126005,SPOT recognition,265806.95,8000,0,273806.95,Mar-26
401,OSR,E,H128001,Guards & Janitorial Services,1487238,157782,0,1645020,Mar-26
401,OSR,E,H128002,Corporate and Social Responsibility,900000,62000,0,962000,Mar-26
401,OSR,E,H129006,Directors & officers liability insurance,1089366.64,135595.83,0,1224962.47,Mar-26
401,OSR,E,H129021,Life Insurance - Amortization,568848.75,67211,0,636059.75,Mar-26
401,OSR,E,H129033,Management fee expense PFSL,17892133.78,0,11600884.15,6291249.63,Mar-26
401,OSR,E,H129037,Brokerage fee and Ancillary charges,807000,0,0,807000,Mar-26
401,OSR,E,H130003,Board and Committee Meetings,3101867,1842000,245000,4698867,Mar-26
401,OSR,E,I109004,Ancillary Cost / Portfolio through PFSL,3869044.07,11600884.15,0,15469928.22,Mar-26
401,OSR,E,I112001,WV: Technical Assistance (BDS),130000,235294,0,365294,Mar-26
401,OSR,E,K102006,PR Services,1659697.6,55017.6,27508.8,1687206.4,Mar-26
401,OSR,E,K102008,Product-Oriented Research on Select Agri Value Chains,1785592.99,194400,0,1979992.99,Mar-26
401,OSR,E,K102014,Website Maintenance+SEO,737090.01,76241.92,0,813331.93,Mar-26
401,OSR,E,K102015,Digital and Social Media,149707.06,38444.18,0,188151.24,Mar-26
401,OSR,E,K102016,Marketing Collateral,621515.34,735350,0,1356865.34,Mar-26
401,OSR,E,K102017,SME/CIC Market Visibility and Outreach,129197.75,0,0,129197.75,Mar-26
401,OSR,E,K102025,ICF Marketing & MEL,1244800,0,0,1244800,Mar-26
401,OSR,E,K102026,"WV - Events, Videos, Briefs",449005.5,0,0,449005.5,Mar-26
401,OSR,E,K103035,Constant Contact,115787.46,0,0,115787.46,Mar-26
401,OSR,E,K103052,"Engagement with Influencer Platforms/Podcasts (Pakistonomy, Tabadlab, etc.)",21400,164612.75,0,186012.75,Mar-26
401,OSR,E,K103055,"Feasibilities of Innovative Climate Change Investments Projects (e.g. Biomass, Commercial Forestry)",1499999.4,0,0,1499999.4,Mar-26
401,OSR,E,K103062,"Editing and Printing of Internal Notes (e.g. Budget, Import Substitution of Agri Commodities, Digitization of Argi Cooperatives)",5050,0,0,5050,Mar-26
401,OSR,E,K103069,Identifying WEE inclusive sectors and opportunities for anchor models,719019.04,0,0,719019.04,Mar-26
401,OSR,E,K103071,Feasibility Study of Investible Green Projects (new),4448775,0,0,4448775,Mar-26
401,OSR,E,M102001,Third Party Monitoring of Karandaaz Projects,2055895.23,1138433.34,0,3194328.57,Mar-26
401,OSR,E,M104008,CIC Assessment,0,2999999.25,0,2999999.25,Mar-26
401,OSR,E,SS5H100,Staff Salaries,171192901.3,21593034.26,274661.26,192511274.3,Mar-26
401,OSR,E,SS5H200,Staff Provident Fund,13404779.55,1770896,0,15175675.55,Mar-26
401,OSR,E,SS5H201,Gratuity expense (Staff Salaries),4244740.89,0,0,4244740.89,Mar-26
401,OSR,E,SS5H300,Staff Over time,9936,0,0,9936,Mar-26
501,N/A,E,C109002,Equity - Pre & post investment cost,241903,0,0,241903,Mar-26
501,N/A,E,C130005,CDC Maintenance Charges,69808,0,0,69808,Mar-26
501,N/A,E,H101001,Bank Charges,4196.78,0,0,4196.78,Mar-26
501,N/A,E,H102001,Amortization of Intangible Assets,6975842,3487921,0,10463763,Mar-26
501,N/A,E,H106002,Telephone & Internet,114020,0,0,114020,Mar-26
501,N/A,E,H106006,Generator Expenses,120448,0,0,120448,Mar-26
501,N/A,E,H107001,Depreciation Expense - Furnitures and Fixtures,5999.61,3679.29,0,9678.9,Mar-26
501,N/A,E,H107002,Depreciation Expense - Office Equipment,188355.74,36371.05,0,224726.79,Mar-26
501,N/A,E,H107003,Depreciation Expense - Vehicles,0,24069.1,0,24069.1,Mar-26
501,N/A,E,H107004,Depreciation Expense - Computers,71228.48,9086.76,0,80315.24,Mar-26
501,N/A,E,H113001,Exchange Gain,-242989.09,0,6503.75,-249492.84,Mar-26
501,N/A,E,H113002,Exchange Loss,2598773.82,408476.46,0,3007250.28,Mar-26
501,N/A,E,H116007,IT - Repair and Maintenance,-4200.5,0,0,-4200.5,Mar-26
501,N/A,E,H116008,Printer Monthly Rental and Usage,40000,0,0,40000,Mar-26
501,N/A,E,H122005,Out of Pocket Ext-Audit,273600,0,0,273600,Mar-26
501,N/A,E,H123005,Staff Training,-1452836,0,0,-1452836,Mar-26
501,N/A,E,H123006,EOBI Expense,150575,0,4679,145896,Mar-26
501,N/A,E,H125002,Annual License fee - Amortization,5545651.68,2712547,0,8258198.68,Mar-26
501,N/A,E,H128002,Corporate and Social Responsibility,0,0,62000,-62000,Mar-26
501,N/A,E,H129035,Modification loss / gain due to change in cashflow on IHV,25850143.12,0,0,25850143.12,Mar-26
501,N/A,E,H129038,Sales tax - Withholding by clients,139000,0,0,139000,Mar-26
501,N/A,E,H130002,Cross-Currency Rounding Account,5.4,124540702.9,124540702.4,5.86,Mar-26
501,N/A,E,H13003D,Dummy account as of June-22,-1955.28,6763814,6763814.01,-1955.29,Mar-26
501,N/A,E,SS5H100,Staff Salaries,-488661.15,0,0,-488661.15,Mar-26
101,FCDO,E,D107011,Company Registry,112658193.8,0,0,112658193.8,Apr-26
101,FCDO,E,D107022,SOC Implementation,33267729.78,0,0,33267729.78,Apr-26
101,FCDO,E,D107023,XBRL Implementation,644495,0,0,644495,Apr-26
101,FCDO,E,H103002,Capacity Building,200000,25000,0,225000,Apr-26
101,FCDO,E,H106003,Communication reimbursement,23138,0,0,23138,Apr-26
101,FCDO,E,H106007,Fuel reimbursement,1380770.29,206240.71,0,1587011,Apr-26
101,FCDO,E,H107001,Depreciation Expense - Furnitures and Fixtures,407534.31,37308.08,0,444842.39,Apr-26
101,FCDO,E,H107002,Depreciation Expense - Office Equipment,156234.32,14160.29,0,170394.61,Apr-26
101,FCDO,E,H107004,Depreciation Expense - Computers,2203864.32,205631.05,0,2409495.37,Apr-26
101,FCDO,E,H107006,Depreciation Expense - Solar Equipment,281131.51,30780.82,0,311912.33,Apr-26
101,FCDO,E,H108003,Vehicle Maintenance,54640,0,0,54640,Apr-26
101,FCDO,E,H110002,Health Insurance - Amortization,766763,94053,0,860816,Apr-26
101,FCDO,E,H115001,Meeting & Conferences,9215.67,0,0,9215.67,Apr-26
101,FCDO,E,H123005,Staff Training,1176012,0,0,1176012,Apr-26
101,FCDO,E,H123006,EOBI Expense,53280,6660,0,59940,Apr-26
101,FCDO,E,H129021,Life Insurance - Amortization,54530,6688,0,61218,Apr-26
101,FCDO,E,I109001,ICF 6 - GCF (Grant),1920000,0,0,1920000,Apr-26
101,FCDO,E,K102006,PR Services,5.01,0,0,5.01,Apr-26
101,FCDO,E,K102014,Website Maintenance+SEO,238507.46,0,0,238507.46,Apr-26
101,FCDO,E,SS5H100,Staff Salaries,19557124,2104045,0,21661169,Apr-26
101,FCDO,E,SS5H200,Staff Provident Fund,1492338,161325,0,1653663,Apr-26
101,FCDO,E,SS5H201,Gratuity expense (Staff Salaries),403635.65,0,0,403635.65,Apr-26
201,GF,E,D103004,DFS - Digital Financial Inclusion for Women,1178000,0,0,1178000,Apr-26
201,GF,E,D103021,Digital Payments,17422500,0,0,17422500,Apr-26
201,GF,E,D106008,"W3: Technical Advisory, Industry/International Expert Engagement, Learning/Networking Events",1947557.75,0,0,1947557.75,Apr-26
201,GF,E,D107003,MPG - Consultant (Mckinsey),123489.29,0,0,123489.29,Apr-26
201,GF,E,D107015,New Accounts Acquisition,11041407,0,0,11041407,Apr-26
201,GF,E,D107017,RAAST Adoption,66274861.62,0,0,66274861.62,Apr-26
201,GF,E,D107018,"W1: Technical Advisory, Industry/Int'l Expert Engagement, Learning/Networking Events",16792628.04,3053200,0,19845828.04,Apr-26
201,GF,E,D107025,"W4: Technical Advisory, Industry/Int'l Expert Engagement, Learning/Networking Events",1711880.37,0,0,1711880.37,Apr-26
201,GF,E,D107026,FIWC - 4 (Account or channel specifIc),3106250,0,0,3106250,Apr-26
201,GF,E,D107028,E-commerce Value Chain Interventions,11687059.5,0,0,11687059.5,Apr-26
201,GF,E,D107029,Sector Transformation - Agri Value Chain Transformation,20779012,0,0,20779012,Apr-26
201,GF,E,D107030,Adoption Projects,50820386.62,19320863.54,0,70141250.16,Apr-26
201,GF,E,D107037,FBR - Digital Invoicing Initiative (Landscape Assessment),615621193.8,0,0,615621193.8,Apr-26
201,GF,E,D107038,DFA-C,8125000,0,0,8125000,Apr-26
201,GF,E,D107039,RAAST S&M,248763107.7,0,469793.94,248293313.7,Apr-26
201,GF,E,D107043,RAAST Implementation Phase,209094039.9,0,0,209094039.9,Apr-26
201,GF,E,D107044,Buna-RAAST Connectivity,159733360,401890.5,803781,159331469.5,Apr-26
201,GF,E,D107046,RAAST Governance,6894420,3596280,0,10490700,Apr-26
201,GF,E,D107049,Cashless Ecosystem,5664000,0,0,5664000,Apr-26
201,GF,E,D107052,FBR - Digitization for Tax System (Stage 2: Project & Change Management ),346344119,10348165,0,356692284,Apr-26
201,GF,E,D107053,FBR - Digitalization for Tax System: Individual Consultant,10395000,0,0,10395000,Apr-26
201,GF,E,D107054,BISP - BISP and RAAST integration,452812.5,0,0,452812.5,Apr-26
201,GF,E,D107055,Raast-BUNA: Implementation,254892399.2,900000,510757.68,255281641.5,Apr-26
201,GF,E,D108002,CCT Program to eradicate Polio,8100000,0,0,8100000,Apr-26
201,GF,E,D108005,Mainstreaming,393258.43,0,0,393258.43,Apr-26
201,GF,E,D108006,Disruption and Experimentation: Innovative Solutions for Women's Inclusion,8212026,3675000,0,11887026,Apr-26
201,GF,E,D108008,"W5: Technical Advisory, Industry/International Expert Engagement, Learning/Networking Events",1945535.38,792000,0,2737535.38,Apr-26
201,GF,E,H101001,Bank Charges,290419.78,90780.57,0,381200.35,Apr-26
201,GF,E,H103002,Capacity Building,8544363.68,36273.4,902.7,8579734.38,Apr-26
201,GF,E,H104001,Travel,402620.9,40410.85,0,443031.75,Apr-26
201,GF,E,H104002,BoD-Travel,-16950,0,0,-16950,Apr-26
201,GF,E,H105001,HR Consultancies & Internships,2542139,286639,0,2828778,Apr-26
201,GF,E,H106001,Electricity,937704,52562,0,990266,Apr-26
201,GF,E,H106002,Telephone & Internet,428670,85225,28498,485397,Apr-26
201,GF,E,H106003,Communication reimbursement,1475628.55,208517.4,0,1684145.95,Apr-26
201,GF,E,H106006,Generator Expenses,581977.58,70097.85,0,652075.43,Apr-26
201,GF,E,H106007,Fuel reimbursement,15695319.96,2009701.72,0,17705021.68,Apr-26
201,GF,E,H107001,Depreciation Expense - Furnitures and Fixtures,52502.9,5748.49,0,58251.39,Apr-26
201,GF,E,H107002,Depreciation Expense - Office Equipment,17532.37,4109.15,0,21641.52,Apr-26
201,GF,E,H108002,Vehicle Operations,891765.17,129960.5,0,1021725.67,Apr-26
201,GF,E,H108003,Vehicle Maintenance,218353,8874,0,227227,Apr-26
201,GF,E,H108004,Vehicle Insurance - Amortization,45520.8,5062.5,0,50583.3,Apr-26
201,GF,E,H109001,Directors - Trainings & Workshops,60000,0,0,60000,Apr-26
201,GF,E,H110002,Health Insurance - Amortization,15475649.64,1683543,0,17159192.64,Apr-26
201,GF,E,H113002,Exchange Loss,356527.65,265792.55,0,622320.2,Apr-26
201,GF,E,H115001,Meeting & Conferences,943336.07,41102.5,0,984438.57,Apr-26
201,GF,E,H116001,Kitchen Supplies,1416562.79,32560,0,1449122.79,Apr-26
201,GF,E,H116002,Cleaning Material,90167.5,0,0,90167.5,Apr-26
201,GF,E,H116003,Postage & Courier,50298,7664,0,57962,Apr-26
201,GF,E,H116004,Office Supplies,339193.5,24891.5,0,364085,Apr-26
201,GF,E,H116006,IT Supplies,89581.94,3750.04,0,93331.98,Apr-26
201,GF,E,H116007,IT - Repair and Maintenance,69381,12862,0,82243,Apr-26
201,GF,E,H116008,Printer Monthly Rental and Usage,161874,15225,1,177098,Apr-26
201,GF,E,H117001,Office Rent- Islamabad,12950190,1438910,0,14389100,Apr-26
201,GF,E,H118001,Amortization - Asset and Vehicles Insurance,169568.11,19069.13,0,188637.24,Apr-26
201,GF,E,H119001,Boarding & Lodging,3963927.79,130700,0,4094627.79,Apr-26
201,GF,E,H119002,BoD-Boarding & Lodging,510529.8,90850,0,601379.8,Apr-26
201,GF,E,H119003,Perdiem,1126834.6,56656,0,1183490.6,Apr-26
201,GF,E,H121002,Stationery Printing,168421,0,0,168421,Apr-26
201,GF,E,H122004,Legal Charges,980950.5,60416.5,0,1041367,Apr-26
201,GF,E,H122005,Out of Pocket Ext-Audit,177200,0,0,177200,Apr-26
201,GF,E,H122007,Tax Consultancy,1009412.5,347875,0,1357287.5,Apr-26
201,GF,E,H123003,Daily Wages,53000,6000,0,59000,Apr-26
201,GF,E,H123005,Staff Training,5079768.37,0,0,5079768.37,Apr-26
201,GF,E,H123006,EOBI Expense,936174,119214,0,1055388,Apr-26
201,GF,E,H124001,Office Repair & Maintenance,557956.5,4920,0,562876.5,Apr-26
201,GF,E,H124002,Equipment Repair & Maintenance,14849.5,0,0,14849.5,Apr-26
201,GF,E,H125001,Software Annual Support Services,1682670.05,0,0,1682670.05,Apr-26
201,GF,E,H125003,ERP support and maintenance cost,400000,0,0,400000,Apr-26
201,GF,E,H126001,Fee & Subscription,118502.08,1750,0,120252.08,Apr-26
201,GF,E,H126002,Employee Engagement,658304.01,208979,0,867283.01,Apr-26
201,GF,E,H126005,SPOT recognition,390896.05,32000,0,422896.05,Apr-26
201,GF,E,H128001,Guards & Janitorial Services,1645016,97798,0,1742814,Apr-26
201,GF,E,H128002,Corporate and Social Responsibility,62000,100000,0,162000,Apr-26
201,GF,E,H129006,Directors & officers liability insurance,1224962.47,135595.83,0,1360558.3,Apr-26
201,GF,E,H129021,Life Insurance - Amortization,1055073.75,119721,0,1174794.75,Apr-26
201,GF,E,H130002,Cross-Currency Rounding Account,0.79,0,0,0.79,Apr-26
201,GF,E,H130003,Board and Committee Meetings,3956235,0,0,3956235,Apr-26
201,GF,E,K102001,KFIS 2026,0,8715000.8,0,8715000.8,Apr-26
201,GF,E,K102002,Landscape Study of Digital Lending for Small and Medium-Sized Merchants in Urban Pakistan,3500000,0,0,3500000,Apr-26
201,GF,E,K102003,Alternate Revenue Models for National Payment System,6711975,0,0,6711975,Apr-26
201,GF,E,K102004,Collateral Regime required to optimize EWRF in Pakistan,6339720,3803832,0,10143552,Apr-26
201,GF,E,K102006,PR Services,1687211.4,476819.2,55017.6,2109013,Apr-26
201,GF,E,K102014,Website Maintenance+SEO,1051839.38,75958.27,0,1127797.65,Apr-26
201,GF,E,K102015,Digital and Social Media,188151.24,74108.22,0,262259.46,Apr-26
201,GF,E,K102016,Marketing Collateral,1356865.34,21830,0,1378695.34,Apr-26
201,GF,E,K102017,SME/CIC Market Visibility and Outreach,31697.75,0,0,31697.75,Apr-26
201,GF,E,K103021,Data Portal 2.0 (BMGF),3237200.48,137758.95,0,3374959.43,Apr-26
201,GF,E,K103035,Constant Contact,115787.46,130858.83,0,246646.29,Apr-26
201,GF,E,K103043,Digital Pakistan Conference and Workships/Events/Industry Consultations/Round Tables,2193456.5,0,0,2193456.5,Apr-26
201,GF,E,K103044,"DFS Outreach (videos, publications, photo collections)",438975,0,0,438975,Apr-26
201,GF,E,K103052,"Engagement with Influencer Platforms/Podcasts (Pakistonomy, Tabadlab, etc.)",186012.75,237752.6,0,423765.35,Apr-26
201,GF,E,K103053,SBP Campaign - Digital Fraud,4862506,5758821,148897,10472430,Apr-26
201,GF,E,K103061,Improving DFS Adoption Among Women,2510000,0,0,2510000,Apr-26
201,GF,E,K103062,"Editing and Printing of Internal Notes (e.g. Budget, Import Substitution of Agri Commodities, Digitization of Argi Cooperatives)",25750,0,0,25750,Apr-26
201,GF,E,K103065,Knowledge Partnerships BMGF (FAW),3489906.6,525285.37,0,4015191.97,Apr-26
201,GF,E,K103070,Feasibility Study for an E-invoicing platform in Pakistan,1585500.17,0,0,1585500.17,Apr-26
201,GF,E,K103072,RAAST Awareness Campaign,13238750,6027697,0,19266447,Apr-26
201,GF,E,M102001,Third Party Monitoring of Karandaaz Projects,489064.01,0,0,489064.01,Apr-26
201,GF,E,M103001,Assessment of SCF market adoption,6497500,3248750,0,9746250,Apr-26
201,GF,E,M103003,Mid-cycle assessmentof Raast merchant onboarding,1817124,1817124.2,0,3634248.2,Apr-26
201,GF,E,M104004,GrowTech Assessment,2598400,0,0,2598400,Apr-26
201,GF,E,M112001,Assessment of Incentive Scheme Projects,0.5,0,0,0.5,Apr-26
201,GF,E,SS5H100,Staff Salaries,278262823.8,29967203,0,308230026.8,Apr-26
201,GF,E,SS5H200,Staff Provident Fund,22333940.45,2463059,0,24796999.45,Apr-26
201,GF,E,SS5H201,Gratuity expense (Staff Salaries),6327527.36,0,0,6327527.36,Apr-26
201,GF,E,SS5H300,Staff Over time,9936,0,0,9936,Apr-26
301,OSR,E,H106003,Communication reimbursement,523,0,0,523,Apr-26
301,OSR,E,H115001,Meeting & Conferences,16671.5,0,0,16671.5,Apr-26
301,OSR,E,H119003,Perdiem,2000,0,0,2000,Apr-26
401,OSR,E,C103002,MBL-SME Loans-Variable Expenses,2689491.98,363614.49,0,3053106.47,Apr-26
401,OSR,E,C103005,MIB-SME Loans-Variable Expenses,15890.84,1740.15,0,17630.99,Apr-26
401,OSR,E,C103006,JSBL-SME Loans-Variable Expenses,0,4000,0,4000,Apr-26
401,OSR,E,C103008,Soneri-SME Loans-Variable Expenses,-2552,0,0,-2552,Apr-26
401,OSR,E,C108002,Credit - Pre & post investment cost,782000,2250632.5,0,3032632.5,Apr-26
401,OSR,E,C109002,Equity - Pre & post investment cost,1411773,0,0,1411773,Apr-26
401,OSR,E,C110002,GREEN - Pre & post investment cost,808000,0,0,808000,Apr-26
401,OSR,E,H101001,Bank Charges,342463.16,18483.73,0,360946.89,Apr-26
401,OSR,E,H103002,Capacity Building,8344363.69,11273.4,902.7,8354734.39,Apr-26
401,OSR,E,H104001,Travel,548548.6,74536.15,0,623084.75,Apr-26
401,OSR,E,H104002,BoD-Travel,-16950,0,0,-16950,Apr-26
401,OSR,E,H105001,HR Consultancies & Internships,2542139,286639,0,2828778,Apr-26
401,OSR,E,H106001,Electricity,1035402,52563,0,1087965,Apr-26
401,OSR,E,H106002,Telephone & Internet,428667,85225,28498,485394,Apr-26
401,OSR,E,H106003,Communication reimbursement,1373975.8,201910.25,0,1575886.05,Apr-26
401,OSR,E,H106006,Generator Expenses,667850.92,78561.15,0,746412.07,Apr-26
401,OSR,E,H106007,Fuel reimbursement,16093434.1,2091961.91,0,18185396.01,Apr-26
401,OSR,E,H107001,Depreciation Expense - Furnitures and Fixtures,40772.36,4464.13,0,45236.49,Apr-26
401,OSR,E,H107002,Depreciation Expense - Office Equipment,260686.67,28542.35,0,289229.02,Apr-26
401,OSR,E,H107004,Depreciation Expense - Computers,1740216.5,208171.52,0,1948388.02,Apr-26
401,OSR,E,H108002,Vehicle Operations,1484652.33,210282.5,0,1694934.83,Apr-26
401,OSR,E,H108003,Vehicle Maintenance,163713,8874,0,172587,Apr-26
401,OSR,E,H108004,Vehicle Insurance - Amortization,45520.8,5062.5,0,50583.3,Apr-26
401,OSR,E,H109001,Directors - Trainings & Workshops,423711,0,0,423711,Apr-26
401,OSR,E,H110002,Health Insurance - Amortization,9601403.64,949932,0,10551335.64,Apr-26
401,OSR,E,H113001,Exchange Gain,-6517,0,0,-6517,Apr-26
401,OSR,E,H115001,Meeting & Conferences,481012.19,25026.5,0,506038.69,Apr-26
401,OSR,E,H116001,Kitchen Supplies,1416562.76,32560,0,1449122.76,Apr-26
401,OSR,E,H116002,Cleaning Material,90167.5,0,0,90167.5,Apr-26
401,OSR,E,H116003,Postage & Courier,50294,7664,0,57958,Apr-26
401,OSR,E,H116004,Office Supplies,337493.5,29891.5,0,367385,Apr-26
401,OSR,E,H116006,IT Supplies,85581.94,3750.04,0,89331.98,Apr-26
401,OSR,E,H116007,IT - Repair and Maintenance,69381,12862,0,82243,Apr-26
401,OSR,E,H116008,Printer Monthly Rental and Usage,161873,15226,0,177099,Apr-26
401,OSR,E,H117001,Office Rent- Islamabad,12950190,1438910,0,14389100,Apr-26
401,OSR,E,H118001,Amortization - Asset and Vehicles Insurance,182303.71,19069.13,0,201372.84,Apr-26
401,OSR,E,H119001,Boarding & Lodging,4200239.62,87000,0,4287239.62,Apr-26
401,OSR,E,H119002,BoD-Boarding & Lodging,126663,51250,0,177913,Apr-26
401,OSR,E,H119003,Perdiem,1441506.8,98656,0,1540162.8,Apr-26
401,OSR,E,H121002,Stationery Printing,208921,0,0,208921,Apr-26
401,OSR,E,H122004,Legal Charges,347516.28,60416.5,0,407932.78,Apr-26
401,OSR,E,H122005,Out of Pocket Ext-Audit,177200,0,0,177200,Apr-26
401,OSR,E,H122007,Tax Consultancy,1009412.5,347875,0,1357287.5,Apr-26
401,OSR,E,H123003,Daily Wages,53000,6000,0,59000,Apr-26
401,OSR,E,H123005,Staff Training,3632140.38,0,0,3632140.38,Apr-26
401,OSR,E,H123006,EOBI Expense,526806,67266,0,594072,Apr-26
401,OSR,E,H124001,Office Repair & Maintenance,428451.5,4920,0,433371.5,Apr-26
401,OSR,E,H124002,Equipment Repair & Maintenance,14720.5,0,0,14720.5,Apr-26
401,OSR,E,H125001,Software Annual Support Services,1863174.67,0,0,1863174.67,Apr-26
401,OSR,E,H125003,ERP support and maintenance cost,400000,0,0,400000,Apr-26
401,OSR,E,H126001,Fee & Subscription,92712.07,1750,0,94462.07,Apr-26
401,OSR,E,H126002,Employee Engagement,660104.01,208979,0,869083.01,Apr-26
401,OSR,E,H126005,SPOT recognition,273806.95,48000,0,321806.95,Apr-26
401,OSR,E,H128001,Guards & Janitorial Services,1645020,262393,0,1907413,Apr-26
401,OSR,E,H128002,Corporate and Social Responsibility,962000,100000,0,1062000,Apr-26
401,OSR,E,H129006,Directors & officers liability insurance,1224962.47,135595.83,0,1360558.3,Apr-26
401,OSR,E,H129009,JSK Feeds - Management Expense,0,1983600,0,1983600,Apr-26
401,OSR,E,H129021,Life Insurance - Amortization,636059.75,67553,0,703612.75,Apr-26
401,OSR,E,H129033,Management fee expense PFSL,6291249.63,4597819,0,10889068.63,Apr-26
401,OSR,E,H129037,Brokerage fee and Ancillary charges,807000,0,0,807000,Apr-26
401,OSR,E,H130003,Board and Committee Meetings,4698867,0,0,4698867,Apr-26
401,OSR,E,I109004,Ancillary Cost / Portfolio through PFSL,15469928.22,817031,0,16286959.22,Apr-26
401,OSR,E,I112001,WV: Technical Assistance (BDS),365294,0,0,365294,Apr-26
401,OSR,E,K102005,Green Economy- Developing Case Studies,0,1520000,0,1520000,Apr-26
401,OSR,E,K102006,PR Services,1687206.4,476819.2,55017.6,2109008,Apr-26
401,OSR,E,K102008,Product-Oriented Research on Select Agri Value Chains,1979992.99,0,0,1979992.99,Apr-26
401,OSR,E,K102014,Website Maintenance+SEO,813331.93,75958.27,0,889290.2,Apr-26
401,OSR,E,K102015,Digital and Social Media,188151.24,74108.22,0,262259.46,Apr-26
401,OSR,E,K102016,Marketing Collateral,1356865.34,21830,0,1378695.34,Apr-26
401,OSR,E,K102017,SME/CIC Market Visibility and Outreach,129197.75,243270,0,372467.75,Apr-26
401,OSR,E,K102025,ICF Marketing & MEL,1244800,477200,0,1722000,Apr-26
401,OSR,E,K102026,"WV - Events, Videos, Briefs",449005.5,0,0,449005.5,Apr-26
401,OSR,E,K103035,Constant Contact,115787.46,130858.83,0,246646.29,Apr-26
401,OSR,E,K103052,"Engagement with Influencer Platforms/Podcasts (Pakistonomy, Tabadlab, etc.)",186012.75,237752.6,0,423765.35,Apr-26
401,OSR,E,K103055,"Feasibilities of Innovative Climate Change Investments Projects (e.g. Biomass, Commercial Forestry)",1499999.4,0,0,1499999.4,Apr-26
401,OSR,E,K103062,"Editing and Printing of Internal Notes (e.g. Budget, Import Substitution of Agri Commodities, Digitization of Argi Cooperatives)",5050,0,0,5050,Apr-26
401,OSR,E,K103069,Identifying WEE inclusive sectors and opportunities for anchor models,719019.04,0,0,719019.04,Apr-26
401,OSR,E,K103071,Feasibility Study of Investible Green Projects (new),4448775,4448775,0,8897550,Apr-26
401,OSR,E,M102001,Third Party Monitoring of Karandaaz Projects,3194328.57,0,0,3194328.57,Apr-26
401,OSR,E,M104008,CIC Assessment,2999999.25,1.15,0,3000000.4,Apr-26
401,OSR,E,SS5H100,Staff Salaries,192511274.3,21943925,0,214455199.3,Apr-26
401,OSR,E,SS5H200,Staff Provident Fund,15175675.55,1809775,0,16985450.55,Apr-26
401,OSR,E,SS5H201,Gratuity expense (Staff Salaries),4244740.89,0,0,4244740.89,Apr-26
401,OSR,E,SS5H300,Staff Over time,9936,0,0,9936,Apr-26
501,N/A,E,C109002,Equity - Pre & post investment cost,241903,0,0,241903,Apr-26
501,N/A,E,C130005,CDC Maintenance Charges,69808,0,0,69808,Apr-26
501,N/A,E,H101001,Bank Charges,4196.78,0,0,4196.78,Apr-26
501,N/A,E,H102001,Amortization of Intangible Assets,10463763,0,0,10463763,Apr-26
501,N/A,E,H106002,Telephone & Internet,114020,0,0,114020,Apr-26
501,N/A,E,H106006,Generator Expenses,120448,0,0,120448,Apr-26
501,N/A,E,H107001,Depreciation Expense - Furnitures and Fixtures,9678.9,4890.25,0,14569.15,Apr-26
501,N/A,E,H107002,Depreciation Expense - Office Equipment,224726.79,36779.89,0,261506.68,Apr-26
501,N/A,E,H107003,Depreciation Expense - Vehicles,24069.1,361036.61,0,385105.71,Apr-26
501,N/A,E,H107004,Depreciation Expense - Computers,80315.24,8793.64,0,89108.88,Apr-26
501,N/A,E,H113001,Exchange Gain,-249492.84,0,206160.59,-455653.43,Apr-26
501,N/A,E,H113002,Exchange Loss,3007250.28,0,0,3007250.28,Apr-26
501,N/A,E,H116007,IT - Repair and Maintenance,-4200.5,0,0,-4200.5,Apr-26
501,N/A,E,H116008,Printer Monthly Rental and Usage,40000,0,0,40000,Apr-26
501,N/A,E,H122005,Out of Pocket Ext-Audit,273600,0,0,273600,Apr-26
501,N/A,E,H123005,Staff Training,-1452836,0,0,-1452836,Apr-26
501,N/A,E,H123006,EOBI Expense,145896,0,1003,144893,Apr-26
501,N/A,E,H125002,Annual License fee - Amortization,8258198.68,783624.43,0,9041823.11,Apr-26
501,N/A,E,H128002,Corporate and Social Responsibility,-62000,0,0,-62000,Apr-26
501,N/A,E,H129035,Modification loss / gain due to change in cashflow on IHV,25850143.12,0,0,25850143.12,Apr-26
501,N/A,E,H129038,Sales tax - Withholding by clients,139000,0,0,139000,Apr-26
501,N/A,E,H130002,Cross-Currency Rounding Account,5.86,90046802.52,90046802,6.38,Apr-26
501,N/A,E,H13003D,Dummy account as of June-22,-1955.29,2033494,2033494.06,-1955.35,Apr-26
501,N/A,E,SS5H100,Staff Salaries,-488661.15,0,0,-488661.15,Apr-26
101,FCDO,E,D107011,Company Registry,112658193.8,0,0,112658193.8,May-26
101,FCDO,E,D107022,SOC Implementation,33267729.78,0,0,33267729.78,May-26
101,FCDO,E,D107023,XBRL Implementation,644495,0,0,644495,May-26
101,FCDO,E,H103002,Capacity Building,225000,25000,0,250000,May-26
101,FCDO,E,H106003,Communication reimbursement,23138,0,0,23138,May-26
101,FCDO,E,H106007,Fuel reimbursement,1587011,253419.78,0,1840430.78,May-26
101,FCDO,E,H107001,Depreciation Expense - Furnitures and Fixtures,444842.39,38551.71,0,483394.1,May-26
101,FCDO,E,H107002,Depreciation Expense - Office Equipment,170394.61,14312.3,0,184706.91,May-26
101,FCDO,E,H107004,Depreciation Expense - Computers,2409495.37,212485.39,0,2621980.76,May-26
101,FCDO,E,H107006,Depreciation Expense - Solar Equipment,311912.33,31806.85,0,343719.18,May-26
101,FCDO,E,H108003,Vehicle Maintenance,54640,0,0,54640,May-26
101,FCDO,E,H110002,Health Insurance - Amortization,860816,102227,0,963043,May-26
101,FCDO,E,H115001,Meeting & Conferences,9215.67,0,0,9215.67,May-26
101,FCDO,E,H123005,Staff Training,1176012,0,0,1176012,May-26
101,FCDO,E,H123006,EOBI Expense,59940,6660,0,66600,May-26
101,FCDO,E,H129021,Life Insurance - Amortization,61218,6688,0,67906,May-26
101,FCDO,E,I109001,ICF 6 - GCF (Grant),1920000,0,0,1920000,May-26
101,FCDO,E,K102006,PR Services,5.01,0,0,5.01,May-26
101,FCDO,E,K102014,Website Maintenance+SEO,238507.46,0,0,238507.46,May-26
101,FCDO,E,SS5H100,Staff Salaries,21661169,2183502,0,23844671,May-26
101,FCDO,E,SS5H200,Staff Provident Fund,1653663,161325,0,1814988,May-26
101,FCDO,E,SS5H201,Gratuity expense (Staff Salaries),403635.65,0,0,403635.65,May-26
201,GF,E,D103004,DFS - Digital Financial Inclusion for Women,1178000,0,0,1178000,May-26
201,GF,E,D103021,Digital Payments,17422500,0,0,17422500,May-26
201,GF,E,D106008,"W3: Technical Advisory, Industry/International Expert Engagement, Learning/Networking Events",1947557.75,0,0,1947557.75,May-26
201,GF,E,D107003,MPG - Consultant (Mckinsey),123489.29,0,0,123489.29,May-26
201,GF,E,D107015,New Accounts Acquisition,11041407,0,0,11041407,May-26
201,GF,E,D107017,RAAST Adoption,66274861.62,7049876,0,73324737.62,May-26
201,GF,E,D107018,"W1: Technical Advisory, Industry/Int'l Expert Engagement, Learning/Networking Events",19845828.04,95493,0,19941321.04,May-26
201,GF,E,D107025,"W4: Technical Advisory, Industry/Int'l Expert Engagement, Learning/Networking Events",1711880.37,20534,0,1732414.37,May-26
201,GF,E,D107026,FIWC - 4 (Account or channel specifIc),3106250,0,0,3106250,May-26
201,GF,E,D107028,E-commerce Value Chain Interventions,11687059.5,0,0,11687059.5,May-26
201,GF,E,D107029,Sector Transformation - Agri Value Chain Transformation,20779012,0,0,20779012,May-26
201,GF,E,D107030,Adoption Projects,70141250.16,0,0,70141250.16,May-26
201,GF,E,D107037,FBR - Digital Invoicing Initiative (Landscape Assessment),615621193.8,0,0,615621193.8,May-26
201,GF,E,D107038,DFA-C,8125000,0,0,8125000,May-26
201,GF,E,D107039,RAAST S&M,248293313.7,0,0,248293313.7,May-26
201,GF,E,D107043,RAAST Implementation Phase,209094039.9,8507370.68,0,217601410.6,May-26
201,GF,E,D107044,Buna-RAAST Connectivity,159331469.5,0,0,159331469.5,May-26
201,GF,E,D107046,RAAST Governance,10490700,498927,0,10989627,May-26
201,GF,E,D107049,Cashless Ecosystem,5664000,0,0,5664000,May-26
201,GF,E,D107052,FBR - Digitization for Tax System (Stage 2: Project & Change Management ),356692284,0,0,356692284,May-26
201,GF,E,D107053,FBR - Digitalization for Tax System: Individual Consultant,10395000,10395000,0,20790000,May-26
201,GF,E,D107054,BISP - BISP and RAAST integration,452812.5,0,0,452812.5,May-26
201,GF,E,D107055,Raast-BUNA: Implementation,255281641.5,0,0,255281641.5,May-26
201,GF,E,D108002,CCT Program to eradicate Polio,8100000,1130000,0,9230000,May-26
201,GF,E,D108005,Mainstreaming,393258.43,0,0,393258.43,May-26
201,GF,E,D108006,Disruption and Experimentation: Innovative Solutions for Women's Inclusion,11887026,6134183,0,18021209,May-26
201,GF,E,D108008,"W5: Technical Advisory, Industry/International Expert Engagement, Learning/Networking Events",2737535.38,0,0,2737535.38,May-26
201,GF,E,H101001,Bank Charges,381200.35,17430.35,0,398630.7,May-26
201,GF,E,H103002,Capacity Building,8579734.38,29562.9,439.95,8608857.33,May-26
201,GF,E,H104001,Travel,443031.75,35127.75,1610,476549.5,May-26
201,GF,E,H104002,BoD-Travel,-16950,0,0,-16950,May-26
201,GF,E,H105001,HR Consultancies & Internships,2828778,284027,0,3112805,May-26
201,GF,E,H106001,Electricity,990266,103523,0,1093789,May-26
201,GF,E,H106002,Telephone & Internet,485397,64405,0,549802,May-26
201,GF,E,H106003,Communication reimbursement,1684145.95,227212.02,0,1911357.97,May-26
201,GF,E,H106006,Generator Expenses,652075.43,93813.5,0,745888.93,May-26
201,GF,E,H106007,Fuel reimbursement,17705021.68,2428545.19,0,20133566.87,May-26
201,GF,E,H107001,Depreciation Expense - Furnitures and Fixtures,58251.39,5940.11,0,64191.5,May-26
201,GF,E,H107002,Depreciation Expense - Office Equipment,21641.52,4246.12,0,25887.64,May-26
201,GF,E,H108002,Vehicle Operations,1021725.67,127248.1,0,1148973.77,May-26
201,GF,E,H108003,Vehicle Maintenance,227227,13450,0,240677,May-26
201,GF,E,H108004,Vehicle Insurance - Amortization,50583.3,5062.5,0,55645.8,May-26
201,GF,E,H109001,Directors - Trainings & Workshops,60000,0,0,60000,May-26
201,GF,E,H110002,Health Insurance - Amortization,17159192.64,1829864,0,18989056.64,May-26
201,GF,E,H113002,Exchange Loss,622320.2,142761.6,0,765081.8,May-26
201,GF,E,H115001,Meeting & Conferences,984438.57,325894.39,0,1310332.96,May-26
201,GF,E,H116001,Kitchen Supplies,1449122.79,76094.36,0,1525217.15,May-26
201,GF,E,H116002,Cleaning Material,90167.5,0,0,90167.5,May-26
201,GF,E,H116003,Postage & Courier,57962,8218,0,66180,May-26
201,GF,E,H116004,Office Supplies,364085,119782.5,0,483867.5,May-26
201,GF,E,H116006,IT Supplies,93331.98,19476,0,112807.98,May-26
201,GF,E,H116007,IT - Repair and Maintenance,82243,47386.4,25580,104049.4,May-26
201,GF,E,H116008,Printer Monthly Rental and Usage,177098,22854,0,199952,May-26
201,GF,E,H117001,Office Rent- Islamabad,14389100,1438910,0,15828010,May-26
201,GF,E,H118001,Amortization - Asset and Vehicles Insurance,188637.24,19069.13,0,207706.37,May-26
201,GF,E,H119001,Boarding & Lodging,4094627.79,15898.75,0,4110526.54,May-26
201,GF,E,H119002,BoD-Boarding & Lodging,601379.8,0,0,601379.8,May-26
201,GF,E,H119003,Perdiem,1183490.6,47132.5,0,1230623.1,May-26
201,GF,E,H121002,Stationery Printing,168421,0,0,168421,May-26
201,GF,E,H122004,Legal Charges,1041367,60416.5,0,1101783.5,May-26
201,GF,E,H122005,Out of Pocket Ext-Audit,177200,0,0,177200,May-26
201,GF,E,H122007,Tax Consultancy,1357287.5,28750,0,1386037.5,May-26
201,GF,E,H123003,Daily Wages,59000,6000,0,65000,May-26
201,GF,E,H123005,Staff Training,5079768.37,0,0,5079768.37,May-26
201,GF,E,H123006,EOBI Expense,1055388,119214,0,1174602,May-26
201,GF,E,H124001,Office Repair & Maintenance,562876.5,26865,0,589741.5,May-26
201,GF,E,H124002,Equipment Repair & Maintenance,14849.5,130225,65250,79824.5,May-26
201,GF,E,H125001,Software Annual Support Services,1682670.05,336584.44,0,2019254.49,May-26
201,GF,E,H125003,ERP support and maintenance cost,400000,0,0,400000,May-26
201,GF,E,H126001,Fee & Subscription,120252.08,6755,0,127007.08,May-26
201,GF,E,H126002,Employee Engagement,867283.01,141731,0,1009014.01,May-26
201,GF,E,H126005,SPOT recognition,422896.05,54400,32000,445296.05,May-26
201,GF,E,H128001,Guards & Janitorial Services,1742814,0,0,1742814,May-26
201,GF,E,H128002,Corporate and Social Responsibility,162000,2400000,100000,2462000,May-26
201,GF,E,H129006,Directors & officers liability insurance,1360558.3,135595.83,0,1496154.13,May-26
201,GF,E,H129021,Life Insurance - Amortization,1174794.75,119721,0,1294515.75,May-26
201,GF,E,H130002,Cross-Currency Rounding Account,0.79,0,0,0.79,May-26
201,GF,E,H130003,Board and Committee Meetings,3956235,0,0,3956235,May-26
201,GF,E,K102001,KFIS 2026,8715000.8,0,0,8715000.8,May-26
201,GF,E,K102002,Landscape Study of Digital Lending for Small and Medium-Sized Merchants in Urban Pakistan,3500000,2100000,0,5600000,May-26
201,GF,E,K102003,Alternate Revenue Models for National Payment System,6711975,6711975,0,13423950,May-26
201,GF,E,K102004,Collateral Regime required to optimize EWRF in Pakistan,10143552,1901916,0,12045468,May-26
201,GF,E,K102006,PR Services,2109013,0,0,2109013,May-26
201,GF,E,K102014,Website Maintenance+SEO,1127797.65,76910.08,0,1204707.73,May-26
201,GF,E,K102015,Digital and Social Media,262259.46,55922.27,123854.5,194327.23,May-26
201,GF,E,K102016,Marketing Collateral,1378695.34,417711.67,0,1796407.01,May-26
201,GF,E,K102017,SME/CIC Market Visibility and Outreach,31697.75,0,0,31697.75,May-26
201,GF,E,K103021,Data Portal 2.0 (BMGF),3374959.43,0,0,3374959.43,May-26
201,GF,E,K103035,Constant Contact,246646.29,0,0,246646.29,May-26
201,GF,E,K103043,Digital Pakistan Conference and Workships/Events/Industry Consultations/Round Tables,2193456.5,0,0,2193456.5,May-26
201,GF,E,K103044,"DFS Outreach (videos, publications, photo collections)",438975,0,0,438975,May-26
201,GF,E,K103052,"Engagement with Influencer Platforms/Podcasts (Pakistonomy, Tabadlab, etc.)",423765.35,137066.5,0,560831.85,May-26
201,GF,E,K103053,SBP Campaign - Digital Fraud,10472430,0,0,10472430,May-26
201,GF,E,K103061,Improving DFS Adoption Among Women,2510000,0,0,2510000,May-26
201,GF,E,K103062,"Editing and Printing of Internal Notes (e.g. Budget, Import Substitution of Agri Commodities, Digitization of Argi Cooperatives)",25750,0,0,25750,May-26
201,GF,E,K103065,Knowledge Partnerships BMGF (FAW),4015191.97,0,0,4015191.97,May-26
201,GF,E,K103070,Feasibility Study for an E-invoicing platform in Pakistan,1585500.17,0,0,1585500.17,May-26
201,GF,E,K103072,RAAST Awareness Campaign,19266447,383381.4,191690.7,19458137.7,May-26
201,GF,E,M102001,Third Party Monitoring of Karandaaz Projects,489064.01,952164.25,208526,1232702.26,May-26
201,GF,E,M103001,Assessment of SCF market adoption,9746250,0,0,9746250,May-26
201,GF,E,M103003,Mid-cycle assessmentof Raast merchant onboarding,3634248.2,1817123.05,0,5451371.25,May-26
201,GF,E,M104004,GrowTech Assessment,2598400,0,0,2598400,May-26
201,GF,E,M112001,Assessment of Incentive Scheme Projects,0.5,0,0,0.5,May-26
201,GF,E,SS5H100,Staff Salaries,308230026.8,29243292,0,337473318.8,May-26
201,GF,E,SS5H200,Staff Provident Fund,24796999.45,2461495,0,27258494.45,May-26
201,GF,E,SS5H201,Gratuity expense (Staff Salaries),6327527.36,0,0,6327527.36,May-26
201,GF,E,SS5H300,Staff Over time,9936,0,0,9936,May-26
301,OSR,E,H106003,Communication reimbursement,523,0,0,523,May-26
301,OSR,E,H115001,Meeting & Conferences,16671.5,0,0,16671.5,May-26
301,OSR,E,H119003,Perdiem,2000,0,0,2000,May-26
401,OSR,E,C103002,MBL-SME Loans-Variable Expenses,3053106.47,433553.37,0,3486659.84,May-26
401,OSR,E,C103005,MIB-SME Loans-Variable Expenses,17630.99,17667.68,0,35298.67,May-26
401,OSR,E,C103006,JSBL-SME Loans-Variable Expenses,4000,0,0,4000,May-26
401,OSR,E,C103008,Soneri-SME Loans-Variable Expenses,-2552,0,0,-2552,May-26
401,OSR,E,C108002,Credit - Pre & post investment cost,3032632.5,0,0,3032632.5,May-26
401,OSR,E,C109002,Equity - Pre & post investment cost,1411773,0,0,1411773,May-26
401,OSR,E,C110002,GREEN - Pre & post investment cost,808000,0,0,808000,May-26
401,OSR,E,H101001,Bank Charges,360946.89,24741.6,0,385688.49,May-26
401,OSR,E,H103002,Capacity Building,8354734.39,4562.9,439.95,8358857.34,May-26
401,OSR,E,H104001,Travel,623084.75,65237.25,2990,685332,May-26
401,OSR,E,H104002,BoD-Travel,-16950,0,0,-16950,May-26
401,OSR,E,H105001,HR Consultancies & Internships,2828778,284027,0,3112805,May-26
401,OSR,E,H106001,Electricity,1087965,103523,0,1191488,May-26
401,OSR,E,H106002,Telephone & Internet,485394,64406,0,549800,May-26
401,OSR,E,H106003,Communication reimbursement,1575886.05,187083.85,0,1762969.9,May-26
401,OSR,E,H106006,Generator Expenses,746412.07,122604.5,0,869016.57,May-26
401,OSR,E,H106007,Fuel reimbursement,18185396.01,2515981.13,0,20701377.14,May-26
401,OSR,E,H107001,Depreciation Expense - Furnitures and Fixtures,45236.49,4612.93,0,49849.42,May-26
401,OSR,E,H107002,Depreciation Expense - Office Equipment,289229.02,36039.33,0,325268.35,May-26
401,OSR,E,H107004,Depreciation Expense - Computers,1948388.02,215110.5,0,2163498.52,May-26
401,OSR,E,H108002,Vehicle Operations,1694934.83,236317.9,0,1931252.73,May-26
401,OSR,E,H108003,Vehicle Maintenance,172587,13450,0,186037,May-26
401,OSR,E,H108004,Vehicle Insurance - Amortization,50583.3,5062.5,0,55645.8,May-26
401,OSR,E,H109001,Directors - Trainings & Workshops,423711,0,0,423711,May-26
401,OSR,E,H110002,Health Insurance - Amortization,10551335.64,1032492,0,11583827.64,May-26
401,OSR,E,H113001,Exchange Gain,-6517,0,0,-6517,May-26
401,OSR,E,H115001,Meeting & Conferences,506038.69,312331.39,0,818370.08,May-26
401,OSR,E,H116001,Kitchen Supplies,1449122.76,76094.37,0,1525217.13,May-26
401,OSR,E,H116002,Cleaning Material,90167.5,0,0,90167.5,May-26
401,OSR,E,H116003,Postage & Courier,57958,8217,0,66175,May-26
401,OSR,E,H116004,Office Supplies,367385,121192.5,0,488577.5,May-26
401,OSR,E,H116006,IT Supplies,89331.98,19476,0,108807.98,May-26
401,OSR,E,H116007,IT - Repair and Maintenance,82243,51089.2,29282.8,104049.4,May-26
401,OSR,E,H116008,Printer Monthly Rental and Usage,177099,22853,0,199952,May-26
401,OSR,E,H117001,Office Rent- Islamabad,14389100,1438910,0,15828010,May-26
401,OSR,E,H118001,Amortization - Asset and Vehicles Insurance,201372.84,19069.13,0,220441.97,May-26
401,OSR,E,H119001,Boarding & Lodging,4287239.62,71898.25,0,4359137.87,May-26
401,OSR,E,H119002,BoD-Boarding & Lodging,177913,0,0,177913,May-26
401,OSR,E,H119003,Perdiem,1540162.8,135132.5,0,1675295.3,May-26
401,OSR,E,H121002,Stationery Printing,208921,0,0,208921,May-26
401,OSR,E,H122004,Legal Charges,407932.78,60416.5,0,468349.28,May-26
401,OSR,E,H122005,Out of Pocket Ext-Audit,177200,0,0,177200,May-26
401,OSR,E,H122007,Tax Consultancy,1357287.5,28750,0,1386037.5,May-26
401,OSR,E,H123003,Daily Wages,59000,6000,0,65000,May-26
401,OSR,E,H123005,Staff Training,3632140.38,0,0,3632140.38,May-26
401,OSR,E,H123006,EOBI Expense,594072,67266,0,661338,May-26
401,OSR,E,H124001,Office Repair & Maintenance,433371.5,26865,0,460236.5,May-26
401,OSR,E,H124002,Equipment Repair & Maintenance,14720.5,130225,65250,79695.5,May-26
401,OSR,E,H125001,Software Annual Support Services,1863174.67,336584.44,0,2199759.11,May-26
401,OSR,E,H125003,ERP support and maintenance cost,400000,0,0,400000,May-26
401,OSR,E,H126001,Fee & Subscription,94462.07,6755,0,101217.07,May-26
401,OSR,E,H126002,Employee Engagement,869083.01,141731,0,1010814.01,May-26
401,OSR,E,H126005,SPOT recognition,321806.95,89600,48000,363406.95,May-26
401,OSR,E,H128001,Guards & Janitorial Services,1907413,166549,0,2073962,May-26
401,OSR,E,H128002,Corporate and Social Responsibility,1062000,2400000,100000,3362000,May-26
401,OSR,E,H129006,Directors & officers liability insurance,1360558.3,135595.83,0,1496154.13,May-26
401,OSR,E,H129009,JSK Feeds - Management Expense,1983600,0,0,1983600,May-26
401,OSR,E,H129021,Life Insurance - Amortization,703612.75,67553,0,771165.75,May-26
401,OSR,E,H129033,Management fee expense PFSL,10889068.63,503130,0,11392198.63,May-26
401,OSR,E,H129037,Brokerage fee and Ancillary charges,807000,0,0,807000,May-26
401,OSR,E,H130003,Board and Committee Meetings,4698867,0,0,4698867,May-26
401,OSR,E,I109004,Ancillary Cost / Portfolio through PFSL,16286959.22,499140,0,16786099.22,May-26
401,OSR,E,I112001,WV: Technical Assistance (BDS),365294,0,0,365294,May-26
401,OSR,E,K102005,Green Economy- Developing Case Studies,1520000,1330000,0,2850000,May-26
401,OSR,E,K102006,PR Services,2109008,0,0,2109008,May-26
401,OSR,E,K102008,Product-Oriented Research on Select Agri Value Chains,1979992.99,345977.75,260000,2065970.74,May-26
401,OSR,E,K102014,Website Maintenance+SEO,889290.2,76910.08,0,966200.28,May-26
401,OSR,E,K102015,Digital and Social Media,262259.46,55922.27,123854.5,194327.23,May-26
401,OSR,E,K102016,Marketing Collateral,1378695.34,388711.33,0,1767406.67,May-26
401,OSR,E,K102017,SME/CIC Market Visibility and Outreach,372467.75,684250,0,1056717.75,May-26
401,OSR,E,K102025,ICF Marketing & MEL,1722000,0,0,1722000,May-26
401,OSR,E,K102026,"WV - Events, Videos, Briefs",449005.5,0,0,449005.5,May-26
401,OSR,E,K103035,Constant Contact,246646.29,0,0,246646.29,May-26
401,OSR,E,K103052,"Engagement with Influencer Platforms/Podcasts (Pakistonomy, Tabadlab, etc.)",423765.35,137066.5,0,560831.85,May-26
401,OSR,E,K103055,"Feasibilities of Innovative Climate Change Investments Projects (e.g. Biomass, Commercial Forestry)",1499999.4,0,0,1499999.4,May-26
401,OSR,E,K103062,"Editing and Printing of Internal Notes (e.g. Budget, Import Substitution of Agri Commodities, Digitization of Argi Cooperatives)",5050,0,0,5050,May-26
401,OSR,E,K103069,Identifying WEE inclusive sectors and opportunities for anchor models,719019.04,0,0,719019.04,May-26
401,OSR,E,K103071,Feasibility Study of Investible Green Projects (new),8897550,4448775,0,13346325,May-26
401,OSR,E,M102001,Third Party Monitoring of Karandaaz Projects,3194328.57,952164.25,208526,3937966.82,May-26
401,OSR,E,M104008,CIC Assessment,3000000.4,0,0,3000000.4,May-26
401,OSR,E,SS5H100,Staff Salaries,214455199.3,21365421,0,235820620.3,May-26
401,OSR,E,SS5H200,Staff Provident Fund,16985450.55,1808211,0,18793661.55,May-26
401,OSR,E,SS5H201,Gratuity expense (Staff Salaries),4244740.89,0,0,4244740.89,May-26
401,OSR,E,SS5H300,Staff Over time,9936,0,0,9936,May-26
501,N/A,E,C109002,Equity - Pre & post investment cost,241903,68483,0,310386,May-26
501,N/A,E,C130005,CDC Maintenance Charges,69808,0,0,69808,May-26
501,N/A,E,H101001,Bank Charges,4196.78,0,0,4196.78,May-26
501,N/A,E,H102001,Amortization of Intangible Assets,10463763,0,0,10463763,May-26
501,N/A,E,H106002,Telephone & Internet,114020,0,0,114020,May-26
501,N/A,E,H106006,Generator Expenses,120448,0,0,120448,May-26
501,N/A,E,H107001,Depreciation Expense - Furnitures and Fixtures,14569.15,5053.26,0,19622.41,May-26
501,N/A,E,H107002,Depreciation Expense - Office Equipment,261506.68,38005.87,0,299512.55,May-26
501,N/A,E,H107003,Depreciation Expense - Vehicles,385105.71,373071.16,0,758176.87,May-26
501,N/A,E,H107004,Depreciation Expense - Computers,89108.88,9086.76,0,98195.64,May-26
501,N/A,E,H113001,Exchange Gain,-455653.43,0,0,-455653.43,May-26
501,N/A,E,H113002,Exchange Loss,3007250.28,0,0,3007250.28,May-26
501,N/A,E,H116007,IT - Repair and Maintenance,-4200.5,0,0,-4200.5,May-26
501,N/A,E,H116008,Printer Monthly Rental and Usage,40000,0,0,40000,May-26
501,N/A,E,H122005,Out of Pocket Ext-Audit,273600,0,0,273600,May-26
501,N/A,E,H123005,Staff Training,-1452836,0,0,-1452836,May-26
501,N/A,E,H123006,EOBI Expense,144893,0,822,144071,May-26
501,N/A,E,H125002,Annual License fee - Amortization,9041823.11,0,0,9041823.11,May-26
501,N/A,E,H128002,Corporate and Social Responsibility,-62000,0,0,-62000,May-26
501,N/A,E,H129035,Modification loss / gain due to change in cashflow on IHV,25850143.12,0,0,25850143.12,May-26
501,N/A,E,H129038,Sales tax - Withholding by clients,139000,0,0,139000,May-26
501,N/A,E,H130002,Cross-Currency Rounding Account,6.38,44991009.4,44991009,6.78,May-26
501,N/A,E,H13003D,Dummy account as of June-22,-1955.35,90016070,90016070.02,-1955.37,May-26
501,N/A,E,SS5H100,Staff Salaries,-488661.15,0,0,-488661.15,May-26
101,FCDO,E,D107011,Company Registry,112658193.8,10654269.04,3220.91,123309242,Jun-26
101,FCDO,E,D107022,SOC Implementation,33267729.78,18482072.12,0,51749801.9,Jun-26
101,FCDO,E,D107023,XBRL Implementation,644495,0,0,644495,Jun-26
101,FCDO,E,H103002,Capacity Building,250000,25000,0,275000,Jun-26
101,FCDO,E,H106003,Communication reimbursement,23138,127412,0,150550,Jun-26
101,FCDO,E,H106007,Fuel reimbursement,1840430.78,493181.63,0,2333612.41,Jun-26
101,FCDO,E,H107001,Depreciation Expense - Furnitures and Fixtures,483394.1,35836.14,0,519230.24,Jun-26
101,FCDO,E,H107002,Depreciation Expense - Office Equipment,184706.91,9187.99,0,193894.9,Jun-26
101,FCDO,E,H107004,Depreciation Expense - Computers,2621980.76,132097.01,0,2754077.77,Jun-26
101,FCDO,E,H107006,Depreciation Expense - Solar Equipment,343719.18,30780.82,0,374500,Jun-26
101,FCDO,E,H108003,Vehicle Maintenance,54640,0,0,54640,Jun-26
101,FCDO,E,H110002,Health Insurance - Amortization,963043,101065,0,1064108,Jun-26
101,FCDO,E,H115001,Meeting & Conferences,9215.67,0,0,9215.67,Jun-26
101,FCDO,E,H123005,Staff Training,1176012,-870926.99,0,305085.01,Jun-26
101,FCDO,E,H123006,EOBI Expense,66600,6660,0,73260,Jun-26
101,FCDO,E,H129021,Life Insurance - Amortization,67906,6612,0,74518,Jun-26
101,FCDO,E,I109001,ICF 6 - GCF (Grant),1920000,0,0,1920000,Jun-26
101,FCDO,E,K102006,PR Services,5.01,0,0,5.01,Jun-26
101,FCDO,E,K102014,Website Maintenance+SEO,238507.46,0,0,238507.46,Jun-26
101,FCDO,E,SS5H100,Staff Salaries,23844671,1965142,0,25809813,Jun-26
101,FCDO,E,SS5H200,Staff Provident Fund,1814988,161325,0,1976313,Jun-26
101,FCDO,E,SS5H201,Gratuity expense (Staff Salaries),403635.65,0,0,403635.65,Jun-26
101,FCDO,E,SS5H600,Performance payout,0,2972056.94,0,2972056.94,Jun-26
201,GF,E,D103004,DFS - Digital Financial Inclusion for Women,1178000,0,0,1178000,Jun-26
201,GF,E,D103021,Digital Payments,17422500,9350930,0,26773430,Jun-26
201,GF,E,D105015,Pilot to scale,0,4096276,0,4096276,Jun-26
201,GF,E,D106008,"W3: Technical Advisory, Industry/International Expert Engagement, Learning/Networking Events",1947557.75,16039,0,1963596.75,Jun-26
201,GF,E,D107003,MPG - Consultant (Mckinsey),123489.29,0,0,123489.29,Jun-26
201,GF,E,D107015,New Accounts Acquisition,11041407,14862606,0,25904013,Jun-26
201,GF,E,D107017,RAAST Adoption,73324737.62,19293646,207625.37,92410758.25,Jun-26
201,GF,E,D107018,"W1: Technical Advisory, Industry/Int'l Expert Engagement, Learning/Networking Events",19941321.04,2612333.38,0,22553654.42,Jun-26
201,GF,E,D107025,"W4: Technical Advisory, Industry/Int'l Expert Engagement, Learning/Networking Events",1732414.37,229125.56,0,1961539.93,Jun-26
201,GF,E,D107026,FIWC - 4 (Account or channel specifIc),3106250,3937500,0,7043750,Jun-26
201,GF,E,D107028,E-commerce Value Chain Interventions,11687059.5,35855560,0,47542619.5,Jun-26
201,GF,E,D107029,Sector Transformation - Agri Value Chain Transformation,20779012,26730053,0,47509065,Jun-26
201,GF,E,D107030,Adoption Projects,70141250.16,53927977,0,124069227.2,Jun-26
201,GF,E,D107037,FBR - Digital Invoicing Initiative (Landscape Assessment),615621193.8,37688339,0,653309532.8,Jun-26
201,GF,E,D107038,DFA-C,8125000,0,0,8125000,Jun-26
201,GF,E,D107039,RAAST S&M,248293313.7,0,0,248293313.7,Jun-26
201,GF,E,D107043,RAAST Implementation Phase,217601410.6,74659215.88,93282.2,292167344.2,Jun-26
201,GF,E,D107044,Buna-RAAST Connectivity,159331469.5,127832160,0,287163629.5,Jun-26
201,GF,E,D107046,RAAST Governance,10989627,0,0,10989627,Jun-26
201,GF,E,D107049,Cashless Ecosystem,5664000,8352000,2304000,11712000,Jun-26
201,GF,E,D107052,FBR - Digitization for Tax System (Stage 2: Project & Change Management ),356692284,24053685,0,380745969,Jun-26
201,GF,E,D107053,FBR - Digitalization for Tax System: Individual Consultant,20790000,5197500,0,25987500,Jun-26
201,GF,E,D107054,BISP - BISP and RAAST integration,452812.5,0,0,452812.5,Jun-26
201,GF,E,D107055,Raast-BUNA: Implementation,255281641.5,206508976.9,0,461790618.4,Jun-26
201,GF,E,D108002,CCT Program to eradicate Polio,9230000,1130000,0,10360000,Jun-26
201,GF,E,D108005,Mainstreaming,393258.43,0,0,393258.43,Jun-26
201,GF,E,D108006,Disruption and Experimentation: Innovative Solutions for Women's Inclusion,18021209,26123417.59,0,44144626.59,Jun-26
201,GF,E,D108008,"W5: Technical Advisory, Industry/International Expert Engagement, Learning/Networking Events",2737535.38,2882807.5,0,5620342.88,Jun-26
201,GF,E,H101001,Bank Charges,398630.7,25645.16,0,424275.86,Jun-26
201,GF,E,H103002,Capacity Building,8608857.33,652656.69,0,9261514.02,Jun-26
201,GF,E,H104001,Travel,476549.5,3740340,2000000,2216889.5,Jun-26
201,GF,E,H104002,BoD-Travel,-16950,0,0,-16950,Jun-26
201,GF,E,H105001,HR Consultancies & Internships,3112805,391534,9090,3495249,Jun-26
201,GF,E,H106001,Electricity,1093789,148565,0,1242354,Jun-26
201,GF,E,H106002,Telephone & Internet,549802,116760,0,666562,Jun-26
201,GF,E,H106003,Communication reimbursement,1911357.97,868554.51,0,2779912.48,Jun-26
201,GF,E,H106006,Generator Expenses,745888.93,143245.4,0,889134.33,Jun-26
201,GF,E,H106007,Fuel reimbursement,20133566.87,5006394.74,1829648,23310313.61,Jun-26
201,GF,E,H107001,Depreciation Expense - Furnitures and Fixtures,64191.5,5748.5,0,69940,Jun-26
201,GF,E,H107002,Depreciation Expense - Office Equipment,25887.64,4109.16,0,29996.8,Jun-26
201,GF,E,H108002,Vehicle Operations,1148973.77,303500,0,1452473.77,Jun-26
201,GF,E,H108003,Vehicle Maintenance,240677,307600.75,0,548277.75,Jun-26
201,GF,E,H108004,Vehicle Insurance - Amortization,55645.8,41283,0,96928.8,Jun-26
201,GF,E,H109001,Directors - Trainings & Workshops,60000,0,0,60000,Jun-26
201,GF,E,H110002,Health Insurance - Amortization,18989056.64,1809070,0,20798126.64,Jun-26
201,GF,E,H113002,Exchange Loss,765081.8,17911779.1,0,18676860.9,Jun-26
201,GF,E,H115001,Meeting & Conferences,1310332.96,292314.25,0,1602647.21,Jun-26
201,GF,E,H116001,Kitchen Supplies,1525217.15,148248.52,27339.69,1646125.98,Jun-26
201,GF,E,H116002,Cleaning Material,90167.5,0,0,90167.5,Jun-26
201,GF,E,H116003,Postage & Courier,66180,16780,1000,81960,Jun-26
201,GF,E,H116004,Office Supplies,483867.5,205010.25,0,688877.75,Jun-26
201,GF,E,H116006,IT Supplies,112807.98,22650,0,135457.98,Jun-26
201,GF,E,H116007,IT - Repair and Maintenance,104049.4,141019.86,2288.07,242781.19,Jun-26
201,GF,E,H116008,Printer Monthly Rental and Usage,199952,42062,0,242014,Jun-26
201,GF,E,H117001,Office Rent- Islamabad,15828010,2877820,1438910,17266920,Jun-26
201,GF,E,H118001,Amortization - Asset and Vehicles Insurance,207706.37,38138.13,19069.13,226775.37,Jun-26
201,GF,E,H119001,Boarding & Lodging,4110526.54,1432954,815400,4728080.54,Jun-26
201,GF,E,H119002,BoD-Boarding & Lodging,601379.8,4730080.18,0,5331459.98,Jun-26
201,GF,E,H119003,Perdiem,1230623.1,142518.5,0,1373141.6,Jun-26
201,GF,E,H121002,Stationery Printing,168421,0,0,168421,Jun-26
201,GF,E,H122002,External Audit,0,2211001.5,0,2211001.5,Jun-26
201,GF,E,H122004,Legal Charges,1101783.5,60416.5,0,1162200,Jun-26
201,GF,E,H122005,Out of Pocket Ext-Audit,177200,0,0,177200,Jun-26
201,GF,E,H122007,Tax Consultancy,1386037.5,28750,0,1414787.5,Jun-26
201,GF,E,H122010,External Audit Fee - Group Audits,0,2757760,0,2757760,Jun-26
201,GF,E,H123003,Daily Wages,65000,12000,0,77000,Jun-26
201,GF,E,H123005,Staff Training,5079768.37,-6348554.08,0,-1268785.71,Jun-26
201,GF,E,H123006,EOBI Expense,1174602,119214,0,1293816,Jun-26
201,GF,E,H124001,Office Repair & Maintenance,589741.5,1273428.5,750000,1113170,Jun-26
201,GF,E,H124002,Equipment Repair & Maintenance,79824.5,150000,150000,79824.5,Jun-26
201,GF,E,H125001,Software Annual Support Services,2019254.49,350347.31,0,2369601.8,Jun-26
201,GF,E,H125003,ERP support and maintenance cost,400000,1386000,0,1786000,Jun-26
201,GF,E,H126001,Fee & Subscription,127007.08,27179,0,154186.08,Jun-26
201,GF,E,H126002,Employee Engagement,1009014.01,76265.5,0,1085279.51,Jun-26
201,GF,E,H126005,SPOT recognition,445296.05,126400,0,571696.05,Jun-26
201,GF,E,H128001,Guards & Janitorial Services,1742814,334908,0,2077722,Jun-26
201,GF,E,H128002,Corporate and Social Responsibility,2462000,362500,0,2824500,Jun-26
201,GF,E,H129006,Directors & officers liability insurance,1496154.13,135595.83,0,1631749.96,Jun-26
201,GF,E,H129021,Life Insurance - Amortization,1294515.75,118359,0,1412874.75,Jun-26
201,GF,E,H130002,Cross-Currency Rounding Account,0.79,0,0,0.79,Jun-26
201,GF,E,H130003,Board and Committee Meetings,3956235,1775500,0,5731735,Jun-26
201,GF,E,K102001,KFIS 2026,8715000.8,9895000,0,18610000.8,Jun-26
201,GF,E,K102002,Landscape Study of Digital Lending for Small and Medium-Sized Merchants in Urban Pakistan,5600000,1452500,0,7052500,Jun-26
201,GF,E,K102003,Alternate Revenue Models for National Payment System,13423950,6711975,0,20135925,Jun-26
201,GF,E,K102004,Collateral Regime required to optimize EWRF in Pakistan,12045468,633972,0,12679440,Jun-26
201,GF,E,K102006,PR Services,2109013,907785.3,513492.5,2503305.8,Jun-26
201,GF,E,K102008,Product-Oriented Research on Select Agri Value Chains,0,1539544,0,1539544,Jun-26
201,GF,E,K102014,Website Maintenance+SEO,1204707.73,76870.06,0,1281577.79,Jun-26
201,GF,E,K102015,Digital and Social Media,194327.23,11799.61,0,206126.84,Jun-26
201,GF,E,K102016,Marketing Collateral,1796407.01,0,5700.67,1790706.34,Jun-26
201,GF,E,K102017,SME/CIC Market Visibility and Outreach,31697.75,0,0,31697.75,Jun-26
201,GF,E,K103021,Data Portal 2.0 (BMGF),3374959.43,921876.95,0,4296836.38,Jun-26
201,GF,E,K103035,Constant Contact,246646.29,0,0,246646.29,Jun-26
201,GF,E,K103043,Digital Pakistan Conference and Workships/Events/Industry Consultations/Round Tables,2193456.5,0,0,2193456.5,Jun-26
201,GF,E,K103044,"DFS Outreach (videos, publications, photo collections)",438975,655500,0,1094475,Jun-26
201,GF,E,K103052,"Engagement with Influencer Platforms/Podcasts (Pakistonomy, Tabadlab, etc.)",560831.85,572588.5,0,1133420.35,Jun-26
201,GF,E,K103053,SBP Campaign - Digital Fraud,10472430,4241179,0,14713609,Jun-26
201,GF,E,K103061,Improving DFS Adoption Among Women,2510000,0,0,2510000,Jun-26
201,GF,E,K103062,"Editing and Printing of Internal Notes (e.g. Budget, Import Substitution of Agri Commodities, Digitization of Argi Cooperatives)",25750,0,0,25750,Jun-26
201,GF,E,K103065,Knowledge Partnerships BMGF (FAW),4015191.97,0,0,4015191.97,Jun-26
201,GF,E,K103070,Feasibility Study for an E-invoicing platform in Pakistan,1585500.17,1894565,0,3480065.17,Jun-26
201,GF,E,K103072,RAAST Awareness Campaign,19458137.7,8110697,0,27568834.7,Jun-26
201,GF,E,M102001,Third Party Monitoring of Karandaaz Projects,1232702.26,2140108.1,14994.38,3357815.98,Jun-26
201,GF,E,M103001,Assessment of SCF market adoption,9746250,3248750,0,12995000,Jun-26
201,GF,E,M103003,Mid-cycle assessmentof Raast merchant onboarding,5451371.25,1817123.75,0,7268495,Jun-26
201,GF,E,M104004,GrowTech Assessment,2598400,3897600,0,6496000,Jun-26
201,GF,E,M112001,Assessment of Incentive Scheme Projects,0.5,0,0,0.5,Jun-26
201,GF,E,SS5H100,Staff Salaries,337473318.8,28973101,0,366446419.8,Jun-26
201,GF,E,SS5H200,Staff Provident Fund,27258494.45,2461495,0,29719989.45,Jun-26
201,GF,E,SS5H201,Gratuity expense (Staff Salaries),6327527.36,-1091751.58,0,5235775.78,Jun-26
201,GF,E,SS5H300,Staff Over time,9936,0,0,9936,Jun-26
201,GF,E,SS5H600,Performance payout,0,66088842.74,0,66088842.74,Jun-26
301,OSR,E,H106003,Communication reimbursement,523,0,0,523,Jun-26
301,OSR,E,H115001,Meeting & Conferences,16671.5,0,0,16671.5,Jun-26
301,OSR,E,H119003,Perdiem,2000,0,0,2000,Jun-26
401,OSR,E,C103002,MBL-SME Loans-Variable Expenses,3486659.84,493579.26,0,3980239.1,Jun-26
401,OSR,E,C103005,MIB-SME Loans-Variable Expenses,35298.67,0,14187.68,21110.99,Jun-26
401,OSR,E,C103006,JSBL-SME Loans-Variable Expenses,4000,0,0,4000,Jun-26
401,OSR,E,C103008,Soneri-SME Loans-Variable Expenses,-2552,0,0,-2552,Jun-26
401,OSR,E,C108002,Credit - Pre & post investment cost,3032632.5,0,0,3032632.5,Jun-26
401,OSR,E,C109002,Equity - Pre & post investment cost,1411773,0,0,1411773,Jun-26
401,OSR,E,C110002,GREEN - Pre & post investment cost,808000,0,0,808000,Jun-26
401,OSR,E,H101001,Bank Charges,385688.49,30350.04,0,416038.53,Jun-26
401,OSR,E,H103002,Capacity Building,8358857.34,627656.69,0,8986514.03,Jun-26
401,OSR,E,H104001,Travel,685332,2761486.46,2000000,1446818.46,Jun-26
401,OSR,E,H104002,BoD-Travel,-16950,0,0,-16950,Jun-26
401,OSR,E,H105001,HR Consultancies & Internships,3112805,391534,9090,3495249,Jun-26
401,OSR,E,H106001,Electricity,1191488,148565,0,1340053,Jun-26
401,OSR,E,H106002,Telephone & Internet,549800,116760,0,666560,Jun-26
401,OSR,E,H106003,Communication reimbursement,1762969.9,552723.85,0,2315693.75,Jun-26
401,OSR,E,H106006,Generator Expenses,869016.57,159343.6,0,1028360.17,Jun-26
401,OSR,E,H106007,Fuel reimbursement,20701377.14,5354990.2,1829648,24226719.34,Jun-26
401,OSR,E,H107001,Depreciation Expense - Furnitures and Fixtures,49849.42,4464.18,0,54313.6,Jun-26
401,OSR,E,H107002,Depreciation Expense - Office Equipment,325268.35,35555.64,0,360823.99,Jun-26
401,OSR,E,H107004,Depreciation Expense - Computers,2163498.52,208171.81,0,2371670.33,Jun-26
401,OSR,E,H107005,Depreciation Expense - ROUA,0,33392180,0,33392180,Jun-26
401,OSR,E,H108002,Vehicle Operations,1931252.73,455366,0,2386618.73,Jun-26
401,OSR,E,H108003,Vehicle Maintenance,186037,307600.75,0,493637.75,Jun-26
401,OSR,E,H108004,Vehicle Insurance - Amortization,55645.8,41283,0,96928.8,Jun-26
401,OSR,E,H109001,Directors - Trainings & Workshops,423711,0,0,423711,Jun-26
401,OSR,E,H110002,Health Insurance - Amortization,11583827.64,1054448,0,12638275.64,Jun-26
401,OSR,E,H113001,Exchange Gain,-6517,0,0,-6517,Jun-26
401,OSR,E,H115001,Meeting & Conferences,818370.08,264306,0,1082676.08,Jun-26
401,OSR,E,H116001,Kitchen Supplies,1525217.13,148249,27340.16,1646125.97,Jun-26
401,OSR,E,H116002,Cleaning Material,90167.5,0,0,90167.5,Jun-26
401,OSR,E,H116003,Postage & Courier,66175,16781,1000,81956,Jun-26
401,OSR,E,H116004,Office Supplies,488577.5,205010.25,0,693587.75,Jun-26
401,OSR,E,H116006,IT Supplies,108807.98,22650,0,131457.98,Jun-26
401,OSR,E,H116007,IT - Repair and Maintenance,104049.4,138731.78,0,242781.18,Jun-26
401,OSR,E,H116008,Printer Monthly Rental and Usage,199952,42062,0,242014,Jun-26
401,OSR,E,H117001,Office Rent- Islamabad,15828010,2877820,35972750,-17266920,Jun-26
401,OSR,E,H118001,Amortization - Asset and Vehicles Insurance,220441.97,38138.13,19069.13,239510.97,Jun-26
401,OSR,E,H119001,Boarding & Lodging,4359137.87,1803242,815400,5346979.87,Jun-26
401,OSR,E,H119002,BoD-Boarding & Lodging,177913,892027.18,0,1069940.18,Jun-26
401,OSR,E,H119003,Perdiem,1675295.3,184518.5,0,1859813.8,Jun-26
401,OSR,E,H121002,Stationery Printing,208921,0,0,208921,Jun-26
401,OSR,E,H122002,External Audit,0,2211001.5,0,2211001.5,Jun-26
401,OSR,E,H122004,Legal Charges,468349.28,422915.5,0,891264.78,Jun-26
401,OSR,E,H122005,Out of Pocket Ext-Audit,177200,0,0,177200,Jun-26
401,OSR,E,H122007,Tax Consultancy,1386037.5,28750,0,1414787.5,Jun-26
401,OSR,E,H122010,External Audit Fee - Group Audits,0,2757760,0,2757760,Jun-26
401,OSR,E,H123003,Daily Wages,65000,12000,0,77000,Jun-26
401,OSR,E,H123005,Staff Training,3632140.38,-7003696.15,0,-3371555.77,Jun-26
401,OSR,E,H123006,EOBI Expense,661338,69486,0,730824,Jun-26
401,OSR,E,H124001,Office Repair & Maintenance,460236.5,1273428.5,750000,983665,Jun-26
401,OSR,E,H124002,Equipment Repair & Maintenance,79695.5,150000,150000,79695.5,Jun-26
401,OSR,E,H125001,Software Annual Support Services,2199759.11,350347.31,0,2550106.42,Jun-26
401,OSR,E,H125003,ERP support and maintenance cost,400000,1386000,0,1786000,Jun-26
401,OSR,E,H126001,Fee & Subscription,101217.07,0,0,101217.07,Jun-26
401,OSR,E,H126002,Employee Engagement,1010814.01,97798,0,1108612.01,Jun-26
401,OSR,E,H126005,SPOT recognition,363406.95,193600,0,557006.95,Jun-26
401,OSR,E,H128001,Guards & Janitorial Services,2073962,334912,0,2408874,Jun-26
401,OSR,E,H128002,Corporate and Social Responsibility,3362000,362500,0,3724500,Jun-26
401,OSR,E,H129006,Directors & officers liability insurance,1496154.13,135595.83,0,1631749.96,Jun-26
401,OSR,E,H129009,JSK Feeds - Management Expense,1983600,0,0,1983600,Jun-26
401,OSR,E,H129018,Finance Cost on Lease Liability,0,7806833,0,7806833,Jun-26
401,OSR,E,H129021,Life Insurance - Amortization,771165.75,68989,0,840154.75,Jun-26
401,OSR,E,H129033,Management fee expense PFSL,11392198.63,548430,0,11940628.63,Jun-26
401,OSR,E,H129037,Brokerage fee and Ancillary charges,807000,0,0,807000,Jun-26
401,OSR,E,H130003,Board and Committee Meetings,4698867,2268500,0,6967367,Jun-26
401,OSR,E,I109004,Ancillary Cost / Portfolio through PFSL,16786099.22,295108,7277239.65,9803967.57,Jun-26
401,OSR,E,I112001,WV: Technical Assistance (BDS),365294,0,0,365294,Jun-26
401,OSR,E,K102005,Green Economy- Developing Case Studies,2850000,570000,0,3420000,Jun-26
401,OSR,E,K102006,PR Services,2109008,907785.3,513492.5,2503300.8,Jun-26
401,OSR,E,K102008,Product-Oriented Research on Select Agri Value Chains,2065970.74,156000,0,2221970.74,Jun-26
401,OSR,E,K102014,Website Maintenance+SEO,966200.28,76870.06,0,1043070.34,Jun-26
401,OSR,E,K102015,Digital and Social Media,194327.23,11799.61,0,206126.84,Jun-26
401,OSR,E,K102016,Marketing Collateral,1767406.67,0,5700.33,1761706.34,Jun-26
401,OSR,E,K102017,SME/CIC Market Visibility and Outreach,1056717.75,1270750,0,2327467.75,Jun-26
401,OSR,E,K102025,ICF Marketing & MEL,1722000,1525000,0,3247000,Jun-26
401,OSR,E,K102026,"WV - Events, Videos, Briefs",449005.5,1728706,0,2177711.5,Jun-26
401,OSR,E,K103035,Constant Contact,246646.29,0,0,246646.29,Jun-26
401,OSR,E,K103052,"Engagement with Influencer Platforms/Podcasts (Pakistonomy, Tabadlab, etc.)",560831.85,572588.5,0,1133420.35,Jun-26
401,OSR,E,K103055,"Feasibilities of Innovative Climate Change Investments Projects (e.g. Biomass, Commercial Forestry)",1499999.4,0,0,1499999.4,Jun-26
401,OSR,E,K103062,"Editing and Printing of Internal Notes (e.g. Budget, Import Substitution of Agri Commodities, Digitization of Argi Cooperatives)",5050,0,0,5050,Jun-26
401,OSR,E,K103069,Identifying WEE inclusive sectors and opportunities for anchor models,719019.04,0,0,719019.04,Jun-26
401,OSR,E,K103071,Feasibility Study of Investible Green Projects (new),13346325,1482925,0,14829250,Jun-26
401,OSR,E,M102001,Third Party Monitoring of Karandaaz Projects,3937966.82,2133100.11,14994.38,6056072.55,Jun-26
401,OSR,E,M104008,CIC Assessment,3000000.4,4000000,0,7000000.4,Jun-26
401,OSR,E,SS5H100,Staff Salaries,235820620.3,22680591,0,258501211.3,Jun-26
401,OSR,E,SS5H200,Staff Provident Fund,18793661.55,1823211,0,20616872.55,Jun-26
401,OSR,E,SS5H201,Gratuity expense (Staff Salaries),4244740.89,-632298.76,0,3612442.13,Jun-26
401,OSR,E,SS5H300,Staff Over time,9936,0,0,9936,Jun-26
401,OSR,E,SS5H600,Performance payout,0,35673160.02,0,35673160.02,Jun-26
501,N/A,E,C109002,Equity - Pre & post investment cost,310386,31022,0,341408,Jun-26
501,N/A,E,C130005,CDC Maintenance Charges,69808,0,0,69808,Jun-26
501,N/A,E,H101001,Bank Charges,4196.78,0,0,4196.78,Jun-26
501,N/A,E,H102001,Amortization of Intangible Assets,10463763,3487921,0,13951684,Jun-26
501,N/A,E,H106002,Telephone & Internet,114020,0,0,114020,Jun-26
501,N/A,E,H106006,Generator Expenses,120448,0,0,120448,Jun-26
501,N/A,E,H107001,Depreciation Expense - Furnitures and Fixtures,19622.41,4890.21,0,24512.62,Jun-26
501,N/A,E,H107002,Depreciation Expense - Office Equipment,299512.55,43408.43,0,342920.98,Jun-26
501,N/A,E,H107003,Depreciation Expense - Vehicles,758176.87,361036.59,0,1119213.46,Jun-26
501,N/A,E,H107004,Depreciation Expense - Computers,98195.64,8793.66,0,106989.3,Jun-26
501,N/A,E,H113001,Exchange Gain,-455653.43,0,39511515.94,-39967169.37,Jun-26
501,N/A,E,H113002,Exchange Loss,3007250.28,42386528,0,45393778.28,Jun-26
501,N/A,E,H116007,IT - Repair and Maintenance,-4200.5,0,0,-4200.5,Jun-26
501,N/A,E,H116008,Printer Monthly Rental and Usage,40000,0,0,40000,Jun-26
501,N/A,E,H122005,Out of Pocket Ext-Audit,273600,0,0,273600,Jun-26
501,N/A,E,H123005,Staff Training,-1452836,0,0,-1452836,Jun-26
501,N/A,E,H123006,EOBI Expense,144071,0,0,144071,Jun-26
501,N/A,E,H125002,Annual License fee - Amortization,9041823.11,0,0,9041823.11,Jun-26
501,N/A,E,H128002,Corporate and Social Responsibility,-62000,1225000,0,1163000,Jun-26
501,N/A,E,H129019,Loss on below market rate loans - PFSL,0,11321701.56,0,11321701.56,Jun-26
501,N/A,E,H129022,Unwinding of Interest on loan to BF Biosciences,0,0,29540467.79,-29540467.79,Jun-26
501,N/A,E,H129024,Unwinding of Interest on loans through PFSL,0,0,76395245,-76395245,Jun-26
501,N/A,E,H129025,Modification loss on below Market loans - PFSL,0,22633461.27,0,22633461.27,Jun-26
501,N/A,E,H129033,Management fee expense PFSL,0,2508660,0,2508660,Jun-26
501,N/A,E,H129034,Modification loss / gain on BFBL,0,1193196.57,0,1193196.57,Jun-26
501,N/A,E,H129035,Modification loss / gain due to change in cashflow on IHV,25850143.12,0,0,25850143.12,Jun-26
501,N/A,E,H129036,Modification loss on KRN convertible loans,0,28777992.95,11001850.56,17776142.39,Jun-26
501,N/A,E,H129038,Sales tax - Withholding by clients,139000,0,0,139000,Jun-26
501,N/A,E,H130002,Cross-Currency Rounding Account,6.78,6568139,6568138.55,7.23,Jun-26
501,N/A,E,H13003D,Dummy account as of June-22,-1955.37,3075232261,3075232261,-1955.2,Jun-26
501,N/A,E,SS5H100,Staff Salaries,-488661.15,0,0,-488661.15,Jun-26
